,,,,,,,,,,,,
Prilog 4- Ugovorni troškovnik- TRIBE INŽENJERING d.o.o.,,,,,,,,,,,,
31.03.2025.,,,,,,,,,,,,
,,,,,,,,,,,,
Kaufland Hrvatska k.d.,,,,,,,,,,,,
"Donje svetice 14 10000 Zagreb, Hrvatska",,,,,,,,,,,,
Broj telefona: 0994344287,,,,,,,,,,,,
,,,,,,,,,,,,
Projekt: Osijek-Retfala,,,,,,,,,,,,
"Gradilište: Svilajska ul., 31000 Osijek",,,,,,,,,,,,
,,,,,,,,,,,,
,,,,,,,,,,,,
,,,,,,,,,,,,
,,Ukupni neto iznos,,,,,,,413287.99,,,
,,Popust,0%,,,,,,0,,,
,,Ukupni iznos s popustom,,,,,,,413287.99,,,
,,Zakonska stopa PDV-a,0%,,,,,,0,,,
,,Ukupni bruto iznos,,,,,,,413287.99,,,
,,Gotovinski popust/Rok u danima,0%,0,,,,,0,,,
,,Ukupni bruto iznos (s gotovinskim popustom),,,,,,,413287.99,,,
,,,,,,,,,,,,
,,,,,,,,,,,,
Kod,Vrsta,Kratki opis,Dugi opis,Količina,Jedinica,Jedinična cijena,Ukupno,Stopa PDV-a,Ukupni bruto iznos,bidderInputLabels,,
,,,,,,,,,,,,
200,,Građevinski i niskogradnja,,,,,0,,0,,,
201,,Oprema gradilišta,,,,,1634.6,,1634.6,,,
201.000,,Opći uvjeti i napomene,,,,,0,,0,,,
,,ZTV - Dodatni tehnički uvjeti ugovora,"1.) Dodatni ugovoreni tehnički uvjeti dio su troškovnika te u slučaju ugovaranja postaju dio ugovora. Izvođač radova se dakle obavezuje na sve radove i primjene koje proizlaze iz ovih uvjeta te su one uračunate u cijenu, ukoliko nisu zasebno ponuđene.

2.) Cijene stavki se prikazuju kao neto iznos u državnoj valuti. Važeći zakonski propisani porez na dodanu vrijednost obračunava se zasebno.

3.) U slučaju proturječnosti dodatnih ugovorenih tehničkih uvjeta vrijede prvenstveno podaci iz troškovnika. U slučaju proturječnosti između troškovnika i tehničke dokumentacije koja se predaje prilikom natječaja, vrijedi tehnička dokumentacija.

4.) Prije početka davanja ponude, ponuditelj je dužan pažljivo pročitati kompletan tekst općih uvjeta uz troškovnik, općih i posebnih uvjeta uz svaku grupu radova, tekst samog troškovnika i ostale dijelove tehničke dokumentacije. Ako opis bilo koje stavke u troškovniku dovodi do sumnje o načinu izvedbe ili upotrebu gradiva zahtijevane kvalitete, treba prije predaje ponude zatražiti pojašnjenje od ovlaštene osobe Investitora. Naknadno pozivanje na manjkavost ili nepoznavanje projektno-tehničke dokumentacije ili opisa u troškovniku neće se uzeti u obzir, niti smatrati razlogom za produženje roka izvedbe, a niti će se priznati bilo kakva razlika u cijeni s tog naslova.

5.) Tehnička dokumentacija koja se predaje prilikom natječaja informativnog je karaktera, a ponuđač je dužan u svom trošku izvršiti kontrolu projektno tehničke dokumentacije u smislu točnosti, tehničke ispravnosti, izvedivosti i međusobne usklađenosti. Sve eventualne primjedbe ponuditelj/izvoditelj dužan je pravovremeno uz ponudu, a u svakom slučaju prije izvedbe u pisanom obliku dostaviti Nadzoru i Naručitelju

6.) Ponuditelj je dužan provesti i kontrolu lokacije na licu mjesta prije davanja ponude. Jedinične cijene za pojedine vrste radova sadrže i sve one posredne troškove koji nisu iskazani u troškovniku, ali su neminovni za izvršenje radova predviđenih projektom.

7.) Organizacija gradilišta uračunata je u cijenu, ukoliko nije ponuđena kao zasebna stavka.

8.) Dizalice za podizanje, skele, strojevi, alati, pomoćna sredstva i konstrukcije uzeti su u obzir te su uračunati u jediničnu cijenu.

9.) Skele za radove na fasadi i radove na krovu predmet su ovog natječaja. Ponuditelj smije koristiti postojeće skele uz poštivanje sigurnosnih uvjeta i na vlastitu odgovornost. Preinake na skelama nisu dozvoljene te se one moraju predati u ispravnom stanju u kojem su i preuzete.

10.) Kompletnu režiju gradilišta usigurava i rješava ponuditelj/izvođač i i uključena je u jediničnu cijenu.

11.) Ponuditelj je obvezan redovno prikupljati i ,pravilno skladištiti i odvoziti na ovlašteni deponij sve otpadne materijale, ostatke, krhotine, građevinski otpad, ambalaže, obični otpad i slično o vlastitom trošku. Kod odlaganja otpada potrebno je pridržavati se svih javnopravnih uputa i propisa.

12.) Onečišćenja koja uslijed radova nastaju na susjednim terenima, zgradama, putovima, cestama, trgovima i slično, izvođač radova treba svakodnevno čistiti.

13.) Izvođač preuzima odgovornost za osiguravanje, skladištenje i spremanje vlastite građevinske opreme, strojeva, uređaja, alata i slično. Jednako vrijedi i za građevinske materijale, elemente i za ugradnju određenih uređaja i objekata sve do primopredaje obavljenih građevinskih radova.

14.) Prilikom izvođenja radova, izvoditelj treba zaštititi sve susjedne plohe, dijelove konstrukcije i prethodno izvedene radove na prikladan način a u skladu sa pravilima zaštite na radu, tako da ne dođe do oštećenja istih. Troškove zaštite treba izvoditelj ukalkulirati u ponudbenu cijenu izvođenja radova. Ukoliko ipak dođe do oštećenja prethodno izvedenih radova za koje je odgovoran izvoditelj ili njegov kooperant, dužan je iste o svom trošku dovesti u stanje prije oštećenja ili naručiti iste radove kod drugog izvoditelja na svoj teret.

15.) Sve potrebne mjere prema javnopravnim uputama i propisima za sigurnost i zaštitu zdravlja trebaju se uzeti u obzir te ih se treba pridržavati prilikom izvođenja radova.

16.) Prilikom davanja ponude i izvođenja radova treba se uzeti u obzir, uračunati i pridržavati se
- svih državnih i javnopravnih zakona, smjernica i propisa
- svih odgovarajućih tehničkih standarda, pravila i smjernica
- općeprihvaćenih pravila tehnike
- uputa, propisa i napomena proizvođača za ugradnju i obradu
- Kauflandovih građevinskih opisa, ugovorenih uvjeta i ostalih Kauflandovih dokumenata i planova.

17.) Stavke troškovnika obuhvačaju konačno dovršenje radova definiranih po količini i kvaliteti, onosno podrazumijevaju se kao gotove, potpune i funkcionirajuće, uklj. sve potrebne male dijelove i sredstva za pričvršćivanje, pomoćne materijale i sredstva, podkonstrukcije itd., kao i sve dodatne i posebne usluge - čak i kada one nisu detaljno opisane.

18.) Ako su treće stranke uključene u izvođenje predradnji, izvođač radova ih treba provjeravati. U slučaju nepravilnosti ili prigovora pravovremeno treba informirati naručitelja, tako da može tehnički i organizacijski dovršiti poslove.

19.) Obavezno se treba pridržavati svih Kauflandovih proizvodnih uputa, osim ako postoje opravdani razlozi za odstupanje (npr. dostupnost). U tom slučaju izvođač treba ponuditi istovjetni proizvod ili sustav te potvrditi istovjetnost. O njoj odlučuje naručitelj.

20.) Sustavi se izvode isključivo pomoću komponenata koje su predviđene od strane proizvođača sustava.

21.) Svi materijali, građevinski elementi i uređaji koji neposredno utječu na izgled i funkcionalnost prije ugradnje se trebaju provjeriti. Ugrađuju se tek nakon što naručitelj ili ovlaštena osoba odobri ugradnju na gradilištu. O vrsti i obliku uzorka odlučuje naručitelj.

22.) Ako nije drukčije propisano, izmjene postojećih projektnih rješenja od strane ponuditelja/izvođača a koje utječu na mehaničku stabilnost, ponuditelj/izvođač je dužan u svom trošku ishoditi sve suglasnosti, dozvole i sl.
Projekt izvedenog stanja ukalkulirati u jedničnu cijenu te dostaviti Kauflandu u pisanom i digitalnom obliku.

23.) Svi radovi na objektu te primjenjeni sistemi gradnje moraju biti izvedeni prema pravilu struke, odnosnu u granicama dopuštenih tolerancija.

24.) Ukoliko je ugovoreni termin izvršenja objekta uključen i zimski odnosno ljetni period, to se neće posebno izvođaču priznavati na ime naknade za rad pri niskoj temperaturi, zaštita konstrukcija od hladnoće i vrućine, te atmosferskih nepogoda, sve mora biti uključeno u jediničnu cijenu. Za vrijeme zime objekat se mora zaštititi. Svi eventualni smrznuti dijelovi moraju se ukloniti i izvesti ponovo bez bilo kakve naplate. Ukoliko je temperatura niža od temperature pri kojoj je dozvoljen dotični rad, a Investitor ipak traži da se radi, Izvođač si ima pravo zaračunati naknadu po normi 6,006 ali u tom slučaju Izvođač snosi punu odgovornost za ispravnost i kvalitetu rada. To isto vrijedi i za zaštitu radova tokom ljeta od prebrzog sušenja uslijed visoke temperature.

25.) U jediničnu cijenu rada izvođač treba obuhvatiti i slijedeće radove, koji se neće zasebno platiti kao naknadni rad, čak i ako nisu izričito navedenei u troškovniku:
- sve vrste transporta građevinskih materijala, elemenata, uređaja, objekata itd. do mjesta ugradnje
- potrebne i uobičajene pripreme i predobrade tla
- sve vrste bušenja, zavarivanja, lijepljenja, malih dijelova, sredstava za pričvršćivanje, međupoložaja, izolacije, brtvljenja, folija, spojeva itd. koje su potrebne za priključak, montažu i pričvršćivanje građevinskih dijelova i elemenata
- stručna priprema i priključak na sve okolne dijelove, ugradbene i nadgradne elemente i propuste
- sve izrade kutova, spojnih površina i elemenata, završnih elemenata, slobodnih krajeva itd.
- sve podloge za montažu, priključak i pričvršćivanje kao što su beton, zidani elementi, čelik, aluminij, limovi, gips karton, itd.
- potrebne spojne, kose i okrugle rezove te ostatke rezanja
- Izrada otvora i proreza za instalacije i ugradbene elemente drugih izvođača
- interno povezivanje kablovima i priključak objekata, dovod prema električnim trošilima na gradilištu od strane elektro izvođača",,,,,,,,,
,,Dodatne opće informacije,"Ukoliko unutar opisa stavke nije navedeno drukčije, jediničnom cijenom obuhvatiti i:
- Proizvodnju odnosno dostavu
- Sastavljanje odnosno montažu
- Priključak
- Pripravnost i održavanje tijekom cijelog perioda izvođenja radova ili tijekom trajanja pojedine mjere
- Rastavljanje nakon završetka građevinske ili pojedine mjere, nakon što više nema potrebe ili nakon naredbe naručitelja
- Odvoz odnosno odlaganje
- sanitarni kontejner",,,,,,,,,
201.010,,Opći objekt na gradilištu,,,,,0,,0,,,
201.010.00100,,- Općenita organizacija gradilišta,"Općenita organizacija gradilišta za sve radove koje su navedene u ovom troškovniku ili samo za one koje se odnose na izvođača, tijekom cijelog trajanja građevinskih radova do primopredaje, sastoji se od:
- Pripreme i izrade potrebnih pristupnih puteva unutar gradilišta i na spoju sa postojećom infrastrukturom, skladišnih površina i površina za postavljanje kontejnera na gradilištu
- Osiguravanja pristupa i izlaza s gradilišta, ishođenja svih potrebnih javnopravnih dozvola i realizacije odgovarajućih mjera i propisa
- Uređaja, kranova, dizala, alata i pomoćnih sredstava, itd. koji su potrebni za izvođenje radova izvođača i podizvođača.
- Skela, dizalica, radnih platformi, itd. koji su potrebni za izvođenje radova izvođača i podizvođača - ukoliko nisu zasebno navedeni u opisu stavke
- Čišćenja prometnih putova na terenu, javnih prometnica i pješačkih putova na terenu od nečistoća odnosno onečišćenja koje proizlaze iz radova, svakodnevno ili po potrebi
- Sigurnosnih prometnih mjera, pogotovo na prometnim putovima na terenu, javnim prometnicama i pješačkim putovima na terenu, uklj. čišćenje snijega
- Dnevnih smještaja, sanitarnih čvorova, kontejnera za skladištenje radnog materijala i alata za izvođača i njegove podizvođače
- Uklanjanje oštećenja koje nastaje tijekom izvođenja radova na susjednim ili javnim terenima, cestama, pješačkim putovima, itd.
- pribavljanja i pripreme dodatnih površina za organizaciju gradilišta koje će se nakon završetka radova ponovo vratiti u prvotno stanje - ukoliko površine koje je pripremio naručitelj nisu dovoljne
- Svih sigurnosnih mjera koje su potrebne prema državnim zakonskim propisima, kao što su pregrade, zaštite od propadanja ili pada, kako bi se osigurala opasna područja
- Izrade stepenica za hitne slučajeve, platforma, itd., kako bi se osigurao siguran pristup svim područjima na gradilištu
- Imenovanja voditelja gradilišta i osobe odgovorne za sigurnost na radu u skladu s državnim zakonskim propisima za sve usluge naručitelja i njegovih podizvođača
- Mjera za sprječavanje nezgoda na terenu, susjednim terenima, javnim prometnicama i putovima za kupce
- Oprema za prvu pomoć u skladu s javnopravnim propisima za naručitelja i sve njegove podizvođače te za treće stranke i naručitelja
- dodatne usluge i mjere koje su potrebne prema državnim zakonskim propisima i javnopravnim uputama
- Planiranje i provedba mogućih potrebnih mjera za sprječavanje buke",1,paušal,0,0,0%,0,,0,
201.020,,Opskrba strujom i vodom na gradilištu,,,,0,1634.6,,1634.6,,,
201.020.00100,,- mrežno napajanje,"Potpuno spreman sustav opskrbe struje na gradilištu koji se sastoji od:
- Priključni ormar
- Ormara s brojilom
- Razvodi struje za gradilište (minimalno 6 x 16A/230V, 2 x 16A/400V, 1 x 32A/400V)
- Priključnih vodova
uklj. usklađivanje s distributerima, mrežne i priključne troškove, potrošnju i redovne tehničke provjere.
Izvedba u vanjskim prostorima s 2 komada, u unutarnjim prostorima na svakom katu na maksimalnoj udaljenosti od 50 m na vanjskom zidu te za opskrbu kontejnera.
Priključak na javnu mrežu s maksimalnim razmakom od 50 m počevši od granice terena.",1,paušal,0,0,0%,0,,0,
201.020.00110,,- gradilišna vodoopskrba,"Potpuno spreman sustav opskrbe vode na gradilištu koji se sastoji od:
- Brojila za vodu
- Mjesta za crpljenje
- Priključnih vodova
uklj. usklađivanje s distributerima, mrežne i priključne troškove te potrošnju.
Izvedba u vanjskim i unutarnjim prostorima s po 2 komada kao i za opskrbu kontejnera.
Priključak na javnu mrežu s maksimalnim razmakom od 10 m počevši od granice terena.",1,paušal,1634.6,1634.6,0%,1634.6,,0,
204,,Posebni temelj,,,,0,38615.36,,38615.36,,,
204.000,,Prethodne napomene,,,,0,0,,0,,,
,,ZTV - Dodatni tehnički uvjeti ugovora,"1.) Dodatni ugovoreni tehnički uvjeti su dio opisa usluga te u slučaju narudžbe postaju dio ugovora. Izvođač radova se dakle obavezuje na sve usluge i primjene koje proizlaze iz ovih uvjeta te su one uračunate u cijenu, ukoliko nisu zasebno ponuđene.

2.) Usluge se prikazuju kao neto iznos u državnoj valuti. Važeći zakonski propisani porez na dodanu vrijednost obračunava se zasebno.

3.) U slučaju proturječnosti dodatnih ugovorenih tehničkih uvjeta vrijede prvenstveno podaci iz popisa usluga. U slučaju proturječnosti između popisa usluga i planske dokumentacije koja se predaje prilikom natječaja, vrijedi planska dokumentacija.

4.) Ponuditelj se prije izdavanja ponude detaljno informirao o građevinskim zadaćama koje treba izvesti, ukoliko su povezane s ponuđenim i planiranim uslugama, tako da na temelju popisa usluga nema nikakvih nejasnoća kod obračuna. Naknadne reklamacije koje proizlaze iz nepoznavanja natječajne dokumentacije neće se uvažavati.

5.) Planovi i u njima navedeni objekti koji se izdaju prilikom natječaja služe za informaciju. Ta dokumentacija ponuditelja ne oslobađa od obveze za vlastitim pribavljanjem svih potrebnih informacija za određivanje cijene detaljnim pregledavanjem planskih dokumenata.

6.) Ponuditelj je posjetio lokacije kako bi procijenio sve potrebne usluge. Svi vidljivi uvjeti koji utječu na formiranje cijene uzeti su u obzir prilikom određivanja jedinične cijene.

7.) Organizacija gradilišta za vlastite potrebe uračunata je u cijenu, ukoliko nije ponuđena kao zasebna stavka.

8.) Sve potrebne naprave za podizanje, skele, strojevi, alati, pomoćna sredstva i konstrukcije uzeti su u obzir te su uračunati u cijenu.

9.) Skele za radove na fasadi i radove na krovu predmet su ovog natječaja. Ponuditelj smije koristiti postojeće skele uz poštivanje sigurnosnih uvjeta i na vlastitu odgovornost. Preinake na skelama nisu dozvoljene te se one moraju predati u ispravnom stanju u kojem su i preuzete.

10.) Struju i vodu na gradilištu osigurava odjeljak za organizaciju gradilišta od mjesta distribucije odnosno crpljenja za sve ostale usluge i radove.

11.) Ponuditelj je obvezan redovno prikupljati i pravilno odložiti sve otpadne materijale, ostatke, krhotine, građevinski otpad, ambalaže, obični otpad i slično o vlastitom trošku. Kod odlaganja otpada potrebno je pridržavati se svih javnopravnih uputa i propisa.

12.) Onečišćenja koja uslijed radova nastaju na susjednim terenima, zgradama, putovima, cestama, trgovima i slično, izvođač radova svakodnevno treba očistiti.

13.) Izvođač preuzima odgovornost za osiguravanje, skladištenje i spremanje vlastitih građevinskih naprava, strojeva, uređaja, alata i slično. Jednako vrijedi i za građevinske materijale, elemente i za ugradnju određenih uređaja i objekata sve do primopredaje obavljenih građevinskih usluga.

14.) Građevinski i konstrukcijski elementi se prilikom izvođenja radova odgovarajućim mjerama trebaju zaštititi od onečišćenja i oštećenja. Jednako tako i izvođač treba zaštititi vlastite usluge sve do primopredaje obavljenih građevinskih usluga.

15.) Sve potrebne mjere prema javnopravnim uputama i propisima za sigurnost i zaštitu zdravlja trebaju se uzeti u obzir te ih se treba pridržavati prilikom izvođenja radova.

16.) Prilikom izdavanja ponude i izvođenja radova treba se uzeti u obzir, uračunati i pridržavati se
- svih državnih i javnopravnih zakona, smjernica i propisa
- svih odgovarajućih tehničkih standarda, pravila i smjernica
- općeprihvaćenih pravila tehnike
- uputa, propisa i napomena proizvođača za ugradnju i obradu
- Kauflandovih građevinskih opisa, ugovorenih uvjeta i ostalih Kauflandovih dokumenata i planova
.

17.) Navedene usluge podrazumijevaju se kao gotove, potpune i funkcionirajuće, uklj. sve potrebne male dijelove i sredstva za pričvršćivanje, pomoćne materijale i sredstva, podkonstrukcije itd., kao i sve dodatne i posebne usluge - čak i kada one nisu detaljno opisane.

18.) Ako su treće stranke uključene u izvođenje predradnji, izvođač radova ih treba provjeravati. U slučaju nepravilnosti ili prigovora pravovremeno treba informirati naručitelja, tako da može tehnički i organizacijski dovršiti poslove.

19.) Obavezno se treba pridržavati svih Kauflandovih proizvodnih uputa, osim ako postoje opravdani razlozi za odstupanje (npr. dostupnost). U tom slučaju izvođač treba ponuditi istovjetni proizvod ili sustav te potvrditi istovjetnost. O njoj odlučuje naručitelj.

20.) Sustavi se izvode isključivo pomoću komponenata koje su predviđene od strane proizvođača sustava.

21.) Svi materijali, građevinski elementi i uređaji koji neposredno utječu na izgled i funkcionalnost prije ugradnje se trebaju provjeriti. Ugrađuju se tek nakon što naručitelj ili ovlaštena osoba odobri ugradnju na gradilištu. O vrsti i obliku predloška odlučuje naručitelj.

22.) Ukoliko nisu ponuđene kao posebne stavke, troškovi za projektiranje usluga trebaju se uračunati u cijene pojedinih radova. Opseg projektiranja ovisno o radnji i potrebi može uključivati lokalno mjerenje, statičke proračune, planiranje radova, proizvodnje, detalja i montaže na temelju Kauflandovih podataka i izradu revizijskih dokumenata.

23.) Sve konstrukcije, načini gradnje i sustavi moraju biti izvedeni tako da mogu prihvatiti odnosno kompenzirati uobičajene i dozvoljene tolerancije u pripremnim radovima odnosno u tlu.

24.) Otežane okolnosti koje su uvjetovane godišnjim dobom ili vremenskim uvjetima i koje se u normalnim uvjetima trebaju uzeti u obzir, ne predstavljaju opravdan razlog za dodatne troškove ili produženje rokova izvođenja. U slučaju dvojbe izvođač mora dokazati prisutnost izvanrednih okolnosti.

25.) Ovisno o gradilištu i uslugama potrebno je uzeti u obzir i uračunati sljedeće primjene i usluge, čak i ako nisu izričito navedene u popisu usluga:
- sve vrste transporta građevinskih materijala, elemenata, uređaja, objekata itd. do mjesta ugradnje
- potrebne i uobičajene pripreme i predobrade tla
- sve vrste bušenja, zavarivanja, lijepljenja, malih dijelova, sredstava za pričvršćivanje, međupoložaja, izolacije, brtvljenja, folija, spojeva itd. koje su potrebne za priključak, montažu i pričvršćivanje građevinskih dijelova i elemenata
- stručna priprema i priključak na sve okolne dijelove, ugradbene i nadgradne elemente i propuste
- sve izrade kutova, spojnih površina i elemenata, završnih elemenata, slobodnih krajeva itd.
- sve podloge za montažu, priključak i pričvršćivanje kao što su beton, zidani elementi, čelik, aluminij, limovi, gips karton, itd.
- potrebne spojne, kose i okrugle rezove te ostatke rezanja
- Izrada otvora i proreza za instalacije i ugradbene elemente drugih izvođača
- interno povezivanje kablovima i priključak objekata, dovod prema električnim trošilima na gradilištu od strane elektro izvođača",,,0,,,,,,
,,Razredi tla,"Razredi tla koji se navode u pozicijama definiraju se na sljedeći način:
Razred tla 1: Gornji pod
Razred tla 2: Tekuće vrste poda
Razred tla 3: Lako odvojive podne obloge
Razred tla 4: Srednje topljive vrste poda
Razred tla 5: Teško topljive vrste poda
Razred tla 6: Lako odvojivi kamen i slične vrste poda
Razred tla 7: Teško topljivi kamen

Vrijednosti štetnih tvari u tlu koje se navode u pozicijama definiraju se na sljedeći način:
Z0: neopterećen pod, ugradnja je moguća bez ograničenja
Z1: Mogućnost ugradnje je ograničena
Z2: Mogućnost ugradnje je vrlo ograničena

Razredi deponija za otpad koji se navode u pozicijama definiraju se na sljedeći način:
DK0: Deponij za mineralni otpad s niskim udjelom štetnih tvari. Radi se o redovnom deponiju za neopterećeni iskopni materijal i eventualni građevinski otpad ili usporedivi mineralni industrijski ili komercijalni otpad.
DKI: Deponij za srednje opterećeni (bezopasni) otpad. Radi se o redovnom deponiju za srednje opterećni iskopni materijal i građevinski otpad te usporedivi mineralni komercijalni otpad.
DKII: Deponij za opterećeni, ali bezopasni otpad. Radi se o redovnom deponiju za odlaganje predobrađenog kućnog otpada i usporedivog mineralnog komercijalnog otpada.",,,0,,,,,,
,,Podaci i informacije o građevinskom terenu,"U sljedećim pozicijama potrebno je uzeti u obzir i uračunati sljedeće usluge, čak i ako nisu izričito navedene:
- sve podatke i informacije o građevinskom terenu i podzemnim vodama koji su navedeni u procjeni građevinskog terena
- Utvrđivanje stanja okolnih terena, objekata, putova, cesta, trgova i slično, uključujući protokoliranje
- Uklanjanje oštećenja okolnih terena, objekata, putova, cesta, trgova i slično koji nastaju uslijed radova
- Zaštitu postojećih stabala i grmlja
- Utvrđivanje i razmatranje potrebnih mjera za zaštitu (podzemnih) voda
- Utvrđivanje i razmatranje potrebnih mjera za zaštitu od buke
- lokalizaciju i po potrebi osiguravanje postojećih vodova i kanala u radnom području izvođača
- lokalizaciju i po potrebi osiguravanje građevinskih objekata u radnom području izvođača
- lokalizaciju i po potrebi osiguravanje iskolčenja, graničnih kamenja, referentnih točaka, visinskih oznaka, itd. u radnom području izvođača
- ishođenje potrebnih dozvola za iskop kod nadležnih tijela
- Međutransporte i skladištenja radnog materijala izvođača, npr. za stvaranje slobodnog prostora za druge radove
- Ručne radove ukoliko nije moguće koristiti strojeve
- Ishođenje potrebnih javnopravnih dozvola za postavljanje posebnih temelja
- Mjerenje i niveliranje usluga od zadanih mjernih točaka odnosno osi
- Vađenje ili rezanje pilota do planirane visine, uklj. spojnu armaturu
- Prihvat i odlaganje ostataka od bušenja
- Prihvat i odlaganje prekomjernog betona i žbuke
- Prihvat i odlaganje dodataka za bušenje i ispiranje
- stručna provedba svih potrebnih naknadnih obrada
- Zaštite na rubovima, zaštite od pada i propadanja u sklopu usluga, i nakon završetka provedbe",,,0,,,,,,
204.010,,Bušenje pilota,,,,0,0,,0,,,
204.020,,Mikropiloti,,,,0,0,,0,,,
204.030,,Nodularni piloti od lijevanog željeza,,,,0,0,,0,,,
204.040,,Pa temelji,,,,0,0,,0,,,
204.050,,Šljunčani piloti,,,,0,0,,0,,,
204.060,,Ostali,,,,0,38615.36,,38615.36,,,
204.060.00100,,Retencija,"Dobava i ugradnja modularnog sustava za RETENCIJU oborinskih voda iz polipropilenskih skladišnih elemenata. Sustav se sastoji od jediničnog modula dimenzija: Š×V×D=60x91x120cm.
Korišteni sustav svojim karakteristikama mora osiguravati da montirana infiltracijska građevina:
- ima najmanje 97% ukupnog korisnog volumena;
- ima inspekcijski tunel min. pop. presjeka Š×V=100×500mm kako bi se omogućio slobodno kretanje inspekcijskim kamerama i opremi za čiščenje kroz sustav po dvijema osima (po uzdužnoj i poprečnoj osi montirane infiltracijske građevine);
- omogućava vizualnu kontrolu kroz jedan sloj sustava bez zapreka (pregrada) za jednostavniju kontrolu kamerom i smanjenje potrebnog broja inspekcijskih priključaka;
- bude sastavljena međusobnim spajanjem osnovnih elemenata metodom zidarskog preklopa čijim se korištenjem dobiva čvrsta i stabilna veza među jediničnim elementima (blokovima) istog sloja i koji osigurava bolju horizontalnu distribuciju vertikalnih opterečenja koja djeluju na sustav time povečavajuči stabilnost i trajsnost sustava.
- bude sastavljena od jediničnih elemenata koji imaju minimalnu tlačnu čvrstoću od 350 kN/m2.
Dimenzije sustava trebaju biti Š×V×D= 9,06×0,91×33,82 m, a minimalna korisna zapremnina 270 m3.
Projektom predviđena upotreba 4 inspekcijska okna integriranih u sustav (minimalni svijetli promjer okna 30cm), te detaljom definirana količina inspekcijskih priključaka za pristup u sustav njegovu kontrolu i održavanje (minimalni svijetli promjer 15cm).
Sve kao ACO STORMBRIXX SD900 ili jednakovrijedan.
Stavka NE UKLJUČUJE potreban materijal za BRTVLJENJE OVOJNICE RETENCIJE, te cijevi za povišenje inspekcijskih okana i priključaka od vrha spremnika do kote terena.",1,kom,36000,36000,0%,36000,,0,
204.060.00105,,Vodonepropusno brtvljenje retencije,"VODONEPROPUSNO BRTVLJENJE RETENCIJE
Dobava i ugradnja brtvenog sustav retencije, koji se sastoji iz:
unutarnjeg sloja geotekstila položenog na blokove, hidroizolacijske mebrane te vanjskog sloja geotekstila za osiguranje membrane od mehaničkog oštečenja.
Geotekstili se polažu s preklopom od min. 30 do 50 cm u podložnom i pokrovnom sloju geomembrane.
Geomembrana se spaja prikladnom metodom za ostvariravanje vodonepropusnog sloja (npr. s preklopom min. 8 cm metodom vrućeg spajanja dvostrukim varom za što izvoditelj mora imati obučene i ovlaštene zavarivače od proizvođača membrane.
Obračun po m2 razvijne površine, a količina, tip i oblik spojeva za varenje geomembrane prema detaljima iz projekta.",800,m2,,,0%,,,0,
204.060.00110,,Pregled retencije,"Pregled završene retencijske građevine CCTV kamerama s predajom pisanog izvještaja i snimke u digitalnom formatu nadzornom inženjeru. Pregled mora bit obavljen po završetku svih radova na cjelokupnoj odvodnoj instalaciji spojenoj na infiltracijsku građevinu. Pregled mora obuhvatiti bočne stranice sustava (kontrola oštečenja vanjske ovojnice) i podnicu sustava (kontrola nakupljanja/taloženja mulja u sustavu, te kontrola ravnosti podloge - pokretljivosti kamere) najmanje uzduž osi svih cijevnih priključaka.",1,kom,2615.36,2615.36,0%,2615.36,,0,
205,,Postavljanje listova,,,,0,0,,0,,,
205.000,,Prethodne napomene,,,,0,0,,0,,,
,,ZTV - Dodatni tehnički uvjeti ugovora,"1.) Dodatni ugovoreni tehnički uvjeti su dio opisa usluga te u slučaju narudžbe postaju dio ugovora. Izvođač radova se dakle obavezuje na sve usluge i primjene koje proizlaze iz ovih uvjeta te su one uračunate u cijenu, ukoliko nisu zasebno ponuđene.

2.) Usluge se prikazuju kao neto iznos u državnoj valuti. Važeći zakonski propisani porez na dodanu vrijednost obračunava se zasebno.

3.) U slučaju proturječnosti dodatnih ugovorenih tehničkih uvjeta vrijede prvenstveno podaci iz popisa usluga. U slučaju proturječnosti između popisa usluga i planske dokumentacije koja se predaje prilikom natječaja, vrijedi planska dokumentacija.

4.) Ponuditelj se prije izdavanja ponude detaljno informirao o građevinskim zadaćama koje treba izvesti, ukoliko su povezane s ponuđenim i planiranim uslugama, tako da na temelju popisa usluga nema nikakvih nejasnoća kod obračuna. Naknadne reklamacije koje proizlaze iz nepoznavanja natječajne dokumentacije neće se uvažavati.

5.) Planovi i u njima navedeni objekti koji se izdaju prilikom natječaja služe za informaciju. Ta dokumentacija ponuditelja ne oslobađa od obveze za vlastitim pribavljanjem svih potrebnih informacija za određivanje cijene detaljnim pregledavanjem planskih dokumenata.

6.) Ponuditelj je posjetio lokacije kako bi procijenio sve potrebne usluge. Svi vidljivi uvjeti koji utječu na formiranje cijene uzeti su u obzir prilikom određivanja jedinične cijene.

7.) Organizacija gradilišta za vlastite potrebe uračunata je u cijenu, ukoliko nije ponuđena kao zasebna stavka.

8.) Sve potrebne naprave za podizanje, skele, strojevi, alati, pomoćna sredstva i konstrukcije uzeti su u obzir te su uračunati u cijenu.

9.) Skele za radove na fasadi i radove na krovu predmet su ovog natječaja. Ponuditelj smije koristiti postojeće skele uz poštivanje sigurnosnih uvjeta i na vlastitu odgovornost. Preinake na skelama nisu dozvoljene te se one moraju predati u ispravnom stanju u kojem su i preuzete.

10.) Struju i vodu na gradilištu osigurava odjeljak za organizaciju gradilišta od mjesta distribucije odnosno crpljenja za sve ostale usluge i radove.

11.) Ponuditelj je obvezan redovno prikupljati i pravilno odložiti sve otpadne materijale, ostatke, krhotine, građevinski otpad, ambalaže, obični otpad i slično o vlastitom trošku. Kod odlaganja otpada potrebno je pridržavati se svih javnopravnih uputa i propisa.

12.) Onečišćenja koja uslijed radova nastaju na susjednim terenima, zgradama, putovima, cestama, trgovima i slično, izvođač radova svakodnevno treba očistiti.

13.) Izvođač preuzima odgovornost za osiguravanje, skladištenje i spremanje vlastitih građevinskih naprava, strojeva, uređaja, alata i slično. Jednako vrijedi i za građevinske materijale, elemente i za ugradnju određenih uređaja i objekata sve do primopredaje obavljenih građevinskih usluga.

14.) Građevinski i konstrukcijski elementi se prilikom izvođenja radova odgovarajućim mjerama trebaju zaštititi od onečišćenja i oštećenja. Jednako tako i izvođač treba zaštititi vlastite usluge sve do primopredaje obavljenih građevinskih usluga.

15.) Sve potrebne mjere prema javnopravnim uputama i propisima za sigurnost i zaštitu zdravlja trebaju se uzeti u obzir te ih se treba pridržavati prilikom izvođenja radova.

16.) Prilikom izdavanja ponude i izvođenja radova treba se uzeti u obzir, uračunati i pridržavati se
- svih državnih i javnopravnih zakona, smjernica i propisa
- svih odgovarajućih tehničkih standarda, pravila i smjernica
- općeprihvaćenih pravila tehnike
- uputa, propisa i napomena proizvođača za ugradnju i obradu
- Kauflandovih građevinskih opisa, ugovorenih uvjeta i ostalih Kauflandovih dokumenata i planova
.

17.) Navedene usluge podrazumijevaju se kao gotove, potpune i funkcionirajuće, uklj. sve potrebne male dijelove i sredstva za pričvršćivanje, pomoćne materijale i sredstva, podkonstrukcije itd., kao i sve dodatne i posebne usluge - čak i kada one nisu detaljno opisane.

18.) Ako su treće stranke uključene u izvođenje predradnji, izvođač radova ih treba provjeravati. U slučaju nepravilnosti ili prigovora pravovremeno treba informirati naručitelja, tako da može tehnički i organizacijski dovršiti poslove.

19.) Obavezno se treba pridržavati svih Kauflandovih proizvodnih uputa, osim ako postoje opravdani razlozi za odstupanje (npr. dostupnost). U tom slučaju izvođač treba ponuditi istovjetni proizvod ili sustav te potvrditi istovjetnost. O njoj odlučuje naručitelj.

20.) Sustavi se izvode isključivo pomoću komponenata koje su predviđene od strane proizvođača sustava.

21.) Svi materijali, građevinski elementi i uređaji koji neposredno utječu na izgled i funkcionalnost prije ugradnje se trebaju provjeriti. Ugrađuju se tek nakon što naručitelj ili ovlaštena osoba odobri ugradnju na gradilištu. O vrsti i obliku predloška odlučuje naručitelj.

22.) Ukoliko nisu ponuđene kao posebne stavke, troškovi za projektiranje usluga trebaju se uračunati u cijene pojedinih radova. Opseg projektiranja ovisno o radnji i potrebi može uključivati lokalno mjerenje, statičke proračune, planiranje radova, proizvodnje, detalja i montaže na temelju Kauflandovih podataka i izradu revizijskih dokumenata.

23.) Sve konstrukcije, načini gradnje i sustavi moraju biti izvedeni tako da mogu prihvatiti odnosno kompenzirati uobičajene i dozvoljene tolerancije u pripremnim radovima odnosno u tlu.

24.) Otežane okolnosti koje su uvjetovane godišnjim dobom ili vremenskim uvjetima i koje se u normalnim uvjetima trebaju uzeti u obzir, ne predstavljaju opravdan razlog za dodatne troškove ili produženje rokova izvođenja. U slučaju dvojbe izvođač mora dokazati prisutnost izvanrednih okolnosti.

25.) Ovisno o gradilištu i uslugama potrebno je uzeti u obzir i uračunati sljedeće primjene i usluge, čak i ako nisu izričito navedene u popisu usluga:
- sve vrste transporta građevinskih materijala, elemenata, uređaja, objekata itd. do mjesta ugradnje
- potrebne i uobičajene pripreme i predobrade tla
- sve vrste bušenja, zavarivanja, lijepljenja, malih dijelova, sredstava za pričvršćivanje, međupoložaja, izolacije, brtvljenja, folija, spojeva itd. koje su potrebne za priključak, montažu i pričvršćivanje građevinskih dijelova i elemenata
- stručna priprema i priključak na sve okolne dijelove, ugradbene i nadgradne elemente i propuste
- sve izrade kutova, spojnih površina i elemenata, završnih elemenata, slobodnih krajeva itd.
- sve podloge za montažu, priključak i pričvršćivanje kao što su beton, zidani elementi, čelik, aluminij, limovi, gips karton, itd.
- potrebne spojne, kose i okrugle rezove te ostatke rezanja
- Izrada otvora i proreza za instalacije i ugradbene elemente drugih izvođača
- interno povezivanje kablovima i priključak objekata, dovod prema električnim trošilima na gradilištu od strane elektro izvođača",,,0,,,,,,
,,Razredi tla,"Razredi tla koji se navode u pozicijama definiraju se na sljedeći način:
Razred tla 1: Gornji pod
Razred tla 2: Tekuće vrste poda
Razred tla 3: Lako odvojive podne obloge
Razred tla 4: Srednje topljive vrste poda
Razred tla 5: Teško topljive vrste poda
Razred tla 6: Lako odvojivi kamen i slične vrste poda
Razred tla 7: Teško topljivi kamen

Vrijednosti štetnih tvari u tlu koje se navode u pozicijama definiraju se na sljedeći način:
Z0: neopterećen pod, ugradnja je moguća bez ograničenja
Z1: Mogućnost ugradnje je ograničena
Z2: Mogućnost ugradnje je vrlo ograničena

Razredi deponija za otpad koji se navode u pozicijama definiraju se na sljedeći način:
DK0: Deponij za mineralni otpad s niskim udjelom štetnih tvari. Radi se o redovnom deponiju za neopterećeni iskopni materijal i eventualni građevinski otpad ili usporedivi mineralni industrijski ili komercijalni otpad.
DKI: Deponij za srednje opterećeni (bezopasni) otpad. Radi se o redovnom deponiju za srednje opterećni iskopni materijal i građevinski otpad te usporedivi mineralni komercijalni otpad.
DKII: Deponij za opterećeni, ali bezopasni otpad. Radi se o redovnom deponiju za odlaganje predobrađenog kućnog otpada i usporedivog mineralnog komercijalnog otpada.",,,0,,,,,,
,,Opseg usluga,"U sljedećim pozicijama potrebno je uzeti u obzir i uračunati sljedeće usluge, čak i ako nisu izričito navedene:
- sve podatke i informacije o građevinskom terenu i podzemnim vodama koji su navedeni u procjeni građevinskog terena
- Utvrđivanje stanja okolnih terena, objekata, putova, cesta, trgova i slično, uključujući protokoliranje
- Uklanjanje oštećenja okolnih terena, objekata, putova, cesta, trgova i slično koji nastaju uslijed radova
- Zaštitu postojećih stabala i grmlja
- Utvrđivanje i razmatranje potrebnih mjera za zaštitu (podzemnih) voda
- Utvrđivanje i razmatranje potrebnih mjera za zaštitu od buke
- lokalizaciju i po potrebi osiguravanje postojećih vodova i kanala u radnom području izvođača
- lokalizaciju i po potrebi osiguravanje građevinskih objekata u radnom području izvođača
- lokalizaciju i po potrebi osiguravanje iskolčenja, graničnih kamenja, referentnih točaka, visinskih oznaka, itd. u radnom području izvođača
- ishođenje potrebnih dozvola za iskop kod nadležnih tijela
- ishođenje potrebnih dozvola kod postavljanja sidra na susjednim terenima
- Međutransporte i skladištenja radnog materijala izvođača, npr. za stvaranje slobodnog prostora za druge radove
- Ručne radove ukoliko nije moguće koristiti strojeve
- Ishođenje potrebnih javnopravnih dozvola za radove ugradnje
- Mjerenje i niveliranje usluga od zadanih mjernih točaka odnosno osi
- Vađenje ili rezanje pilota do planirane visine, uklj. spojnu armaturu
- Prihvat i odlaganje ostataka od bušenja
- Prihvat i odlaganje prekomjernog betona i žbuke
- Prihvat i odlaganje dodataka za bušenje i ispiranje
- stručna provedba svih potrebnih naknadnih obrada
- Zaštite na rubovima, zaštite od pada i propadanja u sklopu usluga, i nakon završetka provedbe",,,0,,,,,,
205.010,,Zidovi zaštitnih pregrada,,,,0,0,,0,,,
205.020,,Potporni zidovi,,,,0,0,,0,,,
205.030,,Zidovi od pilota,,,,0,0,,0,,,
205.040,,Žljebasti zidovi,,,,0,0,,0,,,
205.050,,Zidovi s klinovima,,,,0,0,,0,,,
205.060,,Podloge,,,,0,0,,0,,,
205.070,,Ostali,,,,0,0,,0,,,
206,,Drenaža,,,,0,0,,0,,,
206.000,,Prethodne napomene,,,,0,0,,0,,,
,,ZTV - Dodatni tehnički uvjeti ugovora,"1.) Dodatni ugovoreni tehnički uvjeti su dio opisa usluga te u slučaju narudžbe postaju dio ugovora. Izvođač radova se dakle obavezuje na sve usluge i primjene koje proizlaze iz ovih uvjeta te su one uračunate u cijenu, ukoliko nisu zasebno ponuđene.

2.) Usluge se prikazuju kao neto iznos u državnoj valuti. Važeći zakonski propisani porez na dodanu vrijednost obračunava se zasebno.

3.) U slučaju proturječnosti dodatnih ugovorenih tehničkih uvjeta vrijede prvenstveno podaci iz popisa usluga. U slučaju proturječnosti između popisa usluga i planske dokumentacije koja se predaje prilikom natječaja, vrijedi planska dokumentacija.

4.) Ponuditelj se prije izdavanja ponude detaljno informirao o građevinskim zadaćama koje treba izvesti, ukoliko su povezane s ponuđenim i planiranim uslugama, tako da na temelju popisa usluga nema nikakvih nejasnoća kod obračuna. Naknadne reklamacije koje proizlaze iz nepoznavanja natječajne dokumentacije neće se uvažavati.

5.) Planovi i u njima navedeni objekti koji se izdaju prilikom natječaja služe za informaciju. Ta dokumentacija ponuditelja ne oslobađa od obveze za vlastitim pribavljanjem svih potrebnih informacija za određivanje cijene detaljnim pregledavanjem planskih dokumenata.

6.) Ponuditelj je posjetio lokacije kako bi procijenio sve potrebne usluge. Svi vidljivi uvjeti koji utječu na formiranje cijene uzeti su u obzir prilikom određivanja jedinične cijene.

7.) Organizacija gradilišta za vlastite potrebe uračunata je u cijenu, ukoliko nije ponuđena kao zasebna stavka.

8.) Sve potrebne naprave za podizanje, skele, strojevi, alati, pomoćna sredstva i konstrukcije uzeti su u obzir te su uračunati u cijenu.

9.) Skele za radove na fasadi i radove na krovu predmet su ovog natječaja. Ponuditelj smije koristiti postojeće skele uz poštivanje sigurnosnih uvjeta i na vlastitu odgovornost. Preinake na skelama nisu dozvoljene te se one moraju predati u ispravnom stanju u kojem su i preuzete.

10.) Struju i vodu na gradilištu osigurava odjeljak za organizaciju gradilišta od mjesta distribucije odnosno crpljenja za sve ostale usluge i radove.

11.) Ponuditelj je obvezan redovno prikupljati i pravilno odložiti sve otpadne materijale, ostatke, krhotine, građevinski otpad, ambalaže, obični otpad i slično o vlastitom trošku. Kod odlaganja otpada potrebno je pridržavati se svih javnopravnih uputa i propisa.

12.) Onečišćenja koja uslijed radova nastaju na susjednim terenima, zgradama, putovima, cestama, trgovima i slično, izvođač radova svakodnevno treba očistiti.

13.) Izvođač preuzima odgovornost za osiguravanje, skladištenje i spremanje vlastitih građevinskih naprava, strojeva, uređaja, alata i slično. Jednako vrijedi i za građevinske materijale, elemente i za ugradnju određenih uređaja i objekata sve do primopredaje obavljenih građevinskih usluga.

14.) Građevinski i konstrukcijski elementi se prilikom izvođenja radova odgovarajućim mjerama trebaju zaštititi od onečišćenja i oštećenja. Jednako tako i izvođač treba zaštititi vlastite usluge sve do primopredaje obavljenih građevinskih usluga.

15.) Sve potrebne mjere prema javnopravnim uputama i propisima za sigurnost i zaštitu zdravlja trebaju se uzeti u obzir te ih se treba pridržavati prilikom izvođenja radova.

16.) Prilikom izdavanja ponude i izvođenja radova treba se uzeti u obzir, uračunati i pridržavati se
- svih državnih i javnopravnih zakona, smjernica i propisa
- svih odgovarajućih tehničkih standarda, pravila i smjernica
- općeprihvaćenih pravila tehnike
- uputa, propisa i napomena proizvođača za ugradnju i obradu
- Kauflandovih građevinskih opisa, ugovorenih uvjeta i ostalih Kauflandovih dokumenata i planova
.

17.) Navedene usluge podrazumijevaju se kao gotove, potpune i funkcionirajuće, uklj. sve potrebne male dijelove i sredstva za pričvršćivanje, pomoćne materijale i sredstva, podkonstrukcije itd., kao i sve dodatne i posebne usluge - čak i kada one nisu detaljno opisane.

18.) Ako su treće stranke uključene u izvođenje predradnji, izvođač radova ih treba provjeravati. U slučaju nepravilnosti ili prigovora pravovremeno treba informirati naručitelja, tako da može tehnički i organizacijski dovršiti poslove.

19.) Obavezno se treba pridržavati svih Kauflandovih proizvodnih uputa, osim ako postoje opravdani razlozi za odstupanje (npr. dostupnost). U tom slučaju izvođač treba ponuditi istovjetni proizvod ili sustav te potvrditi istovjetnost. O njoj odlučuje naručitelj.

20.) Sustavi se izvode isključivo pomoću komponenata koje su predviđene od strane proizvođača sustava.

21.) Svi materijali, građevinski elementi i uređaji koji neposredno utječu na izgled i funkcionalnost prije ugradnje se trebaju provjeriti. Ugrađuju se tek nakon što naručitelj ili ovlaštena osoba odobri ugradnju na gradilištu. O vrsti i obliku predloška odlučuje naručitelj.

22.) Ukoliko nisu ponuđene kao posebne stavke, troškovi za projektiranje usluga trebaju se uračunati u cijene pojedinih radova. Opseg projektiranja ovisno o radnji i potrebi može uključivati lokalno mjerenje, statičke proračune, planiranje radova, proizvodnje, detalja i montaže na temelju Kauflandovih podataka i izradu revizijskih dokumenata.

23.) Sve konstrukcije, načini gradnje i sustavi moraju biti izvedeni tako da mogu prihvatiti odnosno kompenzirati uobičajene i dozvoljene tolerancije u pripremnim radovima odnosno u tlu.

24.) Otežane okolnosti koje su uvjetovane godišnjim dobom ili vremenskim uvjetima i koje se u normalnim uvjetima trebaju uzeti u obzir, ne predstavljaju opravdan razlog za dodatne troškove ili produženje rokova izvođenja. U slučaju dvojbe izvođač mora dokazati prisutnost izvanrednih okolnosti.

25.) Ovisno o gradilištu i uslugama potrebno je uzeti u obzir i uračunati sljedeće primjene i usluge, čak i ako nisu izričito navedene u popisu usluga:
- sve vrste transporta građevinskih materijala, elemenata, uređaja, objekata itd. do mjesta ugradnje
- potrebne i uobičajene pripreme i predobrade tla
- sve vrste bušenja, zavarivanja, lijepljenja, malih dijelova, sredstava za pričvršćivanje, međupoložaja, izolacije, brtvljenja, folija, spojeva itd. koje su potrebne za priključak, montažu i pričvršćivanje građevinskih dijelova i elemenata
- stručna priprema i priključak na sve okolne dijelove, ugradbene i nadgradne elemente i propuste
- sve izrade kutova, spojnih površina i elemenata, završnih elemenata, slobodnih krajeva itd.
- sve podloge za montažu, priključak i pričvršćivanje kao što su beton, zidani elementi, čelik, aluminij, limovi, gips karton, itd.
- potrebne spojne, kose i okrugle rezove te ostatke rezanja
- Izrada otvora i proreza za instalacije i ugradbene elemente drugih izvođača
- interno povezivanje kablovima i priključak objekata, dovod prema električnim trošilima na gradilištu od strane elektro izvođača",,,0,,,,,,
,,Razvrstavanje podova,"Razredi tla koji se navode u pozicijama definiraju se na sljedeći način:
Razred tla 1: Gornji pod
Razred tla 2: Tekuće vrste poda
Razred tla 3: Lako odvojive podne obloge
Razred tla 4: Srednje topljive vrste poda
Razred tla 5: Teško topljive vrste poda
Razred tla 6: Lako odvojivi kamen i slične vrste poda
Razred tla 7: Teško topljivi kamen

Vrijednosti štetnih tvari u tlu koje se navode u pozicijama definiraju se na sljedeći način:
Z0: neopterećen pod, ugradnja je moguća bez ograničenja
Z1: Mogućnost ugradnje je ograničena
Z2: Mogućnost ugradnje je vrlo ograničena

Razredi deponija za otpad koji se navode u pozicijama definiraju se na sljedeći način:
DK0: Deponij za mineralni otpad s niskim udjelom štetnih tvari. Radi se o redovnom deponiju za neopterećeni iskopni materijal i eventualni građevinski otpad ili usporedivi mineralni industrijski ili komercijalni otpad.
DKI: Deponij za srednje opterećeni (bezopasni) otpad. Radi se o redovnom deponiju za srednje opterećni iskopni materijal i građevinski otpad te usporedivi mineralni komercijalni otpad.
DKII: Deponij za opterećeni, ali bezopasni otpad. Radi se o redovnom deponiju za odlaganje predobrađenog kućnog otpada i usporedivog mineralnog komercijalnog otpada.",,,0,,,,,,
,,Razgraničenje usluga odvodnje,"U sljedećim pozicijama potrebno je uzeti u obzir i uračunati sljedeće usluge, čak i ako nisu izričito navedene:
- sve podatke i informacije o građevinskom terenu i podzemnim vodama koji su navedeni u procjeni građevinskog terena
- Utvrđivanje stanja okolnih terena, objekata, putova, cesta, trgova i slično, uključujući protokoliranje
- Uklanjanje oštećenja okolnih terena, objekata, putova, cesta, trgova i slično koji nastaju uslijed radova
- Zaštitu postojećih stabala i grmlja
- Utvrđivanje i razmatranje potrebnih mjera za zaštitu (podzemnih) voda
- lokalizaciju i po potrebi osiguravanje postojećih vodova i kanala u radnom području izvođača
- lokalizaciju i po potrebi osiguravanje građevinskih objekata u radnom području izvođača
- lokalizaciju i po potrebi osiguravanje iskolčenja, graničnih kamenja, referentnih točaka, visinskih oznaka, itd. u radnom području izvođača
- ishođenje potrebnih dozvola za iskop kod nadležnih tijela
- Međutransporte i skladištenja radnog materijala izvođača, npr. za stvaranje slobodnog prostora za druge radove
- Ručne radove ukoliko nije moguće koristiti strojeve
- Ishođenje potrebnih javnopravnih dozvola za odvođenje vode",,,0,,,,,,
206.010,,Otvorena drenaža,,,,0,0,,0,,,
206.020,,Zatvorena drenaža,,,,0,0,,0,,,
206.030,,Prijenosi kanalizacije,,,,0,0,,0,,,
206.040,,Ostali,,,,0,0,,0,,,
207,,Drenažni / dovodni vodovi,,,,0,129252.88,,129252.88,,,
207.000,,Prethodne napomene,,,,0,0,,0,,,
,,ZTV - Dodatni tehnički uvjeti ugovora,"1.) Dodatni ugovoreni tehnički uvjeti su dio opisa usluga te u slučaju narudžbe postaju dio ugovora. Izvođač radova se dakle obavezuje na sve usluge i primjene koje proizlaze iz ovih uvjeta te su one uračunate u cijenu, ukoliko nisu zasebno ponuđene.

2.) Usluge se prikazuju kao neto iznos u državnoj valuti. Važeći zakonski propisani porez na dodanu vrijednost obračunava se zasebno.

3.) U slučaju proturječnosti dodatnih ugovorenih tehničkih uvjeta vrijede prvenstveno podaci iz popisa usluga. U slučaju proturječnosti između popisa usluga i planske dokumentacije koja se predaje prilikom natječaja, vrijedi planska dokumentacija.

4.) Ponuditelj se prije izdavanja ponude detaljno informirao o građevinskim zadaćama koje treba izvesti, ukoliko su povezane s ponuđenim i planiranim uslugama, tako da na temelju popisa usluga nema nikakvih nejasnoća kod obračuna. Naknadne reklamacije koje proizlaze iz nepoznavanja natječajne dokumentacije neće se uvažavati.

5.) Planovi i u njima navedeni objekti koji se izdaju prilikom natječaja služe za informaciju. Ta dokumentacija ponuditelja ne oslobađa od obveze za vlastitim pribavljanjem svih potrebnih informacija za određivanje cijene detaljnim pregledavanjem planskih dokumenata.

6.) Ponuditelj je posjetio lokacije kako bi procijenio sve potrebne usluge. Svi vidljivi uvjeti koji utječu na formiranje cijene uzeti su u obzir prilikom određivanja jedinične cijene.

7.) Organizacija gradilišta za vlastite potrebe uračunata je u cijenu, ukoliko nije ponuđena kao zasebna stavka.

8.) Sve potrebne naprave za podizanje, skele, strojevi, alati, pomoćna sredstva i konstrukcije uzeti su u obzir te su uračunati u cijenu.

9.) Skele za radove na fasadi i radove na krovu predmet su ovog natječaja. Ponuditelj smije koristiti postojeće skele uz poštivanje sigurnosnih uvjeta i na vlastitu odgovornost. Preinake na skelama nisu dozvoljene te se one moraju predati u ispravnom stanju u kojem su i preuzete.

10.) Struju i vodu na gradilištu osigurava odjeljak za organizaciju gradilišta od mjesta distribucije odnosno crpljenja za sve ostale usluge i radove.

11.) Ponuditelj je obvezan redovno prikupljati i pravilno odložiti sve otpadne materijale, ostatke, krhotine, građevinski otpad, ambalaže, obični otpad i slično o vlastitom trošku. Kod odlaganja otpada potrebno je pridržavati se svih javnopravnih uputa i propisa.

12.) Onečišćenja koja uslijed radova nastaju na susjednim terenima, zgradama, putovima, cestama, trgovima i slično, izvođač radova svakodnevno treba očistiti.

13.) Izvođač preuzima odgovornost za osiguravanje, skladištenje i spremanje vlastitih građevinskih naprava, strojeva, uređaja, alata i slično. Jednako vrijedi i za građevinske materijale, elemente i za ugradnju određenih uređaja i objekata sve do primopredaje obavljenih građevinskih usluga.

14.) Građevinski i konstrukcijski elementi se prilikom izvođenja radova odgovarajućim mjerama trebaju zaštititi od onečišćenja i oštećenja. Jednako tako i izvođač treba zaštititi vlastite usluge sve do primopredaje obavljenih građevinskih usluga.

15.) Sve potrebne mjere prema javnopravnim uputama i propisima za sigurnost i zaštitu zdravlja trebaju se uzeti u obzir te ih se treba pridržavati prilikom izvođenja radova.

16.) Prilikom izdavanja ponude i izvođenja radova treba se uzeti u obzir, uračunati i pridržavati se
- svih državnih i javnopravnih zakona, smjernica i propisa
- svih odgovarajućih tehničkih standarda, pravila i smjernica
- općeprihvaćenih pravila tehnike
- uputa, propisa i napomena proizvođača za ugradnju i obradu
- Kauflandovih građevinskih opisa, ugovorenih uvjeta i ostalih Kauflandovih dokumenata i planova
.

17.) Navedene usluge podrazumijevaju se kao gotove, potpune i funkcionirajuće, uklj. sve potrebne male dijelove i sredstva za pričvršćivanje, pomoćne materijale i sredstva, podkonstrukcije itd., kao i sve dodatne i posebne usluge - čak i kada one nisu detaljno opisane.

18.) Ako su treće stranke uključene u izvođenje predradnji, izvođač radova ih treba provjeravati. U slučaju nepravilnosti ili prigovora pravovremeno treba informirati naručitelja, tako da može tehnički i organizacijski dovršiti poslove.

19.) Obavezno se treba pridržavati svih Kauflandovih proizvodnih uputa, osim ako postoje opravdani razlozi za odstupanje (npr. dostupnost). U tom slučaju izvođač treba ponuditi istovjetni proizvod ili sustav te potvrditi istovjetnost. O njoj odlučuje naručitelj.

20.) Sustavi se izvode isključivo pomoću komponenata koje su predviđene od strane proizvođača sustava.

21.) Svi materijali, građevinski elementi i uređaji koji neposredno utječu na izgled i funkcionalnost prije ugradnje se trebaju provjeriti. Ugrađuju se tek nakon što naručitelj ili ovlaštena osoba odobri ugradnju na gradilištu. O vrsti i obliku predloška odlučuje naručitelj.

22.) Ukoliko nisu ponuđene kao posebne stavke, troškovi za projektiranje usluga trebaju se uračunati u cijene pojedinih radova. Opseg projektiranja ovisno o radnji i potrebi može uključivati lokalno mjerenje, statičke proračune, planiranje radova, proizvodnje, detalja i montaže na temelju Kauflandovih podataka i izradu revizijskih dokumenata.

23.) Sve konstrukcije, načini gradnje i sustavi moraju biti izvedeni tako da mogu prihvatiti odnosno kompenzirati uobičajene i dozvoljene tolerancije u pripremnim radovima odnosno u tlu.

24.) Otežane okolnosti koje su uvjetovane godišnjim dobom ili vremenskim uvjetima i koje se u normalnim uvjetima trebaju uzeti u obzir, ne predstavljaju opravdan razlog za dodatne troškove ili produženje rokova izvođenja. U slučaju dvojbe izvođač mora dokazati prisutnost izvanrednih okolnosti.

25.) Ovisno o gradilištu i uslugama potrebno je uzeti u obzir i uračunati sljedeće primjene i usluge, čak i ako nisu izričito navedene u popisu usluga:
- sve vrste transporta građevinskih materijala, elemenata, uređaja, objekata itd. do mjesta ugradnje
- potrebne i uobičajene pripreme i predobrade tla
- sve vrste bušenja, zavarivanja, lijepljenja, malih dijelova, sredstava za pričvršćivanje, međupoložaja, izolacije, brtvljenja, folija, spojeva itd. koje su potrebne za priključak, montažu i pričvršćivanje građevinskih dijelova i elemenata
- stručna priprema i priključak na sve okolne dijelove, ugradbene i nadgradne elemente i propuste
- sve izrade kutova, spojnih površina i elemenata, završnih elemenata, slobodnih krajeva itd.
- sve podloge za montažu, priključak i pričvršćivanje kao što su beton, zidani elementi, čelik, aluminij, limovi, gips karton, itd.
- potrebne spojne, kose i okrugle rezove te ostatke rezanja
- Izrada otvora i proreza za instalacije i ugradbene elemente drugih izvođača
- interno povezivanje kablovima i priključak objekata, dovod prema električnim trošilima na gradilištu od strane elektro izvođača",,,0,,,,,,
,,Razgraničenje odvodnih / opskrbnih vodova usluga,"U sljedećim pozicijama potrebno je uzeti u obzir i uračunati sljedeće usluge, čak i ako nisu izričito navedene:
- Mjerenje i niveliranje usluga od zadanih mjernih točaka odnosno osi
- Izrada odnosno zatvaranje fugama uključuje nanošenje žbuke i trajno elastično brtvljenje pomoću konopa ili PU mase za fugiranje.
- Zaštite na rubovima, zaštite od pada i propadanja u sklopu usluga, i nakon završetka montaže
- Iskop jarka za cijev i polaganje cijevi uključeni su u zemljane radove",,,0,,,,,,
207.010,,PVC cijevi,,,,0,11896.95,,11896.95,,,
207.010.00100,,,"Nabava, doprema i montaža kanalizacijskih cijevi (KG) od PVC-a prema DIN EN 13476 s ojačanom spojnicom i integriranom brtvom te ugraditi vodonepropusno i spojiti u jednoj liniji i na ispravnoj visini na pripremljenu posteljicu u nagibu, uključujući dijelove za spajanje, priključke i sve fazonske komade kao što su koljena, račve, redukcije, itd.

Primjena: Otpadne i oborinske vode
Nazivni promjer: DN100",370,m,6.67,2467.9,0%,2467.9,,0,
207.010.00105,,"x..EW3..x - kanalizacijske cijevi PVC, DN150","Nabava, doprema i montaža kanalizacijskih cijevi (KG) od PVC-a prema DIN EN 13476 s ojačanom spojnicom i integriranom brtvom te ugraditi vodonepropusno i spojiti u jednoj liniji i na ispravnoj visini na pripremljenu posteljicu u nagibu, uključujući dijelove za spajanje, priključke i sve fazonske komade kao što su koljena, račve, redukcije, itd.

Primjena: Otpadne i oborinske vode
Nazivni promjer: DN150",200,m,16.9,3380,0%,3380,,0,
207.010.00110,,"x..EW3..x - kanalizacijske cijevi PVC, DN200 za slivničke priključke","Nabava, doprema i montaža kanalizacijskih cijevi (KG) od PVC-a prema DIN EN 13476 s ojačanom spojnicom i integriranom brtvom te ugraditi vodonepropusno i spojiti u jednoj liniji i na ispravnoj visini na pripremljenu posteljicu u nagibu, uključujući dijelove za spajanje, priključke i sve fazonske komade kao što su koljena, račve, redukcije, itd.

Primjena: Otpadne i oborinske vode
Nazivni promjer: DN200",245,m,24.69,6049.05,0%,6049.05,,0,
207.020,,PP cijevi,,,,0,0,,0,,,
207.030,,Linije izrađene od PP kompozitnih cijevi,,,,0,47803.55,,47803.55,,,
207.030.00100,,"- Kanalizacijske cijevi PP kompozitna cijev, SN 8, DN150","Nabava, doprema i montaža kanalizacijskih cijevi kao i spojnih komada od PP-a s profiliranim vanjskim rubovima i glatkom unutarnjom površinom prema DIN EN 13476 s dvostrukim spojnicama i brtvenim prstenima nepropusno spojiti i postaviti u jednoj liniji i na ispravnoj visini na pripremljenu posteljicu u nagibu, uklj. dijelove za spajanje, priključke i sve fazonske komade kao što su koljena, račve, redukcije, itd.

Primjena: Otpadne i oborinske vode
Nazivni promjer: DN150
Krutost prstena: SN 8",293,m,20.81,6097.33,0%,#VALUE!,,0,
207.030.00105,,"- Kanalizacijske cijevi PP kompozitna cijev, SN 8, DN200","Nabava, doprema i montaža kanalizacijskih cijevi kao i spojnih komada od PP-a s profiliranim vanjskim rubovima i glatkom unutarnjom površinom prema DIN EN 13476 s dvostrukim spojnicama i brtvenim prstenima nepropusno spojiti i postaviti u jednoj liniji i na ispravnoj visini na pripremljenu posteljicu u nagibu, uklj. dijelove za spajanje, priključke i sve fazonske komade kao što su koljena, račve, redukcije, itd.

Primjena: Otpadne i oborinske vode
Nazivni promjer: DN200
Krutost prstena: SN 8",73,m,43.7,3190.1,0%,#VALUE!,,0,
207.030.00110,,"- Kanalizacijske cijevi PP kompozitna cijev, SN 8, DN250","Nabava, doprema i montaža kanalizacijskih cijevi kao i spojnih komada od PP-a s profiliranim vanjskim rubovima i glatkom unutarnjom površinom prema DIN EN 13476 s dvostrukim spojnicama i brtvenim prstenima nepropusno spojiti i postaviti u jednoj liniji i na ispravnoj visini na pripremljenu posteljicu u nagibu, uklj. dijelove za spajanje, priključke i sve fazonske komade kao što su koljena, račve, redukcije, itd.

Primjena: Otpadne i oborinske vode
Nazivni promjer: DN250
Krutost prstena: SN 8",25,m,51.93,1298.25,0%,#VALUE!,,0,
207.030.00115,,"- Kanalizacijske cijevi PP kompozitna cijev, SN 8, DN300","Nabava, doprema i montaža kanalizacijskih cijevi kao i spojnih komada od PP-a s profiliranim vanjskim rubovima i glatkom unutarnjom površinom prema DIN EN 13476 s dvostrukim spojnicama i brtvenim prstenima nepropusno spojiti i postaviti u jednoj liniji i na ispravnoj visini na pripremljenu posteljicu u nagibu, uklj. dijelove za spajanje, priključke i sve fazonske komade kao što su koljena, račve, redukcije, itd.

Primjena: Otpadne i oborinske vode
Nazivni promjer: DN300
Krutost prstena: SN 8",150,m,77.59,11638.5,0%,#VALUE!,,0,
207.030.00120,,"- Kanalizacijske cijevi PP kompozitna cijev, SN 16, DN300 za cestovnu oborinsku odvodnju","Kanalizacijske cijevi kao spojne cijevi od PP-a s profiliranim vanjskim rubovima i glatkom unutarnjom površinom prema DIN EN 13476 s dvostrukim spojnicama i brtvenim prstenima nepropusno spojiti i postaviti u jednoj liniji i na ispravnoj visini na postelju od pijeska, kamenja ili finog šljunka u nagibu, uklj. dijelove za spajanje, priključke i sve oblikovane komade kao što su lukovi, grananja, redukcije, itd.

Primjena: Otpadne i oborinske vode
Nazivni promjer: DN300
Krutost prstena: SN 16",215.03,m,77.9,16750.84,0%,#VALUE!,,0,
207.030.00125,,"- Kanalizacijske cijevi PP kompozitna cijev, SN 16, DN400 za cestovnu oborinsku odvodnju","Kanalizacijske cijevi kao spojne cijevi od PP-a s profiliranim vanjskim rubovima i glatkom unutarnjom površinom prema DIN EN 13476 s dvostrukim spojnicama i brtvenim prstenima nepropusno spojiti i postaviti u jednoj liniji i na ispravnoj visini na postelju od pijeska, kamenja ili finog šljunka u nagibu, uklj. dijelove za spajanje, priključke i sve oblikovane komade kao što su lukovi, grananja, redukcije, itd.

Primjena: Otpadne i oborinske vode
Nazivni promjer: DN400
Krutost prstena: SN 16",57.15,m,154.48,8828.53,0%,#VALUE!,,0,
207.040,,Linije od PE-HD kompozitnih cijevi,,,,0,0,,0,,,
207.050,,SML cijevi,,,,0,0,,0,,,
207.060,,Betonske cijevi,,,,0,0,,0,,,
207.070,,PE-HD tlačne cijevi,,,,0,12543.6,,12543.6,,,
207.070.00100,,"- Tlačne cijevi PE-HD, DN40","Tlačne cijevi od PE-HD-a prema DIN EN 12201 isporučiti kao pojedinačne komade ili spojene u prsten, pomoću zavarenih spojnica nepropusno spojiti i postaviti u jednoj liniji i na ispravnoj visini na pripremljenu posteljicu u nagibu, uklj. dijelove za spajanje, priključke i sve oblikovane komade kao što su koljena, račve, redukcije, itd.

Primjena: Opskrba plinom, pitkom vodom ili vodom za gašenje požara
Boja: sukladno primjeni
Razina tlaka: PN 16
Nazivni promjer: DN40",150,m,5.8,870,0%,#VALUE!,,0,1.86
207.070.00105,,"- Tlačne cijevi PE-HD, DN100","Tlačne cijevi od PE-HD-a prema DIN EN 12201 isporučiti kao pojedinačne komade ili spojene u prsten, pomoću zavarenih spojnica nepropusno spojiti i postaviti u jednoj liniji i na ispravnoj visini na pripremljenu posteljicu u nagibu, uklj. dijelove za spajanje, priključke i sve oblikovane komade kao što su koljena, račve, redukcije, itd.

Primjena: Opskrba plinom, pitkom vodom ili vodom za gašenje požara
Boja: sukladno primjeni
Razina tlaka: PN 16
Nazivni promjer: DN100",200,m,9.54,1908,0%,#VALUE!,,0,
207.070.00110,,"- Tlačne cijevi PE-HD, DN150","Tlačne cijevi od PE-HD-a prema DIN EN 12201 isporučiti kao pojedinačne komade ili spojene u prsten, pomoću zavarenih spojnica nepropusno spojiti i postaviti u jednoj liniji i na ispravnoj visini na pripremljenu posteljicu u nagibu, uklj. dijelove za spajanje, priključke i sve oblikovane komade kao što su koljena, račve, redukcije, itd.

Primjena: Opskrba plinom, pitkom vodom ili vodom za gašenje požara
Boja: sukladno primjeni
Razina tlaka: PN 16
Nazivni promjer: DN150",110,m,15.59,1714.9,0%,#VALUE!,,0,
207.070.00115,,"- Tlačne cijevi PE-HD, DN200","Tlačne cijevi od PE-HD-a prema DIN EN 12201 isporučiti kao pojedinačne komade ili spojene u prsten, pomoću zavarenih spojnica nepropusno spojiti i postaviti u jednoj liniji i na ispravnoj visini na pripremljenu posteljicu u nagibu, uklj. dijelove za spajanje, priključke i sve oblikovane komade kao što su koljena, račve, redukcije, itd.

Primjena: Opskrba plinom, pitkom vodom ili vodom za gašenje požara
Boja: sukladno primjeni
Razina tlaka: PN 16
Nazivni promjer: DN200",50,m,32.01,1600.5,0%,#VALUE!,,0,
207.070.00300,,"- Tlačne cijevi PE-HD, DN40","Tlačne cijevi od PE-HD-a prema DIN EN 12201 isporučiti kao pojedinačne komade ili spojene u prsten, pomoću zavarenih spojnica nepropusno spojiti i postaviti u jednoj liniji i na ispravnoj visini na pripremljenu posteljicu u nagibu, uklj. dijelove za spajanje, priključke i sve oblikovane komade kao što su koljena, račve, redukcije, itd.

Primjena: Opskrba plinom, pitkom vodom ili vodom za gašenje požara
Boja: sukladno primjeni
Razina tlaka: PN 16
Nazivni promjer: DN40",150,m,5.8,870,0%,#VALUE!,,0,1.86
207.070.00600,,"- Tlačne cijevi PE-HD, DN80","Tlačne cijevi od PE-HD-a prema DIN EN 12201 isporučiti kao pojedinačne komade ili spojene u prsten, pomoću zavarenih spojnica nepropusno spojiti i postaviti u jednoj liniji i na ispravnoj visini na pripremljenu posteljicu u nagibu, uklj. dijelove za spajanje, priključke i sve oblikovane komade kao što su koljena, račve, redukcije, itd.

Primjena: Opskrba plinom, pitkom vodom ili vodom za gašenje požara
Boja: sukladno primjeni
Razina tlaka: PN 16
Nazivni promjer: DN80",80,m,8.05,644,0%,#VALUE!,,0,
207.070.00700,,"- Tlačne cijevi PE-HD, DN100","Tlačne cijevi od PE-HD-a prema DIN EN 12201 isporučiti kao pojedinačne komade ili spojene u prsten, pomoću zavarenih spojnica nepropusno spojiti i postaviti u jednoj liniji i na ispravnoj visini na pripremljenu posteljicu u nagibu, uklj. dijelove za spajanje, priključke i sve oblikovane komade kao što su koljena, račve, redukcije, itd.

Primjena: Opskrba plinom, pitkom vodom ili vodom za gašenje požara
Boja: sukladno primjeni
Razina tlaka: PN 16
Nazivni promjer: DN100",120,m,9.54,1144.8,0%,#VALUE!,,0,
207.070.00900,,"- Tlačne cijevi PE-HD, DN150","Tlačne cijevi od PE-HD-a prema DIN EN 12201 isporučiti kao pojedinačne komade ili spojene u prsten, pomoću zavarenih spojnica nepropusno spojiti i postaviti u jednoj liniji i na ispravnoj visini na pripremljenu posteljicu u nagibu, uklj. dijelove za spajanje, priključke i sve oblikovane komade kao što su koljena, račve, redukcije, itd.

Primjena: Opskrba plinom, pitkom vodom ili vodom za gašenje požara
Boja: sukladno primjeni
Razina tlaka: PN 16
Nazivni promjer: DN150",120,m,15.59,1870.8,0%,#VALUE!,,0,
207.070.01000,,"- Tlačne cijevi PE-HD, DN200","Tlačne cijevi od PE-HD-a prema DIN EN 12201 isporučiti kao pojedinačne komade ili spojene u prsten, pomoću zavarenih spojnica nepropusno spojiti i postaviti u jednoj liniji i na ispravnoj visini na pripremljenu posteljicu u nagibu, uklj. dijelove za spajanje, priključke i sve oblikovane komade kao što su koljena, račve, redukcije, itd.

Primjena: Opskrba plinom, pitkom vodom ili vodom za gašenje požara
Boja: sukladno primjeni
Razina tlaka: PN 16
Nazivni promjer: DN200",60,m,32.01,1920.6,0%,#VALUE!,,0,
207.080,,Kabelski kanali,,,,0,0,,0,,,
207.090,,šahtovi,,,,0,14228.72,,14228.72,,,
207.090.00100,,- Betonski šaht,"Nabava, doprema i motaža okruglog tipskog betonskog okna (kao tip KBS 12, Samoborka ili jednako vrijedno) koji se sastoji od: Baza montažnog okna je donji element okna unutarnjeg promjera 1000 mm, sa ugrađenim penjalicama i po potrebi i svim projektiranim otvorima za uljeve i odvod. Baze montažnog okna izrađene su postupkom vibroprešanja od betona C 30/37. Za ubetoniravanje spojnog elementa u stjenci okna se izbuši otvor čiji promjer ovisi o promjeru priključne cijevi. Odgovarajuća spojnica se postavi u otvor i ubetonira (C 30/37 S2; Cl 0,20; Dmax=16; VDP3) u stjenku (zid) baze okna. Priključke je moguće izvoditi pod svim zahtjevanim kutevima. Uvodnice (spojnice) se ugrađuju na zahtjev izvođača koji je iste dužan i dostaviti. Prsteni montažnog okna su elementi okna unutarnjeg promjera 1200 mm , a proizvode se u tri različite visine: 250 mm (KBS P/25), 500 mm (KBS P/50), i 1000 mm (KBS P/100), a služe za svladavanje visinske razlike (kao međuelementi između baze okna i završetka).
Svi elementi imaju ugrađene penjalice.Prsteni montažnog okna izrađeni su postupkom vibroprešanja od betona C 30/37. Završetak montažog revizijskog okna smanjuje promjer sa 1200 mm na 625 mm – promjer ljevano-željeznog poklopca (nosivost za teški promet xy). Konusni je završetak (KBS Z konusni) visine 68 cm, dok je ravni završetak (KBS Z ravni) visine 31 cm. Oba su elementa izrađena od betona C 30/37. Revizijsko okno uz obaveznu upotrebu gumenih brtvi za vertikalno spajanje elemenata (baza, prsten, završetak) osigurava potpuno vodonepropusan kanalizacijski sustav. Udovoljava uvjetima norme HRN EN 1917:2005. Obračun po komadu gotovog okna. Obračun se vrši po komadu kompletno izvedenog revizionog okna, uključivo ugradnju RDS prstena za prolaz PVC cijevi kroz betonski zid okna, oplatu zidova i ploča sa podupiranjem, te sve prenose.

Dimenzije: 1000
Dubina kanala: do 2,5 m
Priključci za cijevi: od DN150 do DN400
Razred opterećenja: prema mjestu ugradnje",19,m,499.51,9490.69,0%,9490.69,,0,
207.090.00105,,"- Lijevano željezni poklopac di600, nosivosti D400","Nabava, doprema i montaža okruglih ljevano željeznih poklopaca svijetlog otvora Ø 563 mm sa okvirom za pješačku zonu nosivosti D400 kN (HRN-EN 124). Obračun se vrši po komadu kompletno montiranog poklopca sa okvirom.",19,kom.,249.37,4738.03,0%,4738.03,,0,
207.100,,Drenaža,,,,0,0,,0,,,
207.110,,Sustavi za razdvajanje,,,,0,0,,0,,,
207.110.00100,,x... SKA1 - koalescentni separator NS 10/100,"Separator lakih tekućina s mimotokom 100. Dobava i ugradnja separatora lakih tekućina s bypassom. Separator mora biti konstruiran, izrađen i testiran prema HRN EN 858, što se dokazuje izjavom o svojstvima i pripadajućim izvještajem laboratorijskog ispitivanja učinkovitosti (za dani protok separatora). Separator nazivne veličine NS10 (protok kroz separator 10 l/s) dok je ukupni protok Qmax=100 l/s. Separator mora imati učinkovitosti izdvajanja lakih tekućina klase I - lakih tekućina u izlaznoj vodi do 5mg/l.",1,Stk.,,,,,,,
207.110.00101,,Separator masti - mastolov,"Nabava, dobava i ugradnja separatora masti biljnog i životinjskog porijekla iz centrifugalno lijevanog polietilena. Separator mora biti konstruiran, izrađen i testiran prema HRN EN 1825 nazivne veličine NSx. Separator treba biti siguran od djelovanja sila uzgona do visine podzemne vode do 1m ispod poklopca separatora. Unutarnji elementi separatora trebaju biti izrađeni iz PEHD-a (otpornos na masne kiseline). Separator mora imati Integriranu taložnicu zapremnine najmanje xy litara, dok ukupni volumen ne smije biti veći od xyz lit. Za ugradnju separatora nisu potrebni nikakvi radovi betoniranja. Sve kao ACO LIPUMAX P-B NSx STxyz. Kontrola i pražnjenje separatora se vrši preko poklopca. Pristup u separator treba biti u skladu s HRN EN 476. Priključak uljeva treba biti DN100 utični spoj s kliznom brtvom. Dubina uljevne cijevi, mjereno od kote poklopca do kote dna cijevi uljeva T= xyz m. Separator se treba isporučivati s plinotijesnim poklopcem klase nosivosti xzy, svijetlog otvora promjera 600mm s natpisom ""SEPARATOR"". Obračun se vrši po kompletno montiranom separatoru masti do pune funkcije.",1,kom.,,,,,,0,
207.120,,Sustavi za podizanje,,,,0,40573.35,,40573.35,,,
207.120.00100,,Hidrostanica povišenje i održavanje tlaka - protupožarna hidrostanica,"Nabava, doprema i montaža hidrostanice za povišenje i održavanje tlaka za vanjsku i unutarnju hidrantsku mrežu. Hidrostanica se priključuje na spremnik vode. Protupožarna hidrostanica karakteristika:
Radna točka 1 :
Q=2,5 l/s, H= 43 m
Režim rada – 1 radna crpka
Radna točka 2 :
Q=30 l/s, H= 43 m
Režim rada – 3 radne crpke + 1 rezervna crpka
Protupožarna hidrostanica GRUNDFOS HYDRO MPC-E 4 CRIE32-2 LOW NPSH s četri paralelno spojene crpke tipa CRIE32-2 LOW NPSH sa pojačanom usisnom visinom montirane na zajednički okvir, ulaznim i izlaznim kolektorom DN150 (sve od nehrđajućeg čelika EN/DIN 1.4571/ AISI 316 TI), armaturom, ormarićem za upravljanje GRUNDFOS CONTROL MPC sa ugrađenom mikroprocesorom kontroliranom jedinicom GRUNDFOS CU352 s LCD zaslonom, mogućnošću automatske kaskadne kontrole crpki, frekventnom regulacijom, automatskom samokontrolom crpki te funkcijama zaštite i monitoringa crpki.
Ugrađene crpke su vertikalne, in line crpke s patronskim mehaničkim brtvama, frekventno reguliranim motorima klase energetske efikasnosti IE5 i ugrađenom termičkom zaštitom, izrađene iz nehrđajućeg čelika AISI 304.
Nepovratni ventili moraju biti ugrađeni na usisnim stranama crpki.
Indeks minimalne efikasnosti MEI ≥0,70.
Hidrostanica osim u reżimu konstantnog tlaka mora raditi i u reżimu proporcionalnog tlaka.
Sa hidrostanicom isporučiti i membranski spremnik kapaciteta 100 lit, PN10 bar te plovak za zaštitu od rada na suho.
Puštanje u pogon hidrostanice treba biti izvedeno od strane servisa ovlaštenog od proizvođača GRUNDFOS.
Obračun se vrši po kompletu kompletno montirane hidrostanice, ispitane sa pribavljenim Uvjerenjima do pune funkcije.",1,kom.,37321,37321,,37321,,0,
207.120.00105,,Prepumpno okno - sanitarno fekalne kanalizacije,"Nabava, doprema i ugradnja potopne kanalizacijska crpka Grundfos SLV.65.65.11.2.50B
Radna točka :
Q = 4 [l/s]
H = 4,5 [m]
• Jedna radna + jedna rezervna crpka (1+1)
Uronjiva kanalizacijska crpka Grundfos tip SLV.65.65.11.2.50B u mokroj izvedbi. Sljedećih tehničkih karakteristika:
Tip impelera: Vortex
Maksimalna veličina čestica: 65 [mm]
Materijal kućišta crpke: Lijevano željezo EN-GJL-250
Materijal impelera: Lijevano željezo EN-GJS-400-15
Izlaz crpke: DN65
Frekvencija glavne mreže: 50 [Hz]
Nazivni napon: 3 x 400-415 [V]
Ulazna snaga (P1): 1,6 [kW]
Nazivna snaga (P2): 1,1 [kW]
Nazivna struja: 3,1 [A]
Nazivna brzina: 2830 [min-1]
Maks. broj pokretanja po satu: 30
Neto masa: 46,5 [kg]
S crpkom se isporučuje sljedeći prateći pribor:
- 10 [m] kabela
- lanac iz nehrđajućeg čelika
Uška za dizanje, spojni vijci i spona motora crpke su izrađeni od INOX materijala.
Brtvljenje je izvedeno dvostrukom osovinskom brtvom patronskog tipa u uljnoj komori.
Antikorozijska zaštita crpke: kataforetski premaz + epoxy premaz.
Crpka je opremljena termičkom zaštitom i zaštitom od prodora vlage.
Uz pumpe u stavci uključena i armatura te fazonski komadi kao i sav spojni i brtveni materijal prema detalju nacrta prepumpnog okna, te puštanje u pogon.",1,kom.,1683.52,1683.52,0%,1683.52,,0,
207.120.00110,,Upravljački ormar prepumpne stanice,"Upravljački ormarić za unutarnju ugradnju Grundfos tip LC 231 za dvije crpke s regulacijskom jedinicom i sljedećim mogućnostima:
- mogućnost automatskog izmjeničnog rada crpki,
- regulacija rada dviju crpki na osnovi analognog signala (hidrostatska sonda; 0-5 V, 0.5-3.5 V, 0-10 V, 0-20 mA, 4-20 mA) ili digitalnog (plovka),
- podržava odabir do 5 kontrolnih razina pomoću analogne hidrostatske sonde ili plovka,
- omogućava i jednostavnu regulaciju preko samo jednog plovka,
- moguća konfiguracija ulazno/izlaznih signala na stezaljkama koji mogu biti digitalni ili analogni ( PT100/PT1000 ) prilagođeno potrebnoj aplikaciji,
- prevencija preopterećenja mreže kada se više crpnih stanica pokreće u isto vrijeme pomoću odgode pokretanja crpki,
- zaštita od hidrauličnog udara odgodom istodobnog pokretanja više crpki, te simultanog pokretanja jedne crpke,
- automatsko restartanje alarma,
- postavljanje odgode gašenja pumpe prema postavljenim uvjetima,
- prikaz razine tekućine,
- prikaz alarma sa zvučnim signalom,
- prikaz alarma za krivi redoslijed faza, preopterećenje, rad na suho, visoku razinu tekućine, pregrijavanje motora, detekciju vlage, kvara u opskrbi strujom, greške senzora, preveliki broj uključenja
Mogućnost nadogradnje kartice za upravljanje i nadzor preko CNUS-a.
Specifikacije ormarića Grundfos tip LC 231
Broj pumpi: 2
Materijal ormarića: Plastika
Raspon temperature okoline: -25 .. 40 °C
Postavljanje ormara: Zidno
Uzemljenje: N, PE
Frekvencija glavne mreže: 50 Hz
Nazivni napon: 3 x 200-460 V
Nazivna struja : 1-9 A
Metoda startanja: Direct-on-line (DOL)
Klasa zaštite (IEC 34-5): IP54",1,kom.,1031.4,1031.4,0%,1031.4,,0,
207.120.00115,,Potopna pumpa,"Nabava, doprema i ugradnja pumpe za prepumpavanje vode iz vodomjernog okna.
Potrebna pumpa sa sljedećim karakteristikama:
Q= 1,00 lit/sek
H= 5,0 m
0,25 kW ( jednofazna)
U cijenu uključiti potrebne fazonse komade i potreban materijal do pune funkcije pumpe. Obračun po komadu montirane pumpe sa svim potrebnim za montažu i provjeru na nepropusnost spojeva.",1,kom.,537.43,537.43,0%,537.43,,0,
207.130,,Ostali,,,,0,2206.71,,2206.71,,,
207.130.00100,,- ispitivanje tlaka odvodnih cijevi,"Provedba ispitivanja tlaka u svim gore navedenim Odvodnim cijevima s različitim dimenzijama prema državnim tehničkim propisima u dijelovima, uklj. pripremu cijevi i pripadajuću dokumentaciju, za provjeru nepropusnosti.",1,psch,980.76,980.76,0%,980.76,,0,
207.130.000105,,- tlačno ispitivanje tlačnih vodova,"Provedba ispitivanja tlaka u svim gore navedenim Tlačnim cijevima s različitim dimenzijama prema državnim tehničkim propisima u dijelovima, uklj. pripremu cijevi i pripadajuću dokumentaciju, za provjeru nepropusnosti.",1,psch,1225.95,1225.95,0%,1225.95,,0,
208,,Betonski i armirano betonski radovi,,,,0,28744.37,,28744.37,,,
208.000,,Prethodne napomene,,,,0,0,,0,,,
,,ZTV - Dodatni tehnički uvjeti ugovora,"1.) Dodatni ugovoreni tehnički uvjeti dio su troškovnika te u slučaju ugovaranja postaju dio ugovora. Izvođač radova se dakle obavezuje na sve radove i primjene koje proizlaze iz ovih uvjeta te su one uračunate u cijenu, ukoliko nisu zasebno ponuđene.

2.) Cijene stavki se prikazuju kao neto iznos u državnoj valuti. Važeći zakonski propisani porez na dodanu vrijednost obračunava se zasebno.

3.) U slučaju proturječnosti dodatnih ugovorenih tehničkih uvjeta vrijede prvenstveno podaci iz troškovnika. U slučaju proturječnosti između troškovnika i tehničke dokumentacije koja se predaje prilikom natječaja, vrijedi tehnička dokumentacija.

4.) Prije početka davanja ponude, ponuditelj je dužan pažljivo pročitati kompletan tekst općih uvjeta uz troškovnik, općih i posebnih uvjeta uz svaku grupu radova, tekst samog troškovnika i ostale dijelove tehničke dokumentacije. Ako opis bilo koje stavke u troškovniku dovodi do sumnje o načinu izvedbe ili upotrebu gradiva zahtijevane kvalitete, treba prije predaje ponude zatražiti pojašnjenje od ovlaštene osobe Investitora. Naknadno pozivanje na manjkavost ili nepoznavanje projektno-tehničke dokumentacije ili opisa u troškovniku neće se uzeti u obzir, niti smatrati razlogom za produženje roka izvedbe, a niti će se priznati bilo kakva razlika u cijeni s tog naslova.

5.) Tehnička dokumentacija koja se predaje prilikom natječaja informativnog je karaktera, a ponuđač je dužan u svom trošku izvršiti kontrolu projektno tehničke dokumentacije u smislu točnosti, tehničke ispravnosti, izvedivosti i međusobne usklađenosti. Sve eventualne primjedbe ponuditelj/izvoditelj dužan je pravovremeno uz ponudu, a u svakom slučaju prije izvedbe u pisanom obliku dostaviti Nadzoru i Naručitelju

6.) Ponuditelj je dužan provesti i kontrolu lokacije na licu mjesta prije davanja ponude. Jedinične cijene za pojedine vrste radova sadrže i sve one posredne troškove koji nisu iskazani u troškovniku, ali su neminovni za izvršenje radova predviđenih projektom.

7.) Organizacija gradilišta uračunata je u cijenu, ukoliko nije ponuđena kao zasebna stavka.

8.) Dizalice za podizanje, skele, strojevi, alati, pomoćna sredstva i konstrukcije uzeti su u obzir te su uračunati u jediničnu cijenu.

9.) Skele za radove na fasadi i radove na krovu predmet su ovog natječaja. Ponuditelj smije koristiti postojeće skele uz poštivanje sigurnosnih uvjeta i na vlastitu odgovornost. Preinake na skelama nisu dozvoljene te se one moraju predati u ispravnom stanju u kojem su i preuzete.

10.) Kompletnu režiju gradilišta usigurava i rješava ponuditelj/izvođač i i uključena je u jediničnu cijenu.

11.) Ponuditelj je obvezan redovno prikupljati i ,pravilno skladištiti i odvoziti na ovlašteni deponij sve otpadne materijale, ostatke, krhotine, građevinski otpad, ambalaže, obični otpad i slično o vlastitom trošku. Kod odlaganja otpada potrebno je pridržavati se svih javnopravnih uputa i propisa.

12.) Onečišćenja koja uslijed radova nastaju na susjednim terenima, zgradama, putovima, cestama, trgovima i slično, izvođač radova treba svakodnevno čistiti.

13.) Izvođač preuzima odgovornost za osiguravanje, skladištenje i spremanje vlastite građevinske opreme, strojeva, uređaja, alata i slično. Jednako vrijedi i za građevinske materijale, elemente i za ugradnju određenih uređaja i objekata sve do primopredaje obavljenih građevinskih radova.

14.) Prilikom izvođenja radova, izvoditelj treba zaštititi sve susjedne plohe, dijelove konstrukcije i prethodno izvedene radove na prikladan način a u skladu sa pravilima zaštite na radu, tako da ne dođe do oštećenja istih. Troškove zaštite treba izvoditelj ukalkulirati u ponudbenu cijenu izvođenja radova. Ukoliko ipak dođe do oštećenja prethodno izvedenih radova za koje je odgovoran izvoditelj ili njegov kooperant, dužan je iste o svom trošku dovesti u stanje prije oštećenja ili naručiti iste radove kod drugog izvoditelja na svoj teret.

15.) Sve potrebne mjere prema javnopravnim uputama i propisima za sigurnost i zaštitu zdravlja trebaju se uzeti u obzir te ih se treba pridržavati prilikom izvođenja radova.

16.) Prilikom davanja ponude i izvođenja radova treba se uzeti u obzir, uračunati i pridržavati se
- svih državnih i javnopravnih zakona, smjernica i propisa
- svih odgovarajućih tehničkih standarda, pravila i smjernica
- općeprihvaćenih pravila tehnike
- uputa, propisa i napomena proizvođača za ugradnju i obradu
- Kauflandovih građevinskih opisa, ugovorenih uvjeta i ostalih Kauflandovih dokumenata i planova.

17.) Stavke troškovnika obuhvačaju konačno dovršenje radova definiranih po količini i kvaliteti, onosno podrazumijevaju se kao gotove, potpune i funkcionirajuće, uklj. sve potrebne male dijelove i sredstva za pričvršćivanje, pomoćne materijale i sredstva, podkonstrukcije itd., kao i sve dodatne i posebne usluge - čak i kada one nisu detaljno opisane.

18.) Ako su treće stranke uključene u izvođenje predradnji, izvođač radova ih treba provjeravati. U slučaju nepravilnosti ili prigovora pravovremeno treba informirati naručitelja, tako da može tehnički i organizacijski dovršiti poslove.

19.) Obavezno se treba pridržavati svih Kauflandovih proizvodnih uputa, osim ako postoje opravdani razlozi za odstupanje (npr. dostupnost). U tom slučaju izvođač treba ponuditi istovjetni proizvod ili sustav te potvrditi istovjetnost. O njoj odlučuje naručitelj.

20.) Sustavi se izvode isključivo pomoću komponenata koje su predviđene od strane proizvođača sustava.

21.) Svi materijali, građevinski elementi i uređaji koji neposredno utječu na izgled i funkcionalnost prije ugradnje se trebaju provjeriti. Ugrađuju se tek nakon što naručitelj ili ovlaštena osoba odobri ugradnju na gradilištu. O vrsti i obliku uzorka odlučuje naručitelj.

22.) Ako nije drukčije propisano, izmjene postojećih projektnih rješenja od strane ponuditelja/izvođača a koje utječu na mehaničku stabilnost, ponuditelj/izvođač je dužan u svom trošku ishoditi sve suglasnosti, dozvole i sl.
Projekt izvedenog stanja ukalkulirati u jedničnu cijenu te dostaviti Kauflandu u pisanom i digitalnom obliku.

23.) Svi radovi na objektu te primjenjeni sistemi gradnje moraju biti izvedeni prema pravilu struke, odnosnu u granicama dopuštenih tolerancija.

24.) Ukoliko je ugovoreni termin izvršenja objekta uključen i zimski odnosno ljetni period, to se neće posebno izvođaču priznavati na ime naknade za rad pri niskoj temperaturi, zaštita konstrukcija od hladnoće i vrućine, te atmosferskih nepogoda, sve mora biti uključeno u jediničnu cijenu. Za vrijeme zime objekat se mora zaštititi. Svi eventualni smrznuti dijelovi moraju se ukloniti i izvesti ponovo bez bilo kakve naplate. Ukoliko je temperatura niža od temperature pri kojoj je dozvoljen dotični rad, a Investitor ipak traži da se radi, Izvođač si ima pravo zaračunati naknadu po normi 6,006 ali u tom slučaju Izvođač snosi punu odgovornost za ispravnost i kvalitetu rada. To isto vrijedi i za zaštitu radova tokom ljeta od prebrzog sušenja uslijed visoke temperature.

25.) U jediničnu cijenu rada izvođač treba obuhvatiti i slijedeće radove, koji se neće zasebno platiti kao naknadni rad, čak i ako nisu izričito navedenei u troškovniku:
- sve vrste transporta građevinskih materijala, elemenata, uređaja, objekata itd. do mjesta ugradnje
- potrebne i uobičajene pripreme i predobrade tla
- sve vrste bušenja, zavarivanja, lijepljenja, malih dijelova, sredstava za pričvršćivanje, međupoložaja, izolacije, brtvljenja, folija, spojeva itd. koje su potrebne za priključak, montažu i pričvršćivanje građevinskih dijelova i elemenata
- stručna priprema i priključak na sve okolne dijelove, ugradbene i nadgradne elemente i propuste
- sve izrade kutova, spojnih površina i elemenata, završnih elemenata, slobodnih krajeva itd.
- sve podloge za montažu, priključak i pričvršćivanje kao što su beton, zidani elementi, čelik, aluminij, limovi, gips karton, itd.
- potrebne spojne, kose i okrugle rezove te ostatke rezanja
- Izrada otvora i proreza za instalacije i ugradbene elemente drugih izvođača
- interno povezivanje kablovima i priključak objekata, dovod prema električnim trošilima na gradilištu od strane elektro izvođača",,,0,,,,,,
,,Vidljive betonske površine,"Za vidljive betonske površine vrijede sljedeći uvjeti:

Razred vidljivog betona SB1:
- Betonske površine s niskim dizajnerskim zahtjevima
- Tektura: Većinski zatvorena površina od cementnog ljepila odnosno žbuke, dopušta se prodiranje cementnog ljepila/fine žbuke u oplate do širine od ca. 20 mm i dubine od ca. 10 mm, dopušten je otisak okvira oplate
- Poroznost: Udio od maks. 3.000 mm2 pora s promjerom unutar granica 2 mm < d < 15 mm (po ispitanoj površini veličine 500 mm x 500 mm)
- Jednolikost boje: Dozvoljene su svjetle/tamne mrlje, mrlje od rđe i prljavštine nisu dozvoljene
- Ravnost: Zahtjevi ravnosti površine prema DIN 18202, tablici 3, retku 5 (neobrađeni zidovi i donje strane grubih stropova)
- Fuge na radnim površinama i oplatama: Razmak između dvaju betonskih dijelova do ca. 10 mm je dopušten
- Razred oplata SHK1: Bušene rupe zatvoriti plastičnim čepovima, rupe od čavala i vijaka su dopuštene, oštećenja na oplatama od vibratora za beton su dopuštena, ogrebotine su dopuštene, ostaci betona u procjepima (rupama od čavala, udubinama, itd.) su dopušteni, bez zalijepljenih komada, tragovi cementa su dopušteni, savijanje oplate u području vijaka i čavala je dopušteno, popravci su dopušteni

Razred oplata SB2:
- Betonske površine s normalnim dizajnerskim zahtjevima
- Tektura: Zatvorena i većinski jednolika betonska površina, dopušta se prodiranje cementnog ljepila/fine žbuke u oplate do širine od ca. 10 mm i dubine od ca. 5 mm, pomak na mjestu spajanja elemenata dopušten je do ca. 5 mm, dopuštena je visina preostalog spoja do ca. 5 mm, otisak okvira oplate je dopušten
- Poroznost: Udio od maks. 2.250 mm2 pora s promjerom unutar granica 2 mm < d < 15 mm (po ispitanoj površini veličine 500 mm x 500 mm)
- Jednolikost boje: Jednolike, velike svijetle/tamne mrlje su dopuštene, korištenje različitih vrsta i načina predobrade oplata te materijala različitih vrsta i podrijetla nije dopušteno
- Ravnost: Zahtjevi ravnosti površine prema DIN 18202, tablici 3, retku 5 (neobrađeni zidovi i donje strane grubih stropova)
- Fuge na radnim površinama i oplatama: Razmak između dvaju betonskih dijelova do ca. 10 mm je dopušten, ostaci fine žbuke na prethodnom betonskom dijelu trebaju se pravovremeno ukloniti, preporučuje se trapezna letva ili slično
- Razred oplata SHK2: Bušene rupe su dopuštene kod popravka, rupe od čavala i vijaka bez oštećenja su dopuštene, oštećenja na oplatama od vibratora za beton nisu dopuštena, ogrebotine su dopuštene kod popravka, ostaci betona nisu dopušteni, tragovi cementa su dopušteni, savijanje oplate u području vijaka i čavala nije dopušteno, popravci su dopušteni

Razred vidljivog betona SB3:
- Betonske površine s visokim dizajnerskim zahtjevima
- Tektura: Zatvorena i većinski jednolika betonska površina, dopušta se prodiranje cementnog ljepila/fine žbuke u oplate do širine od ca. 10 mm i dubine od ca. 5 mm, pomak na mjestu spajanja elemenata dopušten je do ca. 5 mm, dopuštena je visina preostalog spoja do ca. 5 mm, otisak okvira oplate je dopušten
- Poroznost: Udio od maks. 1.500 mm2 pora s promjerom unutar granica 2 mm < d < 15 mm (po ispitanoj površini veličine 500 mm x 500 mm)
- Jednolikost boje: Jednolike, velike svijetle/tamne mrlje su dopuštene, korištenje različitih vrsta i načina predobrade oplata te materijala različitih vrsta i podrijetla nije dopušteno
- Ravnost: Zahtjevi ravnosti površine prema DIN 18202, tablici 3, retku 6 (obrađeni zidovi i donje strane stropova)
- Fuge na radnim površinama i oplatama: Razmak između dvaju betonskih dijelova do ca. 5 mm je dopušten, ostaci fine žbuke na prethodnom betonskom dijelu trebaju se pravovremeno ukloniti, preporučuje se trapezna letva ili slično
- Razred oplata SHK2: Bušene rupe su dopuštene kod popravka, rupe od čavala i vijaka bez oštećenja su dopuštene, oštećenja na oplatama od vibratora za beton nisu dopuštena, ogrebotine su dopuštene kod popravka, ostaci betona nisu dopušteni, tragovi cementa su dopušteni, savijanje oplate u području vijaka i čavala nije dopušteno, popravci su dopušteni",,,0,,,,,,
,,Razlikovanje betonskih i armiranobetonskih radova,"U sljedećim pozicijama potrebno je uzeti u obzir i uračunati sljedeće usluge, čak i ako nisu izričito navedene:
- Mjerenje i niveliranje usluga od zadanih mjernih točaka odnosno osi
- Sve ugradbene dijelove, sitne dijelove, međuslojeve i sredstva za pričvršćivanje koja su potrebna za spajanje i pričvršćivanje elemenata od armiranog betona. Jednako vrijedi i za sve komponente koje su potrebne za montažu.
- Ugradbeni dijelovi koji su potrebni za druge radove, opisani su u poglavlju Pojačanja i ugradbeni elementi.
- Fuge kod oplata na vidljivim betonskim površinama trebaju se uskladiti s naručiteljem. Po potrebi treba predvidjeti prividne fuge.
- Izrada odnosno zatvaranje fugama uključuje nanošenje žbuke i trajno elastično brtvljenje pomoću konopa ili PU mase za fugiranje.
- stručna provedba svih potrebnih naknadnih obrada
- eventualna oštećenja na površini i / ili oštećenja betonske konstrukcije treba poravnati i brusiti za ličenje
- Izrada primjernih uzoraka za procjenu površine (od SB3)
- Zaštite na rubovima, zaštite od pada i propadanja u sklopu usluga, i nakon završetka montaže",,,0,,,,,,
208.090,,šahtovi i okna,,,,0,21960.82,,21960.82,,,
208.090.00100,,- Prepumpno okno,"Betoniranje prepumpnog okna svijetlog otvora vel. 220x150 cm, svijetle visine 280cm.
Betoniranje izvesti C 25/30 s dodatkom sredstva za vodonepropusnost 4,2 betacementola, izvedba u dvostranoj glatkoj oplati dubine prema potrebnoj koti dna okna.
Dno i stijenke okna su 30 cm. Unutarnje stijenke i dno ožbukati cem. mortom 1:2 do crnog sjaja. Okno je pokriveno arm. bet. pločom debljine 20 cm.
Ulaz je izveden preko ulaznog okna.
U okna se ugrađuju ljevano-željezne penjalice težine 3,5 kg na razmaku od 30 cm i ljevano-željezni poklopci sa pripadajućim okvirom dim. 600/600 mm x3 za teški promet klase C250 (250 kN).
Potrebno izvesti kinetu u prepumpnom oknu betonom C 25/30 i armiranu rabic mrežom.
Obračun se vrši po komadu kompletno izvedenog prepumpnog okna (prema detalju).",1,komplet,0,0,0%,0,,0,
208.090.00105,,- revizijski šaht cestovne oborinske odvodnje DN 800,"Dobava, doprema, raznošenje duž rovova i ugradba prefabriciranih PE montažnih revizijskih okna profila DN 800. Okna mogu biti jednodjelna ili sastavljena od više dijelova, industrijski proizvedena, uključujući sidreni betonski prsten, tvornički ugrađene stube, te poklopac. Visina okana prema uzdužnom profilu. Profili kanala su DN ,300,400, a kineta, u dnu je bez kaskade. Obračun po komadu kompletno isporučenog PEHD montažnog revizijskog okna, uključujući konstrukciju gornje ploče (betonski sidreni i kompenzacijski prsteni), brtvljenja i okrugli poklopac nosivosti 400 kN.",5,kom,1567.78,7838.9,0%,7838.9,,0,
208.090.00110,,- revizijski šaht cestovne oborinske odvodnje DN 1000,"Dobava, doprema, raznošenje duž rovova i ugradba prefabriciranih PE montažnih revizijskih okna profila DN 1000. Okna mogu biti jednodjelna ili sastavljena od više dijelova, industrijski proizvedena, uključujući sidreni betonski prsten, tvornički ugrađene stube, te poklopac. Visina okana prema uzdužnom profilu. Profili kanala su DN ,300,400, a kineta, u dnu je bez kaskade. Obračun po komadu kompletno isporučenog PEHD montažnog revizijskog okna, uključujući konstrukciju gornje ploče (betonski sidreni i kompenzacijski prsteni), brtvljenja i okrugli poklopac nosivosti 400 kN.",8,kom,1765.24,14121.92,0%,14121.92,,0,
208.090.00115,,- Vodomjerno okno,"Izrada vodomjernog okna svijetle veličine 550/200 cm i svijetle visine 180 cm, s otvorom za pumpu dimenzija 60x60x60 cm. Dno i stijenke okna debljine 20 cm, beton C 25/30. Monolitna armiranobetonska ploča debljine 20 cm, beton C 25/30. Konstruktivno armirati stijenke mrežom SQ257 dvostrano.
Prije betoniranja obavezno provjeriti dimenzije vodomjernog okna sa nadležnim komunalnim poduzećem (VIO).
Beton razreda čvstoće 25/30 s dodatkom aditiva za vodonepropusnost u svostranoj glatkoj oplati. Prodor cijevi kroz zidove izvesti vodonepropusno. Cijevi obložiti katraniziranim užetom od kudelje na mjestima prolaza kroz zidove. Unutarnje stijenke obraditi vodonepropusnim premazom kao SIKALASTIC-152. Prije betoniranja, a osobito za ljetnih vrućih dana, treba drvenu oplatu i tlo obilno politi vodom da ne upijaju vodu iz betona. Dobava i montaža lijevano-željezih poklopaca. Poklopci se veličine 60/60 cm, nosivosti D400 prema EN 124:1994. U vodomjerno okno ugraditi lijevano željezne stupaljke na razmacima 30 cm. Obračun se vrši po komadu kompletno izvedenog vodomjernog okna, uključivo i oplatu zidova i ploča, sa podupiranjem, te sve prenose.
U stavku je uključena priprema i montaža rasvjetnog mjesta sukladno KaBa 2024 sa potopnom pumpom i lijevano željeznom rešetokom 400x400m do potpune funkcionalnosti.",1,komplet,0,0,0%,0,,0,
208.110,,Spremnik vode za sprinkler,,,,0,6783.55,,6783.55,,,
208.110.00100,,"x..WSP1..x - betonske podloge od nearmiranog betona, debljina [8] cm","Izrada betonske podloge od nearmiranog betona ispod temeljne ploče. Zaglađivanje gornjeg sloja.

Debljina: 8 cm
Razred čvrstoće: C12/15",21,m3,0,0,0%,#VALUE!,,0,
208.110.00105,,"x..WSP1..x - armiranobetonska podna ploča, debljina [50] cm","Dobava i strojna ugradnja armiranog betona sa dodatkom za vodonepropusnost u temeljnu ploču sprinkler bazena. Svježi beton prema DIN EN 206-1.

Debljina: [50] cm
Razred čvrstoće: C30/37
Razredi izloženosti: XC2
Razredi izloženosti: [XC3, WU, WF]
WU razred uporabe: B (dopuštena su vlažna mjesta)
WU razred opterećenja: 2 (vlažnost tla, procjedna voda se ne zadržava na površini)
Zahtjevi za ravnoću: DIN 18202, tablica 3, stupac 2 (neobrađene površine s većim zahtjevima)

Armatura i oplata se obračunavaju u zasebnim pozicijama.",123,m3,0,0,0%,#VALUE!,,0,
208.110.00110,,"x..WSP1..x - armiranobetonski zidovi, debljine [30] cm","Dobava i strojna ugradnja armiranog betona sa dodatkom za vodonepropusnost u zidove sprinkler bazena. Svježi beton prema DIN EN 206-1.

Debljina: [30] cm
Razred čvrstoće: [C30/37]
Razredi izloženosti: [XC3, WU, WF]
WU razred uporabe: B (dopuštena su vlažna mjesta)
WU razred opterećenja: 2 (vlažnost tla, procjedna voda se ne zadržava na površini)
Površina: kvaliteta vidnog betona (SB1)

Armatura i oplata se obračunavaju u zasebnim pozicijama.",59,m3,0,0,0%,#VALUE!,,0,
208.110.00115,,"x..WSP1..x - armiranobetonski stupovi, dimenzije [0,5 / 0,5] m","Dobava i strojna ugradnja armiranog betona sa dodatkom za vodonepropusnost u stupove sprinkler bazena. Svježi beton prema DIN EN 206-1.

Dimenzije/presjek: [0,5/0,5] m
Razred čvrstoće: [C30/37]
Razredi izloženosti: [XC3, WU, WF]
WU razred uporabe: B (dopuštena su vlažna mjesta)
WU razred opterećenja: 2 (vlažnost tla, procjedna voda se ne zadržava na površini)
Površina: kvaliteta vidnog betona (SB1)

Armatura i oplata se obračunavaju u zasebnim pozicijama.",1.1,m3,0,0,0%,#VALUE!,,0,
208.110.00120,,"x..WSP1..x - armiranobetonske grede, dimenzija [0,72 / 0,40] m","Dobava i strojna ugradnja armiranog betona sa dodatkom za vodonepropusnost u grede sprinkler bazena. Svježi beton prema DIN EN 206-1.

Dimenzije/presjek: [0,72/0,40] m
Razred čvrstoće: [C30/37]
Razredi izloženosti: [XC3, WU, WF]
WU razred uporabe: B (dopuštena su vlažna mjesta)
WU razred opterećenja: 2 (vlažnost tla, procjedna voda se ne zadržava na površini)
Površina: kvaliteta vidnog betona (SB1)

Armatura i oplata se obračunavaju u zasebnim pozicijama.",13,m3,0,0,0%,#VALUE!,,0,
208.110.00125,,"x..WSP1..x - armiranobetonski strop, debljina [30] cm","Dobava i strojna ugradnja armiranog betona sa dodatkom za vodonepropusnost u strop sprinkler bazena. Svježi beton prema DIN EN 206-1.

Debljina: [30] cm
Razred čvrstoće: [C30/37]
Razredi izloženosti: [XC3, WU, WF]
WU razred uporabe: B (dopuštena su vlažna mjesta)
WU razred opterećenja: 2 (vlažnost tla, procjedna voda se ne zadržava na površini)
Površina: kvaliteta vidnog betona (SB1)

Armatura i oplata se obračunavaju u zasebnim pozicijama.",75,m3,0,0,0%,#VALUE!,,0,
208.110.00130,,x..WSP1..x - okno potopne pumpe,"Dobava materijala i izvedba armiranobetonskog okna potopne pumpe. Konstruktivni elementi od kojih se sastoji izvedba:
- podna temeljna ploča
- zidovi

Svijetle dimenzije okna: [1,50/3,70] m
Svijetla dubina okna: [0,90] m
Debljina zida: [0,30] m
Debljina temeljne ploče: [0,50] m
Površina: kvaliteta vidnog betona (SB1)
Armatura se obračunava u zasebnim pozicijama.

Radovi koje je potrebno obuhvatiti stavkom do gotove funkcionalnosti:
- beton: dobava i strojna ugradba prema DIN EN 206-1 sa dodatkom za vodonepropusnost (temeljna ploča; zidovi) V=[xxx] m3
Razred čvrstoće: [C30/37]
Razredi izloženosti: [XC2, WF]
- rubna oplata, rubovi nakošeni P= [6,0] m2
- dvostrana oplata zidova, rubovi nakošeni P=[11,0] m2",1,kom,0,0,0%,#VALUE!,,0,
208.110.00135,,x..WSP1..x - ulazna šahta,"Dobava materijala i izvedba ulaznog šahta u sprinkler bazen.

Svijetle dimenzije: [0,80/0,80] m
Svijetla visina: [0,55] m
Debljina zida: [0,15] m
Razred čvrstoće: [C30/37]
Razredi izloženosti: [XC3]
WU razred uporabe: B (dopuštena su vlažna mjesta)
WU razred opterećenja: 2 (vlažnost tla, procjedna voda se ne zadržava na površini)

Radovi koje je potrebno obuhvatiti stavkom do gotove funkcionalnosti:
- beton: dobava i strojna ugradba prema DIN EN 206-1 sa dodatkom za vodonepropusnost (zidovi) V=[xxx] m3
Razred čvrstoće: [C25/30]
Razredi izloženosti: [XC2, WF]
- dvostrana oplata zidova, rubovi nakošeni P=[4,50] m2
- poklopac 90x90cm, razred D, vodonepropusna izvedba: [2] kom",2,kom,0,0,0%,#VALUE!,,0,
208.110.00140,,"x..WSP1..x - armiranobetonska temeljna ploča-oplata, debljina [50] cm","Dobava, izrada i postava oplate temeljne ploče sprinkler bazena. Debljina ploče 30cm. U cijeni sav rad, materijal kako bi se stavka izvela do gotove funkcionalnosti.",40,m2,0,0,0%,#VALUE!,,0,
208.110.00145,,"x..WSP1..x - armiranobetonski zidovi i stupovi-oplata, debljina [30] cm","Dobava, izrada i postava oplate za zidove i stupova sprinkler bazena u glatkoj dvostranoj i četverostranoj oplati uključivo i zidove šahte ulaza. U cijeni sva razupiranja i podupiranja. U cijeni sav rad, materijal kako bi se stavka izvela do gotove funkcionalnosti.",420,m2,0,0,0%,#VALUE!,,0,
208.110.00150,,"x..WSP1..x - armiranobetonske grede-oplata, debljina [40] cm","Dobava, izrada i postava oplate greda sprinkler bazena Debljina ploče 30cm. U cijeni sav rad, materijal kako bi se stavka izvela do gotove funkcionalnosti.",72,m2,0,0,0%,#VALUE!,,0,
208.110.00155,,"x..WSP1..x - armiranobetonska stropna ploča-oplata sa podupiranjem, debljina [30] cm","Dobava, izrada i postava oplate stropne ploče sprinkler bazena. U cijeni sav rad, materijal kako bi se stavka izvela do gotove funkcionalnosti.

_oplata sa podupiranjem na visini do 2,50 m",202,m2,0,0,0%,#VALUE!,,0,
208.110.00160,,"x..WSP1..x - beton za pad iznad ploče sprinkler bazena, debljina [5-10] cm",Izvedba betona za pad debljine 5-10cm iznad ab ploče sprinkler bazena. U cijenu uključena oplata i sav materijal i rad da se stavka izvede do funkcionalne gotovosti.,250,m2,0,0,0%,#VALUE!,,0,
208.110.00165,,x... WSP1 - Ispitnivanje spremnika vode za sprinkler uz max punjenje 2 tjedna,"Ispitivanje nepropusnosti spremnika uz maksimalno punjenje tijekom 2 tjedna, uklj. prethodno čišćenje spremnika, dovod vode i prvo punjenje.",1,paušal,1225.95,1225.95,0%,#VALUE!,,0,
208.110.00170,,x..WSP1..x - Provodi cijevi sprinkler bazena,"Provodi cijevi sprinkler bazena za sve potrebne priključke kroz zidove i stropove,uključujući potrebne mjere brtvljenja. NAPOMENA: u cijenu uključiti naknadno bušenje zida te brtvu ROXTEC brtveni elementi.
_PEHD Ø150",3,kom,694.7,2084.1,0%,#VALUE!,,0,
208.110.00175,,x..WSP1..x - Provodi cijevi sprinkler bazena,Sve isto kao i stavka 208.110.00170 samo cijev Ø20 (kabelska cijev),1,kom,408.65,408.65,0%,#VALUE!,,0,
208.110.00180,,x..WSP1..x - Provodi cijevi sprinkler bazena,Sve isto kao i stavka 208.110.00170 samo cijev Ø80,5,kom,474.03,2370.15,0%,#VALUE!,,0,
208.110.00185,,x..WSP1..x - Provodi cijevi sprinkler bazena,Sve isto kao i stavka 208.110.00170 samo cijev Ø150,1,kom,694.7,694.7,0%,#VALUE!,,0,
304,,Hidroizolacija krova,,,,0,1961.55,,1961.55,,,
304.000,,Prethodne napomene,,,,0,0,,0,,,
,,ZTV - Dodatni tehnički uvjeti ugovora,"1.) Dodatni ugovoreni tehnički uvjeti dio su troškovnika te u slučaju ugovaranja postaju dio ugovora. Izvođač radova se dakle obavezuje na sve radove i primjene koje proizlaze iz ovih uvjeta te su one uračunate u cijenu, ukoliko nisu zasebno ponuđene.

2.) Cijene stavki se prikazuju kao neto iznos u državnoj valuti. Važeći zakonski propisani porez na dodanu vrijednost obračunava se zasebno.

3.) U slučaju proturječnosti dodatnih ugovorenih tehničkih uvjeta vrijede prvenstveno podaci iz troškovnika. U slučaju proturječnosti između troškovnika i tehničke dokumentacije koja se predaje prilikom natječaja, vrijedi tehnička dokumentacija.

4.) Prije početka davanja ponude, ponuditelj je dužan pažljivo pročitati kompletan tekst općih uvjeta uz troškovnik, općih i posebnih uvjeta uz svaku grupu radova, tekst samog troškovnika i ostale dijelove tehničke dokumentacije. Ako opis bilo koje stavke u troškovniku dovodi do sumnje o načinu izvedbe ili upotrebu gradiva zahtijevane kvalitete, treba prije predaje ponude zatražiti pojašnjenje od ovlaštene osobe Investitora. Naknadno pozivanje na manjkavost ili nepoznavanje projektno-tehničke dokumentacije ili opisa u troškovniku neće se uzeti u obzir, niti smatrati razlogom za produženje roka izvedbe, a niti će se priznati bilo kakva razlika u cijeni s tog naslova.

5.) Tehnička dokumentacija koja se predaje prilikom natječaja informativnog je karaktera, a ponuđač je dužan u svom trošku izvršiti kontrolu projektno tehničke dokumentacije u smislu točnosti, tehničke ispravnosti, izvedivosti i međusobne usklađenosti. Sve eventualne primjedbe ponuditelj/izvoditelj dužan je pravovremeno uz ponudu, a u svakom slučaju prije izvedbe u pisanom obliku dostaviti Nadzoru i Naručitelju

6.) Ponuditelj je dužan provesti i kontrolu lokacije na licu mjesta prije davanja ponude. Jedinične cijene za pojedine vrste radova sadrže i sve one posredne troškove koji nisu iskazani u troškovniku, ali su neminovni za izvršenje radova predviđenih projektom.

7.) Organizacija gradilišta uračunata je u cijenu, ukoliko nije ponuđena kao zasebna stavka.

8.) Dizalice za podizanje, skele, strojevi, alati, pomoćna sredstva i konstrukcije uzeti su u obzir te su uračunati u jediničnu cijenu.

9.) Skele za radove na fasadi i radove na krovu predmet su ovog natječaja. Ponuditelj smije koristiti postojeće skele uz poštivanje sigurnosnih uvjeta i na vlastitu odgovornost. Preinake na skelama nisu dozvoljene te se one moraju predati u ispravnom stanju u kojem su i preuzete.

10.) Kompletnu režiju gradilišta usigurava i rješava ponuditelj/izvođač i i uključena je u jediničnu cijenu.

11.) Ponuditelj je obvezan redovno prikupljati i ,pravilno skladištiti i odvoziti na ovlašteni deponij sve otpadne materijale, ostatke, krhotine, građevinski otpad, ambalaže, obični otpad i slično o vlastitom trošku. Kod odlaganja otpada potrebno je pridržavati se svih javnopravnih uputa i propisa.

12.) Onečišćenja koja uslijed radova nastaju na susjednim terenima, zgradama, putovima, cestama, trgovima i slično, izvođač radova treba svakodnevno čistiti.

13.) Izvođač preuzima odgovornost za osiguravanje, skladištenje i spremanje vlastite građevinske opreme, strojeva, uređaja, alata i slično. Jednako vrijedi i za građevinske materijale, elemente i za ugradnju određenih uređaja i objekata sve do primopredaje obavljenih građevinskih radova.

14.) Prilikom izvođenja radova, izvoditelj treba zaštititi sve susjedne plohe, dijelove konstrukcije i prethodno izvedene radove na prikladan način a u skladu sa pravilima zaštite na radu, tako da ne dođe do oštećenja istih. Troškove zaštite treba izvoditelj ukalkulirati u ponudbenu cijenu izvođenja radova. Ukoliko ipak dođe do oštećenja prethodno izvedenih radova za koje je odgovoran izvoditelj ili njegov kooperant, dužan je iste o svom trošku dovesti u stanje prije oštećenja ili naručiti iste radove kod drugog izvoditelja na svoj teret.

15.) Sve potrebne mjere prema javnopravnim uputama i propisima za sigurnost i zaštitu zdravlja trebaju se uzeti u obzir te ih se treba pridržavati prilikom izvođenja radova.

16.) Prilikom davanja ponude i izvođenja radova treba se uzeti u obzir, uračunati i pridržavati se
- svih državnih i javnopravnih zakona, smjernica i propisa
- svih odgovarajućih tehničkih standarda, pravila i smjernica
- općeprihvaćenih pravila tehnike
- uputa, propisa i napomena proizvođača za ugradnju i obradu
- Kauflandovih građevinskih opisa, ugovorenih uvjeta i ostalih Kauflandovih dokumenata i planova.

17.) Stavke troškovnika obuhvačaju konačno dovršenje radova definiranih po količini i kvaliteti, onosno podrazumijevaju se kao gotove, potpune i funkcionirajuće, uklj. sve potrebne male dijelove i sredstva za pričvršćivanje, pomoćne materijale i sredstva, podkonstrukcije itd., kao i sve dodatne i posebne usluge - čak i kada one nisu detaljno opisane.

18.) Ako su treće stranke uključene u izvođenje predradnji, izvođač radova ih treba provjeravati. U slučaju nepravilnosti ili prigovora pravovremeno treba informirati naručitelja, tako da može tehnički i organizacijski dovršiti poslove.

19.) Obavezno se treba pridržavati svih Kauflandovih proizvodnih uputa, osim ako postoje opravdani razlozi za odstupanje (npr. dostupnost). U tom slučaju izvođač treba ponuditi istovjetni proizvod ili sustav te potvrditi istovjetnost. O njoj odlučuje naručitelj.

20.) Sustavi se izvode isključivo pomoću komponenata koje su predviđene od strane proizvođača sustava.

21.) Svi materijali, građevinski elementi i uređaji koji neposredno utječu na izgled i funkcionalnost prije ugradnje se trebaju provjeriti. Ugrađuju se tek nakon što naručitelj ili ovlaštena osoba odobri ugradnju na gradilištu. O vrsti i obliku uzorka odlučuje naručitelj.

22.) Ako nije drukčije propisano, izmjene postojećih projektnih rješenja od strane ponuditelja/izvođača a koje utječu na mehaničku stabilnost, ponuditelj/izvođač je dužan u svom trošku ishoditi sve suglasnosti, dozvole i sl.
Projekt izvedenog stanja ukalkulirati u jedničnu cijenu te dostaviti Kauflandu u pisanom i digitalnom obliku.

23.) Svi radovi na objektu te primjenjeni sistemi gradnje moraju biti izvedeni prema pravilu struke, odnosnu u granicama dopuštenih tolerancija.

24.) Ukoliko je ugovoreni termin izvršenja objekta uključen i zimski odnosno ljetni period, to se neće posebno izvođaču priznavati na ime naknade za rad pri niskoj temperaturi, zaštita konstrukcija od hladnoće i vrućine, te atmosferskih nepogoda, sve mora biti uključeno u jediničnu cijenu. Za vrijeme zime objekat se mora zaštititi. Svi eventualni smrznuti dijelovi moraju se ukloniti i izvesti ponovo bez bilo kakve naplate. Ukoliko je temperatura niža od temperature pri kojoj je dozvoljen dotični rad, a Investitor ipak traži da se radi, Izvođač si ima pravo zaračunati naknadu po normi 6,006 ali u tom slučaju Izvođač snosi punu odgovornost za ispravnost i kvalitetu rada. To isto vrijedi i za zaštitu radova tokom ljeta od prebrzog sušenja uslijed visoke temperature.

25.) U jediničnu cijenu rada izvođač treba obuhvatiti i slijedeće radove, koji se neće zasebno platiti kao naknadni rad, čak i ako nisu izričito navedenei u troškovniku:
- sve vrste transporta građevinskih materijala, elemenata, uređaja, objekata itd. do mjesta ugradnje
- potrebne i uobičajene pripreme i predobrade tla
- sve vrste bušenja, zavarivanja, lijepljenja, malih dijelova, sredstava za pričvršćivanje, međupoložaja, izolacije, brtvljenja, folija, spojeva itd. koje su potrebne za priključak, montažu i pričvršćivanje građevinskih dijelova i elemenata
- stručna priprema i priključak na sve okolne dijelove, ugradbene i nadgradne elemente i propuste
- sve izrade kutova, spojnih površina i elemenata, završnih elemenata, slobodnih krajeva itd.
- sve podloge za montažu, priključak i pričvršćivanje kao što su beton, zidani elementi, čelik, aluminij, limovi, gips karton, itd.
- potrebne spojne, kose i okrugle rezove te ostatke rezanja
- Izrada otvora i proreza za instalacije i ugradbene elemente drugih izvođača
- interno povezivanje kablovima i priključak objekata, dovod prema električnim trošilima na gradilištu od strane elektro izvođača",,,0,,,,,,
,,Hidroizolacija krova za razgraničenje izvedbe,"U sljedećim pozicijama potrebno je uzeti u obzir i uračunati sljedeće usluge, čak i ako nisu izričito navedene:
- Projektiranje i dimenzioniranje naprava za pričvršćivanje krova, po potrebi izrada izolacijskih planova za nagibe
- potrebna zavarivanja i lijepljenja na šavovima, spojevima i priključcima
- potrebne mehaničke naprave za pričvršćivanje, uklj. sredstva za pričvršćivanje, spojne limove, itd.
- potrebne izrade fuga
- Izolaciju postaviti bez razmaka, sve otvore zatvoriti, dijelove zalijepiti s preklapanjem
- Provođenje brtvenog sustava preko spojeva, ugradbenih i nadgradnih elemenata i prolaza
- Mjere za preventivnu protupožarnu zaštitu kod otvora i prolaza u krovu koje sprječavaju širenje požara
- Izvedbu na nakošenim površinama ili površinama pod nagibom
- Izradu parnih brana kao brtveni sustav
- potrebne separacijske i zaštitne slojeve
- korištene drvene dijelove sa solnom impregnacijom protiv gljivica, truleži i insekata",,,0,,,,,,
304.050,,Nadgrađe i uređaji,,,,0,1961.55,,1961.55,,,
304.050.00100,,x..NÜ1..x - Preljev,"Dobava i postava tipskog preljeva za slučajeve nužde (rigalica) od tvrde plastike, siva boja ili boja materijala fasade. Postava u fasadi(atici) iznad vanjskog sloja krova, pravokutnog oblika s neznatno nakošenim izljevom (5°), otporan na hladnoću do minimalno-40°C i otporan na ultraljubičasto zračenje, s prirubnicom od PVC-a ili polipropilena za priključivanje plastičnih krovnih traka od polivinilklorida (PVC) ili fleksibilnog poliolefina (FPO).

Dimenzije: do 100/300 mm
Dužina odvoda: do 600 mm
Brtvena traka za krov: [PVC]",15,kom,130.77,1961.55,0%,#VALUE!,,0,
403,,Radovi na estrihu,,,,0,735.6,,735.6,,,
403.000,,Prethodne napomene,,,,0,0,,0,,,
,,ZTV - Dodatni tehnički uvjeti ugovora,"1.) Dodatni ugovoreni tehnički uvjeti dio su troškovnika te u slučaju ugovaranja postaju dio ugovora. Izvođač radova se dakle obavezuje na sve radove i primjene koje proizlaze iz ovih uvjeta te su one uračunate u cijenu, ukoliko nisu zasebno ponuđene.

2.) Cijene stavki se prikazuju kao neto iznos u državnoj valuti. Važeći zakonski propisani porez na dodanu vrijednost obračunava se zasebno.

3.) U slučaju proturječnosti dodatnih ugovorenih tehničkih uvjeta vrijede prvenstveno podaci iz troškovnika. U slučaju proturječnosti između troškovnika i tehničke dokumentacije koja se predaje prilikom natječaja, vrijedi tehnička dokumentacija.

4.) Prije početka davanja ponude, ponuditelj je dužan pažljivo pročitati kompletan tekst općih uvjeta uz troškovnik, općih i posebnih uvjeta uz svaku grupu radova, tekst samog troškovnika i ostale dijelove tehničke dokumentacije. Ako opis bilo koje stavke u troškovniku dovodi do sumnje o načinu izvedbe ili upotrebu gradiva zahtijevane kvalitete, treba prije predaje ponude zatražiti pojašnjenje od ovlaštene osobe Investitora. Naknadno pozivanje na manjkavost ili nepoznavanje projektno-tehničke dokumentacije ili opisa u troškovniku neće se uzeti u obzir, niti smatrati razlogom za produženje roka izvedbe, a niti će se priznati bilo kakva razlika u cijeni s tog naslova.

5.) Tehnička dokumentacija koja se predaje prilikom natječaja informativnog je karaktera, a ponuđač je dužan u svom trošku izvršiti kontrolu projektno tehničke dokumentacije u smislu točnosti, tehničke ispravnosti, izvedivosti i međusobne usklađenosti. Sve eventualne primjedbe ponuditelj/izvoditelj dužan je pravovremeno uz ponudu, a u svakom slučaju prije izvedbe u pisanom obliku dostaviti Nadzoru i Naručitelju

6.) Ponuditelj je dužan provesti i kontrolu lokacije na licu mjesta prije davanja ponude. Jedinične cijene za pojedine vrste radova sadrže i sve one posredne troškove koji nisu iskazani u troškovniku, ali su neminovni za izvršenje radova predviđenih projektom.

7.) Organizacija gradilišta uračunata je u cijenu, ukoliko nije ponuđena kao zasebna stavka.

8.) Dizalice za podizanje, skele, strojevi, alati, pomoćna sredstva i konstrukcije uzeti su u obzir te su uračunati u jediničnu cijenu.

9.) Skele za radove na fasadi i radove na krovu predmet su ovog natječaja. Ponuditelj smije koristiti postojeće skele uz poštivanje sigurnosnih uvjeta i na vlastitu odgovornost. Preinake na skelama nisu dozvoljene te se one moraju predati u ispravnom stanju u kojem su i preuzete.

10.) Kompletnu režiju gradilišta usigurava i rješava ponuditelj/izvođač i i uključena je u jediničnu cijenu.

11.) Ponuditelj je obvezan redovno prikupljati i ,pravilno skladištiti i odvoziti na ovlašteni deponij sve otpadne materijale, ostatke, krhotine, građevinski otpad, ambalaže, obični otpad i slično o vlastitom trošku. Kod odlaganja otpada potrebno je pridržavati se svih javnopravnih uputa i propisa.

12.) Onečišćenja koja uslijed radova nastaju na susjednim terenima, zgradama, putovima, cestama, trgovima i slično, izvođač radova treba svakodnevno čistiti.

13.) Izvođač preuzima odgovornost za osiguravanje, skladištenje i spremanje vlastite građevinske opreme, strojeva, uređaja, alata i slično. Jednako vrijedi i za građevinske materijale, elemente i za ugradnju određenih uređaja i objekata sve do primopredaje obavljenih građevinskih radova.

14.) Prilikom izvođenja radova, izvoditelj treba zaštititi sve susjedne plohe, dijelove konstrukcije i prethodno izvedene radove na prikladan način a u skladu sa pravilima zaštite na radu, tako da ne dođe do oštećenja istih. Troškove zaštite treba izvoditelj ukalkulirati u ponudbenu cijenu izvođenja radova. Ukoliko ipak dođe do oštećenja prethodno izvedenih radova za koje je odgovoran izvoditelj ili njegov kooperant, dužan je iste o svom trošku dovesti u stanje prije oštećenja ili naručiti iste radove kod drugog izvoditelja na svoj teret.

15.) Sve potrebne mjere prema javnopravnim uputama i propisima za sigurnost i zaštitu zdravlja trebaju se uzeti u obzir te ih se treba pridržavati prilikom izvođenja radova.

16.) Prilikom davanja ponude i izvođenja radova treba se uzeti u obzir, uračunati i pridržavati se
- svih državnih i javnopravnih zakona, smjernica i propisa
- svih odgovarajućih tehničkih standarda, pravila i smjernica
- općeprihvaćenih pravila tehnike
- uputa, propisa i napomena proizvođača za ugradnju i obradu
- Kauflandovih građevinskih opisa, ugovorenih uvjeta i ostalih Kauflandovih dokumenata i planova.

17.) Stavke troškovnika obuhvačaju konačno dovršenje radova definiranih po količini i kvaliteti, onosno podrazumijevaju se kao gotove, potpune i funkcionirajuće, uklj. sve potrebne male dijelove i sredstva za pričvršćivanje, pomoćne materijale i sredstva, podkonstrukcije itd., kao i sve dodatne i posebne usluge - čak i kada one nisu detaljno opisane.

18.) Ako su treće stranke uključene u izvođenje predradnji, izvođač radova ih treba provjeravati. U slučaju nepravilnosti ili prigovora pravovremeno treba informirati naručitelja, tako da može tehnički i organizacijski dovršiti poslove.

19.) Obavezno se treba pridržavati svih Kauflandovih proizvodnih uputa, osim ako postoje opravdani razlozi za odstupanje (npr. dostupnost). U tom slučaju izvođač treba ponuditi istovjetni proizvod ili sustav te potvrditi istovjetnost. O njoj odlučuje naručitelj.

20.) Sustavi se izvode isključivo pomoću komponenata koje su predviđene od strane proizvođača sustava.

21.) Svi materijali, građevinski elementi i uređaji koji neposredno utječu na izgled i funkcionalnost prije ugradnje se trebaju provjeriti. Ugrađuju se tek nakon što naručitelj ili ovlaštena osoba odobri ugradnju na gradilištu. O vrsti i obliku uzorka odlučuje naručitelj.

22.) Ako nije drukčije propisano, izmjene postojećih projektnih rješenja od strane ponuditelja/izvođača a koje utječu na mehaničku stabilnost, ponuditelj/izvođač je dužan u svom trošku ishoditi sve suglasnosti, dozvole i sl.
Projekt izvedenog stanja ukalkulirati u jedničnu cijenu te dostaviti Kauflandu u pisanom i digitalnom obliku.

23.) Svi radovi na objektu te primjenjeni sistemi gradnje moraju biti izvedeni prema pravilu struke, odnosnu u granicama dopuštenih tolerancija.

24.) Ukoliko je ugovoreni termin izvršenja objekta uključen i zimski odnosno ljetni period, to se neće posebno izvođaču priznavati na ime naknade za rad pri niskoj temperaturi, zaštita konstrukcija od hladnoće i vrućine, te atmosferskih nepogoda, sve mora biti uključeno u jediničnu cijenu. Za vrijeme zime objekat se mora zaštititi. Svi eventualni smrznuti dijelovi moraju se ukloniti i izvesti ponovo bez bilo kakve naplate. Ukoliko je temperatura niža od temperature pri kojoj je dozvoljen dotični rad, a Investitor ipak traži da se radi, Izvođač si ima pravo zaračunati naknadu po normi 6,006 ali u tom slučaju Izvođač snosi punu odgovornost za ispravnost i kvalitetu rada. To isto vrijedi i za zaštitu radova tokom ljeta od prebrzog sušenja uslijed visoke temperature.

25.) U jediničnu cijenu rada izvođač treba obuhvatiti i slijedeće radove, koji se neće zasebno platiti kao naknadni rad, čak i ako nisu izričito navedenei u troškovniku:
- sve vrste transporta građevinskih materijala, elemenata, uređaja, objekata itd. do mjesta ugradnje
- potrebne i uobičajene pripreme i predobrade tla
- sve vrste bušenja, zavarivanja, lijepljenja, malih dijelova, sredstava za pričvršćivanje, međupoložaja, izolacije, brtvljenja, folija, spojeva itd. koje su potrebne za priključak, montažu i pričvršćivanje građevinskih dijelova i elemenata
- stručna priprema i priključak na sve okolne dijelove, ugradbene i nadgradne elemente i propuste
- sve izrade kutova, spojnih površina i elemenata, završnih elemenata, slobodnih krajeva itd.
- sve podloge za montažu, priključak i pričvršćivanje kao što su beton, zidani elementi, čelik, aluminij, limovi, gips karton, itd.
- potrebne spojne, kose i okrugle rezove te ostatke rezanja
- Izrada otvora i proreza za instalacije i ugradbene elemente drugih izvođača
- interno povezivanje kablovima i priključak objekata, dovod prema električnim trošilima na gradilištu od strane elektro izvođača",,,0,,,,,,
,,Ograničenje izvedbe rada estriha,"U sljedećim pozicijama potrebno je uzeti u obzir i uračunati sljedeće usluge, čak i ako nisu izričito navedene:
- prijepis oznaka visine koje su potrebne za provedbu radova
- Provjeru planiranih visina ugradnje u odnosu na zadane visine i predviđene obloge
- Usko spojene izolacijske materijale, zatvaranje rupa, kod višeslojnih izolacija s pomaknutim fugama
- Rasute izolacijske materijale u području vodova kod izrade estriha
- potrebne izrade fuga, uklj. učvršćivanje fuga
- Izradu nagiba prema slivnicima u podu
- Površine prikladne za opisane slojeve
- stručnu naknadnu obradu
- Površine i područja na koja se nanosi estrih zatvoriti i osigurati
- Izradu oblata za otvore i prijelaze",,,0,,,,,,
403.030,,Ostali,,,,0,735.6,,735.6,,,
403.030.00120,,- podni slivnik spojiti smolom,"Podni slivnik ispuniti i spojiti dvokomponentnom reakcijskom smolom, gornja strana ispune nakošena, dimenzije do ca. 30/30 cm.",10,kom,73.56,735.6,0%,735.6,,0,
503,,"Plin, radovi na instalaciji vode, cijevi",,,,0,168075.78,,168075.78,,,
503.000,,ZTV,,,,0,0,,0,,,
,,Dodatni tehnički uvjeti ugovora,"Dodatni ugovoreni tehnički uvjeti

1. OPĆENITE NAPOMENE

1.1.
Ove napomene spadaju pod DODATNE UGOVORENE
TEHNIČKE UVJETE.
Kao takve one su dio
opisa usluga te postaju važan dio
ugovora.

1.2.
Sljedeće definicije usluga određuju
ugovorene usluge izvođača.

1.3.
Ponuđač potvrđuje da su navedene stope plaća
utvrđene prema cjenovnim i zakonskim propisima
te da uključuju sva uobičajena
svojstva proračuna. Cijene vrijede
tijekom cijelog trajanja izvođenja radova. Sve navedene cijene su neto cijene. Važeći
porez na dodanu vrijednost se dodaje
naknadno.

1.4.
U slučaju proturječnosti dodatnih ugovorenih tehničkih uvjeta
vrijede prvenstveno podaci
iz popisa usluga.
U slučaju proturječnosti između popisa usluga i
crteža za izvođenje određenih radova
vrijede odgovarajući crteži odnosno planovi;
prava koja iz toga proizlaze za izvođača radova time se
ne ograničavaju.

1.5.
Izvedbeni dokumenti koje koristi izvođač radova
moraju nositi oznaku odobrenja od strane naručitelja ili
njegovog arhitekta, kako bi se izbjegli
nesporazumi kod izvođenja radova. Dokumenti koji nisu
odobreni ne smiju se ni koristiti. Međutim,
time se izvođač radova ne oslobađa obveze
vlastite provjere i napomene. Ona
i dalje vrijedi.

1.6.
Popunjavanje radnih prostora i zakopavanje materijala
nije dozvoljeno na gradilištu.

Odlaganje otpada, lomljenog materijala i
građevinskog otpada podrazumijeva korištenje u skladu
propisa odnosno potrebnih mjera
sakupljanja, transporta, obrade i skladištenja
u skladu s propisima i službenim
uputama.

2. POSEBNE NAPOMENE

2.1.
Osnova natječaja je
DIN 18299 - Općenite regulacije za građevinske radove svake
vrste
DIN 18381 - Sustavi za plin, vodu i odvodnju
unutar zgrada

2.2.
Izvođač radova preuzima odgovornost za potpunost
ponuđenih usluga, to znači da se usluge
i sporedne usluge odgovarajuće pozicije
trebaju uračunati, čak i ako nisu
izričito navedene u popisu usluga.

2.3.
Ponuditelj se prije izdavanja
ponude obvezuje da će se detaljno informirati o građevinskim zadaćama
koje treba izvesti, ukoliko su povezane s ponuđenim i planiranim
uslugama, tako da na temelju popisa
usluga nema nikakvih nejasnoća kod
obračuna. Naknadne reklamacije
koje proizlaze iz nepoznavanja planske dokumentacije
neće se uvažavati.
Samostalne izmjene u popisu usluga nisu dozvoljene.

2.4.
Naručitelj nije dužan ustupiti prostorije za boravak ili
sporedne prostorije. Troškovi za ove stavke trebaju se uračunati u
jedinične cijene ponude. Skele i
ostala pomoćna sredstva trebaju se uračunati u skladu s propisima
strukovnih udruga u jedinične cijene
ponude.

2.5.
Uređivanje gradilišta izvodi
se nakon obavještavanja
i u dogovoru s voditeljima gradilišta. Pri tome
izvođač radova preuzima isključivu odgovornost
za sigurno skladištenje i spremanje svojih
strojeva, uređaja, pomoćnih sredstava itd. te
svih materijala koji su predviđeni za ugradnju ili su već ugrađeni, građevinskih elemenata
itd. sve do primopredaje sveobuhvatnih građevinskih usluga, čak
i ako su već prije ugradnje predani
naručitelju.

2.6. Izvedba
Radne skele potrebne za izvođenje vlastitih usluga
trebaju se uračunati u jedinične cijene.

3. SPOREDNE USLUGE

Sve jedinične cijene podrazumijevaju isporuku
i obradu svih potrebnih materijala i sporednih
usluga, sredstva za pričvršćivanje,
transport i uređaje te troškove za:
- potrošnju struje, toplinske energije i vode,
struju obračunatu od strane naručitelja
- troškove za vlastito uređenje
gradilišta
- sigurno skladištenje materijala
- dostatne mjere protiv onečišćenja i
oštećenja
- osiguravanje usluga
- odlaganje građevinskog otpada
- osiguravanje zgrade tijekom radova
- zaštitu građevinskih i objektnih dijelova i njihovih pristupa
od oštećenja
- sigurnosne i mjere za potpornje
- isporuku i postavljanje odnosno montažu

3.1.
Pozicije koje su navedene u sljedećem popisu
usluga sadrže sve usluge
obavljenih radova koji su potrebni za pravilno
ispunjenje ugovornih obveza.

4. OBRAČUN
Usluge se općenito obračunavaju
prema planu otplate koji se dogovara s na naručiteljem.
Djelomične otplate se dogovaraju
prema napretku radova i
planu otplate.

5. OSTALO
Planovi i u njima navedeni objekti koji se izdaju prilikom
natječaja
služe za informaciju.
Ta dokumentacija ponuditelja ne
oslobađa od obveze za vlastitim pribavljanjem svih
potrebnih informacija za određivanje cijene detaljnim pregledavanjem
planskih dokumenata.",,,0,,,,,,
,,"Prilikom izvršavanja sustava, zahtjevi","Prilikom izvođenja objekata treba uzeti u obzir sve zahtjeve
koje su navedene u aktualnoj KaBa-i i njenim dodacima
.

Osim toga treba voditi računa da razina buke
u večernjim i noćnim satima ne premašuje
zakonski propisane vrijednosti.

Ove usluge se ne obračunavaju zasebno već se trebaju
uračunati u jedinične cijene.

Za tehničko ispitivanje funkcionalnosti od strane naručitelja
treba osigurati sudjelovanje odgovarajućeg stručnog
osoblja. Prilikom te provjere ispituju se svi objekti koji
se odnose na pojedine odjeljke kao i opće funkcionalnosti
i upravljanja te se dokumentiraju
putem protokola. Takve provjere i
eventualna naknadna ispitivanja do potpunog uklanjanja svih nedostataka
su dio narudžbe i ne
naplaćuju se posebno.

Svi opisani proizvođači i proizvodi
odabiru se prema referentnoj listi proizvoda iz aktualne KaBa-e
te se kao takvi trebaju uzeti u obzir u obračunu.",,,0,,,,,,
503.020,,Sanitarije,,,,0,56034.03,,56034.03,,,
503.020.00100,,- Umivaonik u  sanitarijama za kupce,"SWT1- nabava doprema i montaža umivaonika
- Umivaonik od sanitarnog porculana, pravokutni oblik, širina 60 cm, dubina 47 cm, boja bijela, s rupom za slavinu
- i s preljevom, donja strana izbrušena
- polustup umivaonika kao poklopac odvoda, prikladno za navedeni umivaonik, boja bijela,
- s prikladnim pričvrsnim setom
- stabilan element za montažu kao predzidni element za montažu navedenog umivaonika
- beskontaktna elektronička armatura s podžbuknim mrežnim uređajem 230 V, ugradbena kutija i
- i okvir za pločice, za hladnu i toplu vodu, vrijeme tečenja 7 sekundi, s miješalicom na armaturi
- perlator zaštićen od krađe
- odvodni ventil s poklopcem
- poklopac za sprječavanje neugodnih mirisa iz cijevi, od mjeda, kromirani
- kutni ventili s filtrom za prljavštinu
- kristalno ogledalo 60 x 60 cm, sa skrivenim držačem ogledala,
• Za svako mjesto pranja po 1 sušilo ruku i 2 dozatora sapuna
• Priprema tople vode preko malog el. bojelra od 10 litara, ugrađenog u međustrop sa šuko utikačem od 230 V, WC-područja treba osmisliti racionalno.",4,kom.,1593.73,6374.92,0%,#VALUE!,,0,
503.020.00105,,- Ploča stola za prematanje,"SWT1.4- ploča stola za prematanje
ploča stola za prematanje od 12 mm HPL ploče (na primjer Fundermax interior FH) Bijela boja. Obrub prema naprijed i bočno
100 mm. Viseće zidno pričvršćenje konzolama od plemenitog čelika.
Bočni i stražnji spoj ploče stola za prematanje sa zidom brtvljenjem s uskom, elastičnom fugom od sanitarnog silikona.
Gornji rub: 850 mm iznad poda, dubina 730mm, dužina prema planu, boja: bijela.
Prag podloga za prematanje, visina 80 mm / dužina 630 mm, prednji rub zaobljen. Prag podloga za prematanje treba se
usmjeriti po sredini na ploči stola za prematanje i fiksirati u ravnini s prednjim rubom.",1,kom.,1593.73,1593.73,0%,#VALUE!,,0,
503.020.00110,,- Umivaonik za osobe sa posebnim potrebama,"SWT2- nabava doprema i montaža invalidskog umivaonika
• Umivaonik za invalide, širina 60 cm, bijele boje, sa stabilnim stajaćim montažnim elementima. Visina montaže: Gornji rub
75 cm iznad gotovog poda
• Elektronička armatura umivaonika, za toplu i hladnu vodu radarska elektronika s podžbuknim mrežnim dijelom 230 V s ugradbenim ormarićem i okvirom od pločica
• perlator zaštićen od krađe
• odvodni ventil s poklopcem
• Sifon za ugradnju u zid
• Ploča za odlaganje stvari
• Kristalno ogledalo, nagib podesiv pomoću okretne ručice i sajle Visina montaže: Donji rub 135 cm iznad gotovog poda
• Ispusni ventil: s prozračivačem, nepovratnom zaklopkom i vijčanim spojem crijeva DN 15 - ½“ u kromiranoj izvedbi (SAV2)
• Priprema tople vode preko malog el. kotla od 5 litara, ugrađenog u međustrop sa šuko utikačem od 230 V
Obračun po komadu kompletno ugrađenog i u rad puštenog umivaonika.",1,kom.,2176.29,2176.29,0%,#VALUE!,,0,
503.020.00115,,- Umivaonik u  sanitarijama lokala,"SWT4- nabava doprema i montaža umivaonika
• umivaonik, 60 cm, bijele boje sa stabilnim stajaćim montažnim elementima
• niskotlačna armatura umivaonika s jednom ručicom
• perlator zaštićen od krađe
• odvodni ventil s poklopcem
• sifon za sprečavanje prodora neugodnog mirisa iz cijevi s produženom cijevi
• kutni ventil s filtrom za prljavštinu
• kristalno ogledalo 60 x 40
• držač ogledala
• priprema vode s pomoću malog el. bojlera 10l, uređaj za ugradnju ispod stola sa šuko utikačem 230V
Obračun po komadu kompletno ugrađenog i u rad puštenog umivaonika.",2,kom.,495.94,991.88,0%,#VALUE!,,0,
503.020.00120,,- Umivaonik u prodajnom prostoru,"SWT8- nabava doprema i montaža umivaonika
Umivaonik s pultom (broj prema planu uređenja), koji se vodi preko sepratora za masti, sadrži sljedeće dijelove:
• umivaonik od oplemenjenog čelika 55 cm,
• beskontaktna slavina na mjestu pranja DN 15 bez kontakta, 230 V s oplatom od plemenitog čelika, izljev, miješalica,
izvedba ispod žbuke (UP)
• odvodni ventil
• poklopac za sprječavanje neugodnih mirisa iz cijevi, kromirani.
Obračun po komadu kompletno ugrađenog i u rad puštenog umivaonika.",4,kom.,1941.35,7765.4,0%,#VALUE!,,0,
503.020.00125,,- Umivaonik za osoblje u području uslužnih vitrina,"SWT9 - nabava doprema i montaža umivaonika
• umivaonik, 60 cm, bijele boje sa stabilnim stajaćim montažnim elementima
• radarska elektronička armatura za umivaonik u obliku stola s miješanjem
• dio strujne mreže za zidnu ugradnju s ugradbenim ormarom i okvirima za ploèice
• perlator zaštićen od krađe
• odvodni ventil
• sifon za sprečavanje prodora neugodnog mirisa iz cijevi
• kutni ventil s filtrom za prljavštinu
• 1 x kristalno ogledalo 60x40, držač ogledala
• ispušni ventil: s ventilatorom, protustrujnom zaklopkom i cijevnim priključkom DN 15-1/2” u kromiranoj izvedbi (SAV1)
Obračun po komadu kompletno ugrađenog i u rad puštenog umivaonika.",2,kom.,770.14,1540.28,0%,#VALUE!,,0,
503.020.00130,,- Umivaonik za osoblje u području pekarne,"SWT13 - nabava doprema i montaža umivaonika
Zagrijavanje vode preko SHW4. Umivaonik / sudoper i slavine dostavlja tvrtka, ali treba ih montirati tako da budu spremne
za uporabu. Dovod za hladnu vodu ½“, dovod za toplu vodu ½”, materijal plemeniti čelik V2A. Kanalizacijski priključak za
kombinirani umivaonik DN 50. Obračun po komadu kompletno ugrađenog i u rad puštenog umivaonika.",1,kom.,196.15,196.15,0%,#VALUE!,,0,
503.020.00135,,Kutni ventil kao kombinirani kutni ventil DN 10,"Kutni ventil kao kombinirani kutni ventil DN 10 G 3/8 AG s brtvenim priključnim navojem,
s komfornom ručkom i komorom za mazivo u gornjem dijelu, s ventilom za priključak uređaja s nepovratnim zatvaračem (NZ, EN 1717: EG) i vijčanim spojem za crijevo, s čvrstim konusnim kompresijskim vijčanim spojem od mjedi, s izjednačavanjem dužine, s dugom bazom i okvirom d = 54 mm, od mjedi, kromirani, s DVGW oznakom isporučiti i montirati.",28,St,85.28,2387.84,0%,#VALUE!,,0,
503.020.00140,,Ventil za regulaciju kuta DN 15 s DRV,"Kutni regulacijski ventil
kao DIN kutni regulacijski ventil s dvostrukim nepovratnim zatvaračem
Dimenzije: DN 15 G 1/2 AG x DN 10 G 3/8 AG
Površina: kromirana
Referentni proizvod: SCHELL / Br. artikla 052760699
ili istovjetni proizvod,
ponuđeni proizvod/tip:
.......................................................
........................
(ispunjava ponuđač)

Opseg isporuke:
- brtveni priključni navoj (ASAG easy)
- komforna ručka
- duga baza, okvir, promjera 54 mm
- čvrsti konusni kompresijski vijčani spoj od mjedi
s izjednačavanjem dužine
- dvostruki nepovratni zatvarač

Područje uporabe/tehnički podaci:
- sigurna uporaba sukladno EN 1717
- za armature s ručnom glavom na izvlačenje
- razred protočnosti A

Materijal: Mjed u skladu s odredbom o pitkoj vodi
S oznakom: DIN-DVGW certifikat, P-IX 212/IA,
isporučiti i montirati.",7,St,40.05,280.35,0%,#VALUE!,,0,
503.020.00145,,Okretno ogledalo 600 x 540 mm,"Okretno ogledalo
kao pravokutno kristalno ogledalo s brušenim rubovima i ugrađenom zaštitnom folijom,
s podesivim nagibom, za zidnu montažu, pravokutno 600 x 540 mm
Element za držanje i ručica od sjajnog poliamida
Boja: bijela
s konopom za okretanje za postavljanje na zid.
Referentni proizvod: HEWI / Br. 801.01.100
ili istovjetni proizvod,
ponuđeni proizvod/tip:
.......................................................
........................
(ispunjava ponuđač)
isporučiti i montirati.",1,St,635.61,635.61,0%,#VALUE!,,0,
503.020.00150,,- WC školjka u  sanitarijama za kupce,"SWC1- nabava doprema i montaža WC-a
- zidna WC školjka s dubinskim ispiranjem, bijela, odvod vodoravan, Visina montaže: gornji rub 43 cm iznad gotovog
poda
- stabilni stajaći montažni element s odvodnim koljenom za WC
- vodokotlić podžbukni 6-9 litara
- pokrovna ploča s tipkama za ispuštanje vode, s dvije količine, bijele boje
- WC daska bez poklopca, zaštićena od razbijanja, Duroplast, s protuprovalnim specijalnim zglobovima od nehrđajućeg
čelika
- WC garnitura za četke zaštićena od krađe, pričvršćena na zid
Obračun po komadu kompletno ugrađenog i u rad puštenog WC-a.",3,kom.,479.71,1439.13,0%,#VALUE!,,0,
503.020.00155,,- WC školjka u  sanitarijama za osobe sa posebnim potrebama,"SWC2- nabava doprema i montaža invalidskog WC-a
- zidna WC školjka s dubinskim ispiranjem, bijela, odvod vodoravan, Visina montaže uklj. sjedalo za zahod: gornji rub
46-48 cm iznad gotovog poda
- stabilni stajaći montažni element s odvodnim koljenom za WC
- vodokotlić podžbukni 6-9 litara
- poklopac s tipkom za puštanje vode - zaustavljanje istjecanja vode, bijele boje
- 2 preklopna rukohvata s oblogom za ruke i držačem papira i daljinsko aktiviranje (prema DIN 18040)m, visina
montaže: gornji rub preklopnog rukohvata s oblogom 85 cm iznad gotovog poda.
- WC daska bez poklopca, fleksibilna, sigurna od loma
- WC garnitura za četke zaštićena od krađe, pričvršćena na zid, Duroplast, s protuprovalnim specijalnim zglobovima od
nehrđajućeg čelika
- poziv u pomoć kao pritisni gumb ili potezno uže, priključeno na središnji sustav dojave ploča za dojavu i opsluživanje
Obračun po komadu kompletno ugrađenog i u rad puštenog WC-a.",1,kom.,1151.47,1151.47,0%,#VALUE!,,0,
503.020.00160,,- WC školjka u  sanitarijama za osoblje,"SWC3- nabava doprema i montaža WC-a
- zidna WC školjka s dubinskim ispiranjem, bijela, odvod vodoravan, Visina montaže: gornji rub 43 cm iznad gotovog
poda
- stabilni stajaći montažni element s odvodnim koljenom za WC
- vodokotlić podžbukni 6-9 litara
- pokrovna ploča s tipkama za ispiranje s dvije količine vode, bijele boje
- WC daska bez poklopca, zaštićena od razbijanja, Duroplast, s protuprovalnim specijalnim zglobovima od
nehrđajućeg čelika
- WC garnitura za četke zaštićena od krađe, pričvršćena na zid
- WC držač za toaletni papir, osiguran od krađe
- držač rezervnog papira
- kuka na zidu
Obračun po komadu kompletno ugrađenog i u rad puštenog WC-a.",6,kom.,536.88,3221.28,0%,#VALUE!,,0,
503.020.00165,,Montažni element za WT 130 cm,"Montažni element za umivaonik, 112 cm,
za suhogradnju, za armaturu s jednim otvorom
Karakteristike:
- Razmak kod pričvršćivanja umivaonika 538 cm
- Pričvršćivanje priključnog luka visinski podesivo i sa zvučnom izolacijom
- Traverza armature visinski i dubinski podesiva
Tehnički podaci
- Širina (cm): 50 cm
- Visina (cm): 112 cm
- Dubina (cm): 7,5 cm
dodatni opseg isporuke
- 2 priključna kuta Rp 1/2"" / R 1/2"",
- 2 umetka za zvučnu izolaciju,
- 2 izolacijske čahure,
- Priključni luk od PE-HD, promjera 50 mm,
- Brtva promjera 44 / 32 mm,
- 2 navojne šipke M10,
- Materijal za pričvršćivanje
Referentni proizvod: Geberit / Duofix
Br. artikla: 111.430.00.1
ili istovjetni proizvod,
ponuđeni proizvod/tip:
.......................................................
.......................
(ispunjava ponuđač)",10,St,163.06,1630.6,0%,#VALUE!,,0,
503.020.00170,,"Montažni element za WT 112 cm, BF","Montažni element za umivaonik, 130 cm,
za suhogradnju, za nadžbuknu armaturu
Karakteristike
- Razmak kod pričvršćivanja umivaonika 538 cm
- Pričvršćivanje priključnog luka visinski
podesivo i sa zvučnom izolacijom
- Traverza armature visinski i dubinski podesiva
Tehnički podaci
- Širina (cm): 50 cm
- Visina (cm): 130 cm
- Dubina (cm): 7,5 cm
dodatni opseg isporuke
- 2 priključna kuta Rp 1/2"" / R 1/2"",
- 2 umetka za zvučnu izolaciju,
- 2 izolacijske čahure,
- Priključni luk od PE-HD, promjera 50 mm,
- Brtva promjera 44 / 32 mm,
- 2 navojne šipke M10,
- Materijal za pričvršćivanje,
Referentni proizvod: Geberit / Duofix
Br. artikla: 111.437.00.1
ili istovjetni proizvod,
ponuđeni proizvod/tip:
.......................................................
.......................
(ispunjava ponuđač)",6,St,257.45,1544.7,0%,#VALUE!,,0,
503.020.00175,,"Montažni element za umivaonik 112 cm,","Montažni element za umivaonik, 112 cm,
za suhogradnju za standardnu armaturu s podžbuknim sifonom za umivaonike prilagođene osobama s invaliditetom, bez barijera
Karakteristike
- Razmak kod pričvršćivanja umivaonika 538 cm
- Podžbukni sifon s optimalnim
strujanjem i dobrim mogućnostima samočišćenja
- Visinski podesivi podžbukni sifon
- Pričvršćivanje priključnog luka visinski
podesivo i sa zvučnom izolacijom
- Traverza armature visinski i dubinski podesiva
Tehnički podaci
- Širina (cm): 50 cm
- Visina (cm): 112 cm
- Dubina (cm): 7 cm
dodatni opseg isporuke
- 2 priključna kuta Rp 1/2"" / R 1/2"",
- 2 umetka za zvučnu izolaciju
- 2 izolacijske čahure
- Građevinska zaštita
- 2 navojne šipke M10
- Materijal za pričvršćivanje
uklj. završni set za podžbukni sifon,
od plastike, sjajno kromiran.
Referentni proizvod: Geberit / Duofix
Br. artikla: 111.480.00.1 i 115.416.21.1
ili istovjetni proizvod,
ponuđeni proizvod/tip:
.......................................................
.......................
(ispunjava ponuđač)",1,St,355.02,355.02,0%,#VALUE!,,0,
503.020.00180,,Montažni element za držače i hvataljke 112 cm,"Montažni element za drške i ručke 112 cm
bez barijera, za suhogradnju,
Tehnički podaci
- Širina (cm): 36,5 cm
- Visina (cm): 112 cm
- Dubina (cm): 4 cm
dodatni opseg isporuke
- Materijal za pričvršćivanje
Referentni proizvod: Geberit / Duofix
Br. artikla: 111.790.00.1
ili istovjetni proizvod,
ponuđeni proizvod/tip:
.......................................................
.......................
(ispunjava ponuđač)",1,St,137.31,137.31,0%,#VALUE!,,0,
503.020.00185,,Montažni element za AGB sa zidnom montažom,"Montažni element za izljevno korito
s nadžbuknom zidnom armaturom, 130 cm za suhogradnju,
Pričvršćivanje priključnog luka visinski podesivo i sa zvučnom izolacijom
Traverza armature visinski i dubinski podesiva
Tehnički podaci
- Širina (cm): 50 cm
- Visina (cm): 130 cm
- Dubina (cm): 8,3 cm
dodatni opseg isporuke
- 2 priključna kuta Rp 1/2"" / R 1/2"",
- 2 umetka za zvučnu izolaciju
- 2 izolacijske čahure
- Priključni luk od PE-HD, promjera 50 / 63 mm
- Brtva promjera 57 / 50 mm
- Brtva promjera 57 / 40 mm
- Materijal za pričvršćivanje
Referentni proizvod: Geberit / Duofix
Br. artikla: 111.450.00.1
ili istovjetni proizvod,
ponuđeni proizvod/tip:
.......................................................
.......................
(ispunjava ponuđač)",3,St,264.84,794.52,0%,#VALUE!,,0,
503.020.00190,,"Nosač, izbočina 850 mm","Pomoćna ručka
kao stabilna, jednoručna drška, sa sigurnim prihvatom bez klizanja, s ergonomičnim i obrađenim dijelom za prihvat, s mogućnosti blagog pomicanja prema gore i dolje
Dubina 850 mm, širina 140 mm,
Zidna ploča visine 218 mm,
Dužina ručke naknadno podesiva 800 - 900 mm,
s prekrivenim materijalom za pričvršćivanje bez korozije, od aluminija
Boja: bijela
s kromiranim dizajn elementima,
s ručkom obloženom visokokvalitetnim PUR-om
s CE oznakom prema smjernici 93/42/EWG
opteretivost do 100 kg
Referentni proizvod: HEWI / 802.50.W0185
ili istovjetni proizvod,
ponuđeni proizvod/tip:
.......................................................
.......................
(ispunjava ponuđač)",1,St,716.35,716.35,0%,#VALUE!,,0,
503.020.00195,,Nadogradite držač papira u kompletu,"Dodatni set za držač papira
kao držač rola za dodatno opremanje prethodno navedene pomoćne ručke 802.50.W0185, s kočnicom, širina 33 mm, visina 145 mm, dubina 117 mm, od aluminija,
Boja: bijela
Referentni proizvod: HEWI / 802.50.W010
ili istovjetni proizvod,
ponuđeni proizvod/tip:
.......................................................
.......................
(ispunjava ponuđač)",10,St,58.38,583.8,0%,#VALUE!,,0,
503.020.00200,,Držač četke za WC,"Garnitura četke za zahod
Zamjenjiva ručka četke,
Posuda četke s udubljenim podom u obliku sfere, djelomično otvorenim gornjim dijelom s prstenastim držačem, s okretnim gornjim dijelom, spremnik zaštićen od krađe prekrivenim vijčanim spojevima,
širina 141 mm, visina 470 mm, dubina 140 mm od sjajnog poliamida,
Boja: bijela
Referentni proizvod: HEWI / 477.20.100
ili istovjetni proizvod,
ponuđeni proizvod/tip:
.......................................................
.......................
(ispunjava ponuđač)",10,St,152.7,1527,0%,#VALUE!,,0,
503.020.00205,,Držač toaletne role,"Držač za papir
s prekrivenim vijčanim spojem na držaču za papir za zaštitu od krađe,
Širina: 160 mm,
Visina: 120 m,
promjer šipke 20 mm
uključujući ključ za otključavanje zaštitu protiv krađe, od sjajnog poliamida
Boja: bijela
Referentni proizvod: HEWI / 477.21.150
ili istovjetni proizvod,
ponuđeni proizvod/tip:
.......................................................
.......................
(ispunjava ponuđač)",10,St,56.07,560.7,0%,#VALUE!,,0,
503.020.00210,,Rezervni držač papira,"Držač rezervnog papira
kao cilindrični držač s okruglim okvirom, s prekrivenim vijčanim spojem za zaštitu od krađe,
Dužina 120 mm,
Promjer 33 mm,
Okvir promjera 70 mm
od sjajnog poliamida
Boja: bijela
Referentni proizvod: HEWI / 477.21.200
ili istovjetni proizvod,
ponuđeni proizvod/tip:
.......................................................
.......................
(ispunjava ponuđač)",10,St,53.69,536.9,0%,#VALUE!,,0,
503.020.00215,,Zidna kuka,"Kukica za zid
kao pravokutna savijena, cilindrična kukica, s okvirom za pričvršćivanje i štitnikom za vrata, s prekrivenim vijčanim spojem za zaštitu od krađe, dubine 105 mm, s promjerom okvira od 70 mm, od sjajnog poliamida,
Boja: bijela
Referentni proizvod: HEWI / 477.90.035
ili istovjetni proizvod,
ponuđeni proizvod/tip:
.......................................................
.......................
(ispunjava ponuđač)",10,St,29.81,298.1,0%,#VALUE!,,0,
503.020.00220,,- Pisoar za sanitarije kupaca,"SUR1 - nabava doprema i montaža pisoara
- pisoar, samousisavajući, bijele boje, dovod i odvod zakriveni
- montažni element za pisoar odgovara za niže navedeni vodokotlić za pisoar
- elektronsko upravljanje pisoara za zidnu montažu, prekriven, kao upravljanje pomoću senzora, sa podesivom podžbuknom elektronikom i magnetnim ventilom, sa podesivim vremenom ispiranja i zaštitom od preliva, kontrola razine punjenja i podžbukni mrežni uređaj.
- od 2 pisoara jedan pored drugog plastičnog pregradni zidovi bijele boje u potrebnoj količini. Pričvršćivanje pokriveno od sanitarne keramike sukladno popisu proizvoda.
Obračun po komadu kompletno ugrađenog i u rad puštenog pisoara.",2,kom.,1071.16,2142.32,0%,#VALUE!,,0,
503.020.00225,,"Sudoper čelik, emajliran na zid","Izljevno korito,
Proizvođač /Tip 'ALAPE/AG.Stahlform 505',
od čelika, emajlirano, bijele boje,
Dimenzije širine/dubine:
ca. 55 x 33 cm
postavljeno na zid, s poluvisokom poleđinom, s podebljanim rubom i zaštitom za rubove, s preklopnom rešetkom. Za pričvršćivanje vijcima. Izljevni ventil za hladnu vodu, s odzračnikom, nepovratnim zatvaračem i priključkom za crijevo DN 15, kromiran.
Sifon s priborom uključujući sifon DIN EN 274 za izljevno korito, kompl. odvodna garnitura,
2 x DN 50, s brtvenim rubom od plastike, otporan na vruću vodu, S priključnim lukom.",1,St,164.76,164.76,0%,#VALUE!,,0,
503.020.00230,,"Elektr. Slavine miješalice. Za WB SWT8, SWT9, SWT13.2","Miješalica u standardnoj izvedbi s jednim otvorom za umivaonike, sa senzorom za detekciju približavanja, od mjedi, kromirana, uključujući mrežni element za montažu u zid, s kutijom za montažu, uključujući perlator zaštićen od krađe.
električni priključak: 230 V, 50 Hz, 6 V
Radni napon: 6 V

uključujući transformator, osigurače, zaštitu od
prskanja. Mrežni element se treba vodonepropusno ugraditi ispod odgovarajućeg
umivaonika u ugradbenu kutiju
za pločice. Uključujući ugradbenu kutiju,
s okvirom od pločica.

Proizvod/tip: MEPA / Saniline Dolphin
Br. artikla: 718602 i br. artikla. 718645
ili istovjetni proizvod,
ponuđeni proizvod/tip:
.......................................................
.......................
(ispunjava ponuđač)",6,St,932.74,5596.44,0%,#VALUE!,,0,
503.020.00235,,"Jednoručna baterija za sudoper, DN 15","Jednoručna miješalica s jednim otvorom za sudopere, DN 15
za otvorene bojlere,
Proizvođač / tip HANSA / Hansamix br. 112 1183
ili istovjetni proizvod,
ponuđeni proizvod/tip:
.......................................................
.......................
(ispunjava ponuđač)

S oznakom:
od mjedi, kromirani, zvučna svojstva prema DIN EN 200 s okretnom cijevnom slavinom i perlatorom, s otvorom za spremanje lanca, lancem i čepom, uključujući perlator zaštićen od krađe za niskotlačne armature.",2,St,297.5,595,0%,#VALUE!,,0,
503.020.00240,,"Jednoručna baterija za umivaonik, DN 15","Jednoručna miješalica s jednim otvorom za umivaonike, DN 15 za otvorene iz bojlere,
Proizvođač / tip HANSA / Hansamix br. 0113 1183
ili istovjetni proizvod,
ponuđeni proizvod/tip:
.......................................................
.......................
(ispunjava ponuđač)

S oznakom:
od mjedi, kromirani,
Zvučna svojstva prema DIN EN 200
s nepomičnom slavinom,
s perlatorom, zaštićen od krađe M24 x 1.AG
(Br. artikla 59905721)
s upravljačkom ručicom
Dubina do 141 mm.",7,St,208.48,1459.36,0%,#VALUE!,,0,
503.020.00245,,- Električni bojler 10 litara,"Dobava i montaža električnog bojlera kao tip Simens ili AEG za pripremu tople vode sa ventilima i svom sigurnosno-spojnom armaturom. Podešavanje temperature bez stupnjevanja do 85 ºC, ugrađen kombinirani regulator-limitator. Montaža iznad spuštenih stropova ili niskomontažni na zid. Obračun po komadu kompletno ugrađenog i u rad puštenog bojlera
EGV10 lit 2kW; 230V",2,kom.,116.87,233.74,0%,#VALUE!,,0,
503.020.00250,,- Električni bojler 30 litara,"Dobava i montaža električnog bojlera kao tip Simens ili AEG za pripremu tople vode sa ventilima i svom sigurnosno-spojnom armaturom. Podešavanje temperature bez stupnjevanja do 85 ºC, ugrađen kombinirani regulator-limitator. Montaža iznad spuštenih stropova ili niskomontažni na zid. Obračun po komadu kompletno ugrađenog i u rad puštenog bojlera
EGV30 lit 2kW; 230V",2,kom.,245.19,490.38,0%,#VALUE!,,0,
503.020.00255,,- Električni bojler 100 litara,"Dobava i montaža električnog bojlera kao tip Simens ili AEG za pripremu tople vode sa ventilima i svom sigurnosno-spojnom armaturom. Podešavanje temperature bez stupnjevanja do 85 ºC, ugrađen kombinirani regulator-limitator. Montaža iznad spuštenih stropova ili niskomontažni na zid. Obračun po komadu kompletno ugrađenog i u rad puštenog bojlera.
EGV100 lit; 2kW; 230V - horizontalna izvedba",1,kom.,490.38,490.38,0%,#VALUE!,,0,
503.020.00260,,Priključak dvostrukog sudopera od nehrđajućeg čelika isporučen na licu mjesta,"Priključak isporučenog sudopera od nehrđajućeg čelika,
s izljevnim koritom, ručnom glavom i armaturom, na mrežu hladne, tople i otpadne vode,
uklj. sve potrebne materijale.
Za područje pripreme svježe robe/ribe, pekarnice",1,St,945.62,945.62,0%,#VALUE!,,0,
503.020.00265,,Priključak sudopera od nehrđajućeg čelika isporučen na licu mjesta,"Priključak isporučenog sudopera od nehrđajućeg čelika,
i perilice posuđa na mrežu hladne, tople i otpadne vode, uklj. sve potrebne materijale.
Prostor za osoblje",1,St,160.19,160.19,0%,#VALUE!,,0,
503.020.00270,,Spajanje automata na području osoblja,Priključak automata za piće u području za osoblje (Kaufland) i u trgovačkom centru (ulazni prostor) na mrežu hladne vode uključujući sve potrebne materijale.,1,St,137.31,137.31,0%,#VALUE!,,0,
503.020.00275,,Priključak na pećnicu u samoposlužnoj pekarnici,Priključak pećnice u samoposlužnoj pekarnici na mrežu hladne vode uključujući sve potrebne materijale.,3,St,183.08,549.24,0%,#VALUE!,,0,
503.020.00280,,Fugiranje,"Punjenje fuga s trajno elastičnom ispunom od silikona, bijele odnosno sive boje,
između sanitarnih elemenata i zida.",32,St,5.72,183.04,0%,#VALUE!,,0,
503.020.00285,,- Limena vindabona,"SAG1 - nabava doprema i montaža slivnika (limena vindabona)
• slivnik sa stražnjom stijenkom
• čelični lim bijele boje 55 cm
• garnitura odvoda sa sifonom za sprečavanje prodora neugodnog mirisa
• perlator zaštićen od krađe
• preklopna rešetka
• sifon
• ispušni ventil za hladnu vodu s ventilatorom, protustrujnom zaklopkom i priključkom za cijev DN 15 – ½ u kromiranoj izvedbi (SAV1)
Obračun po komadu kompletno ugrađenog i u rad puštenog slivnika (limena vindabona)",2,kom.,387.65,775.3,0%,#VALUE!,,0,
503.020.00290,,- Limena vindabona,"SAG2 - nabava doprema i montaža slivnika (limena vindabona)
• slivnik sa stražnjom stjenkom, čelični lim bijele boje, 55 cm
• garnitura odvoda sa sifonom za sprečavanje prodora neugodnog mirisa i priključak za perilicu
• zidna baterija ½” s okretnim ispustom, čvrsto pričvršćen, hladna i topla voda
• perlator zaštićen od krađe
• preklopna rešetka
• sifon
• ispušni ventil za hladnu vodu: s ventilatorom, protustrujnom zaklopkom i priključkom za cijev DN 15 – ½“ ukromiranoj
izvedbi (SAV1)
• ispušni ventil za hladnu vodu: s ventilatorom, protustrujnom zaklopkom i priključkom za cijev, DN 20 – ¾“ u kromiranoj
izvedbi, uz konstrukciju iznad slivnika. Dovod DN 20 (kod podžbuknih instalacija, kao ventil u zidnu bateriju može se
integrirati odvodni ventil)
• priprema tople vode za prostorije za strojeve za čišćenje: priključiti na uređaj za pripremu tople vode (SHW2) - ukoliko
se SHW2 ne nalazi u prostoriji sa strojevima za čišćenje, tada odvojeni bojler za toplu vodu 30 litara
Obračun po komadu kompletno ugrađenog i u rad slivnika (limena vindabona)",2,kom.,547.02,1094.04,0%,#VALUE!,,0,
503.020.00295,,- Limena vindabona,"SAG2.1 - nabava doprema i montaža slivnika (limena vindabona)
• slivnik sa stražnjom stjenkom, čelični lim bijele boje, 55 cm
• s preklopnom rešetkom
• ispusna garnitura sa zatvaračem za sprječavanje širenja neugodnih mirisa (sifon od plastike)
• dvoručna zidna miješalica ½“, nadžbuka, sa zakretnim ispustom, čvrsto priključena, hladna i topla voda
• perlator zaštićen od krađe
• Priprema tople vode spremnik tople vode kao otvoreni uređaj za gornju montažu, 10 litara
Obračun po komadu kompletno ugrađenog i u rad puštenog slivnika (limena vindabona).",1,kom.,493.9,493.9,0%,#VALUE!,,0,
503.020.00300,,- Ispusni ventil,"SAV1 - nabava doprema i montaža ispusnog ventila (holedner slavina)
Ispusni ventil s ventilatorom, protustrujna zaklopka i navrtanj za crijevo, nazivni promjer 15 u kromiranoj izvedbi. Obračun po komadu kompletno montiranog ispusnog ventila.",10,kom.,10.51,105.1,0%,#VALUE!,,0,
503.020.00305,,- Ispusni ventil,"SAV4 - Priključak vode za uređaj za čišćenje
Ispusni ventil za hladnu vodu s ventilatorom, protustrujnom zaklopkom, navrtnjem za crijevo DN20-3/4 cola, kromirana izvedba
Visina otpr. 1,80 m iznad poda
Uređaji za čišćenje ""ECOLAB Topmaster"" ili ""TANA-Chemie"" smiju se koristiti samo s hladnom vodom.",1,kom.,12.99,12.99,0%,#VALUE!,,0,
503.020.00310,,- Priljučak za hladnu vodu,"SWA1-Priključak vode za piće i priključak odvoda kanalizacije. Postaviti u kut stražnjeg zida koncensionarske površine, ne na bočne
zidove. Cjevovod vode za piće završava 15 cm iznad spuštenog stropa, s armaturom za zatvaranje i brojačem potrošnje vode
kao M-Bus brojač, propisno plombiran, baždaren i označen brojem. Odvod kanalizacije nazivnog promjera 100 mm mora se
postaviti direktno iznad gotovog poda. Dodatni cjevovodi su u nadležnosti najmoprimca.",3,kom.,122.59,367.77,0%,#VALUE!,,0,
503.020.00315,,- Priljučak za hladnu vodu,"SWA5.1. - Priključak za vodu za piće: vod za hladnu vodu ispod žbuke ½“,za automat za vruće napitke s kutnim ventilom vanjski navoj3/8“. Položaj prema podacima dobavljača automata za vruće napitke.
Obračun po komadu kompletno montiranog ispusnog ventila.",1,kom.,163.46,163.46,0%,#VALUE!,,0,
503.020.00320,,- Priključci za pećnicu,"Izvedba:
Priključci za pećnice:
- Dovodna voda sa 3x ispusnim ventilom sa smanjenim tlakom, maks. 3 bara, ¾'' regulator tlaka u području pećnice (dobava i montaža).
Visina iznad gotovog poda cca. 70 cm. Dovodne cijevi vode za pećnice (nadolaze odozgo) moraju se moći
pojedinačno blokirati.
- Priključak za odovd: cjevovod od plastičnih cijevi otpornih na visoke temperature (HT-cijev) DN50 za odvod
kondenzirane vode iz pećnica i ventilacijske haube.Na stražnjoj strani peći sa slobodnim izlazom preko podnog odvoda (SBE3).",3,kom.,478.12,1434.36,0%,#VALUE!,,0,
503.030,,Mreža za opskrbu pitkom vodom,,,,0,37010.56,,37010.56,,,
503.030.00110,,Plastična cijev 16 x 2.2,"Cjevovodi od stabilnih sivih
PE-Xc/Al/PE-Xc spojnih cijevi s više slojeva, za instalacije pitke vode prema DIN 1988 / EN 806, otporni na difuziju, kompresijski spoj od crvenog lijeva ili silicijske bronce kao sustav s optimiranim gubicima tlaka, bez O-prstena, s ispitanom sigurnošću i certifikatom, s lijevanim potpornjem i predmontiranom čahurom od nehrđajućeg čelika, nerazdvojnom, s certifikatom o ispitivanju, uklj. oblikovane i spojne elemente i brtveni materijal, uklj. pričvršćenja za cijevi, s izolacijom protiv vibracija u tijelu, s prikladnim tiplama koje su odobrene od strane građevinskog nadzora.

Vanjski promjer x debljina zida: 16 x 2,2 mm
isporučiti i montirati.",190,m,1.41,267.9,0%,#VALUE!,,0,
503.030.00115,,"Plastični cjevovod 20 x 2,8","Cjevovodi od stabilnih sivih
PE-Xc/Al/PE-Xc spojnih cijevi s više slojeva, za instalacije pitke vode prema DIN 1988 / EN 806, otporni na difuziju, kompresijski spoj od crvenog lijeva ili silicijske bronce kao sustav s optimiranim gubicima tlaka, bez O-prstena, s ispitanom sigurnošću i certifikatom, s lijevanim potpornjem i predmontiranom čahurom od nehrđajućeg čelika, nerazdvojnom, s certifikatom o ispitivanju, uklj. oblikovane i spojne elemente i brtveni materijal, uklj. pričvršćenja za cijevi, s izolacijom protiv vibracija u tijelu, s prikladnim tiplama koje su odobrene od strane građevinskog nadzora.

Vanjski promjer x debljina zida: 20 x 2,8 mm
isporučiti i montirati.",260,m,1.76,457.6,0%,#VALUE!,,0,
503.030.00120,,"Plastični cjevovod 25 x 2,7","Cjevovodi od stabilnih sivih
PE-Xc/Al/PE-Xc spojnih cijevi s više slojeva, za instalacije pitke vode prema DIN 1988 / EN 806, otporni na difuziju, kompresijski spoj od crvenog lijeva ili silicijske bronce kao sustav s optimiranim gubicima tlaka, bez O-prstena, s ispitanom sigurnošću i certifikatom, s lijevanim potpornjem i predmontiranom čahurom od nehrđajućeg čelika, nerazdvojnom, s certifikatom o ispitivanju, uklj. oblikovane i spojne elemente i brtveni materijal, uklj. pričvršćenja za cijevi, s izolacijom protiv vibracija u tijelu, s prikladnim tiplama koje su odobrene od strane građevinskog nadzora.

Vanjski promjer x debljina zida: 25 x 2,7 mm
isporučiti i montirati.",70,m,2.8,196,0%,#VALUE!,,0,
503.030.00125,,"Plastična cijev 32 x 3,2","Cjevovodi od stabilnih sivih
PE-Xc/Al/PE-Xc spojnih cijevi s više slojeva, za instalacije pitke vode prema DIN 1988 / EN 806, otporni na difuziju, kompresijski spoj od crvenog lijeva ili silicijske bronce kao sustav s optimiranim gubicima tlaka, bez O-prstena, s ispitanom sigurnošću i certifikatom, s lijevanim potpornjem i predmontiranom čahurom od nehrđajućeg čelika, nerazdvojnom, s certifikatom o ispitivanju, uklj. oblikovane i spojne elemente i brtveni materijal, uklj. pričvršćenja za cijevi, s izolacijom protiv vibracija u tijelu, s prikladnim tiplama koje su odobrene od strane građevinskog nadzora.

Vanjski promjer x debljina zida: 32 x 3,2 mm
isporučiti i montirati.",130,m,4.6,598,0%,#VALUE!,,0,
503.030.00130,,"Plastična cijev 40 x 3,5","Cjevovodi od stabilnih sivih
PE-Xc/Al/PE-Xc spojnih cijevi s više slojeva, za instalacije pitke vode prema DIN 1988 / EN 806, otporni na difuziju, kompresijski spoj od crvenog lijeva ili silicijske bronce kao sustav s optimiranim gubicima tlaka, bez O-prstena, s ispitanom sigurnošću i certifikatom, s lijevanim potpornjem i predmontiranom čahurom od nehrđajućeg čelika, nerazdvojnom, s certifikatom o ispitivanju, uklj. oblikovane i spojne elemente i brtveni materijal, uklj. pričvršćenja za cijevi, s izolacijom protiv vibracija u tijelu, s prikladnim tiplama koje su odobrene od strane građevinskog nadzora.

Vanjski promjer x debljina zida: 40 x 3,5 mm
isporučiti i montirati.",65,m,8.5,552.5,0%,#VALUE!,,0,
503.030.00135,,"Plastična cijev 50 x 4,0","Cjevovodi od stabilnih sivih
PE-Xc/Al/PE-Xc spojnih cijevi s više slojeva, za instalacije pitke vode prema DIN 1988 / EN 806, otporni na difuziju, kompresijski spoj od crvenog lijeva ili silicijske bronce kao sustav s optimiranim gubicima tlaka, bez O-prstena, s ispitanom sigurnošću i certifikatom, s lijevanim potpornjem i predmontiranom čahurom od nehrđajućeg čelika, nerazdvojnom, s certifikatom o ispitivanju, uklj. oblikovane i spojne elemente i brtveni materijal, uklj. pričvršćenja za cijevi, s izolacijom protiv vibracija u tijelu, s prikladnim tiplama koje su odobrene od strane građevinskog nadzora.

Vanjski promjer x debljina zida: 50 x 4,0 mm
isporučiti i montirati.",10,m,10,100,0%,#VALUE!,,0,
503.030.00140,,"Zaporni ventil slobodnog protoka, DN 40 s ispusnim ventilom","Zaporni ventil slobodnog protoka,
Proizvod/tip: KEMPER / Figura 173 2G ili istovjetni proizvod,
ponuđeni proizvod/tip:
.......................................................
........................
(ispunjava ponuđač)
DN 40 - 42 mm,
u nakošenom položaju, s ventilom za pražnjenje, s kućištem i gornjim dijelom od crvenog lijeva, bez mrtvog prostora, s EPDM brtvama prema DIN EN 1213, odobrenje prema DVGW-u i vezano za zaštitu od buke, PN 16, obostrano s vanjskim navojem, uklj. kompresijski vijčani spoj prikladan za prethodno navedeni cijevni sustav s konturnom brtvom, s maticom za vanjski navoj, EPDM-brtvama i izolacijskom oblogom,
kompletno isporučiti i montirati.",1,kom.,161.99,161.99,0%,#VALUE!,,0,
503.030.00145,,"Zaporni ventil slobodnog protoka, DN 50 s ispušnim ventilom","Zaporni ventil slobodnog protoka,
Proizvod/tip: KEMPER / Figura 173 2G ili istovjetni proizvod,
ponuđeni proizvod/tip:
.......................................................
........................
(ispunjava ponuđač)
DN 50 - 54 mm,
u nakošenom položaju, s ventilom za pražnjenje, s kućištem i gornjim dijelom od crvenog lijeva, bez mrtvog prostora, s EPDM brtvama prema DIN EN 1213, odobrenje prema DVGW-u i vezano za zaštitu od buke, PN 16, obostrano s vanjskim navojem, uklj. kompresijski vijčani spoj prikladan za prethodno navedeni cijevni sustav s konturnom brtvom, s maticom za vanjski navoj, EPDM-brtvama i izolacijskom oblogom,
kompletno isporučiti i montirati.",1,kom.,242.74,242.74,0%,#VALUE!,,0,
503.030.00150,,"Vodomjer sa kotačem, snaga 2,5 m3 / h","Brojilo vode s kotačićem,
Proizvod/tip: METHERM / Modularis,
Snaga 2,5 m3/h,
za slobodno postavljanje,
dužina konstrukcije 190 mm,
DN 20,
kućište od mjedi,
s komunikacijskim modulom, M-Bus modul,
uklj. troškove za ovjeru,
uklj. sve potrebne materijale za spajanje i
brtvljenje.",3,kom.,92.86,278.58,0%,#VALUE!,,0,
503.030.00155,,Vodomjer sanitarne potrošnje,"Brojilo vode sanitarne potrošnje u vodomjernom oknu,
protok 1,4 l/s
DN 40,
s komunikacijskim modulom, M-Bus modul,
prema uvjetima vodovoda Osijek
uklj. sve potrebne materijale za spajanje i
brtvljenje.",1,kom.,1200.38,1200.38,0%,#VALUE!,,0,
503.030.00160,,Vodomjer hidrantske potrošnje,"Brojilo vode hidrantske mreže ,
protok 30 l/s ,
DN 200,
s komunikacijskim modulom, M-Bus modul,
prema uvjetima voovoda Osijek
uklj. sve potrebne materijale za spajanje i
brtvljenje.",1,kom.,9686.71,9686.71,0%,#VALUE!,,0,
503.030.00165,,- Lijevano željezni fazonski komad,"Nabava, doprema i montaža i lijevano željeznih fazonskih komada i drugih spojnog materijala za pogonski tlak 12,5 bara, za montažu na priključku, oknu vodomjera i hidrantima. Raznošenje fazonskih komada duž rova. Montaža prirubnicom brtvenim gumenim prstenom ili klingeritom, uključivo sav brtveni materijal s vijcima, te izolacija spojeva bitumenskim premazom. Stavkom obuhvaćeni kompletni monterski i građevinski radovi, te sav poreban materijal. Obračun se vrši po kompletno izvedenoj montaži fazonskih komada.

FF komad l= 1200 mm; DN200",1,kom.,340,340,0%,#VALUE!,,0,
503.030.00170,,- Lijevano željezni fazonski komad,"Nabava, doprema i montaža i lijevano željeznih fazonskih komada i drugih spojnog materijala za pogonski tlak 12,5 bara, za montažu na priključku, oknu vodomjera i hidrantima. Raznošenje fazonskih komada duž rova. Montaža prirubnicom brtvenim gumenim prstenom ili klingeritom, uključivo sav brtveni materijal s vijcima, te izolacija spojeva bitumenskim premazom. Stavkom obuhvaćeni kompletni monterski i građevinski radovi, te sav poreban materijal. Obračun se vrši po kompletno izvedenoj montaži fazonskih komada.

FF komad l= 200 mm; DN200",1,kom.,201.87,201.87,0%,#VALUE!,,0,
503.030.00175,,- Lijevano željezni fazonski komad,"Nabava, doprema i montaža i lijevano željeznih fazonskih komada i drugih spojnog materijala za pogonski tlak 12,5 bara, za montažu na priključku, oknu vodomjera i hidrantima. Raznošenje fazonskih komada duž rova. Montaža prirubnicom brtvenim gumenim prstenom ili klingeritom, uključivo sav brtveni materijal s vijcima, te izolacija spojeva bitumenskim premazom. Stavkom obuhvaćeni kompletni monterski i građevinski radovi, te sav poreban materijal. Obračun se vrši po kompletno izvedenoj montaži fazonskih komada.

FF komad l= 200 mm; DN50",2,kom.,37.28,74.56,0%,#VALUE!,,0,
503.030.00180,,- Lijevano željezni fazonski komad,"Nabava, doprema i montaža i lijevano željeznih fazonskih komada i drugih spojnog materijala za pogonski tlak 12,5 bara, za montažu na priključku, oknu vodomjera i hidrantima. Raznošenje fazonskih komada duž rova. Montaža prirubnicom brtvenim gumenim prstenom ili klingeritom, uključivo sav brtveni materijal s vijcima, te izolacija spojeva bitumenskim premazom. Stavkom obuhvaćeni kompletni monterski i građevinski radovi, te sav poreban materijal. Obračun se vrši po kompletno izvedenoj montaži fazonskih komada.

TT komad DN200",1,kom.,217.4,217.4,0%,#VALUE!,,0,
503.030.00185,,- Lijevano željezni fazonski komad,"Nabava, doprema i montaža i lijevano željeznih fazonskih komada i drugih spojnog materijala za pogonski tlak 12,5 bara, za montažu na priključku, oknu vodomjera i hidrantima. Raznošenje fazonskih komada duž rova. Montaža prirubnicom brtvenim gumenim prstenom ili klingeritom, uključivo sav brtveni materijal s vijcima, te izolacija spojeva bitumenskim premazom. Stavkom obuhvaćeni kompletni monterski i građevinski radovi, te sav poreban materijal. Obračun se vrši po kompletno izvedenoj montaži fazonskih komada.

Q komad DN20",1,kom.,37.76,37.76,0%,#VALUE!,,0,
503.030.00190,,- Lijevano željezni fazonski komad,"Nabava, doprema i montaža i lijevano željeznih fazonskih komada i drugih spojnog materijala za pogonski tlak 12,5 bara, za montažu na priključku, oknu vodomjera i hidrantima. Raznošenje fazonskih komada duž rova. Montaža prirubnicom brtvenim gumenim prstenom ili klingeritom, uključivo sav brtveni materijal s vijcima, te izolacija spojeva bitumenskim premazom. Stavkom obuhvaćeni kompletni monterski i građevinski radovi, te sav poreban materijal. Obračun se vrši po kompletno izvedenoj montaži fazonskih komada.

FFR komad DN200/DN80",2,kom.,114.42,228.84,0%,#VALUE!,,0,
503.030.00195,,- Lijevano željezni fazonski komad,"Nabava, doprema i montaža i lijevano željeznih fazonskih komada i drugih spojnog materijala za pogonski tlak 12,5 bara, za montažu na priključku, oknu vodomjera i hidrantima. Raznošenje fazonskih komada duž rova. Montaža prirubnicom brtvenim gumenim prstenom ili klingeritom, uključivo sav brtveni materijal s vijcima, te izolacija spojeva bitumenskim premazom. Stavkom obuhvaćeni kompletni monterski i građevinski radovi, te sav poreban materijal. Obračun se vrši po kompletno izvedenoj montaži fazonskih komada.

FFR komad DN80/DN50",2,kom.,35.01,70.02,0%,#VALUE!,,0,
503.030.00200,,- Lijevano željezni fazonski komad,"Nabava, doprema i montaža i lijevano željeznih fazonskih komada i drugih spojnog materijala za pogonski tlak 12,5 bara, za montažu na priključku, oknu vodomjera i hidrantima. Raznošenje fazonskih komada duž rova. Montaža prirubnicom brtvenim gumenim prstenom ili klingeritom, uključivo sav brtveni materijal s vijcima, te izolacija spojeva bitumenskim premazom. Stavkom obuhvaćeni kompletni monterski i građevinski radovi, te sav poreban materijal. Obračun se vrši po kompletno izvedenoj montaži fazonskih komada.

MDK komad DN200",1,kom.,320.38,320.38,0%,#VALUE!,,0,
503.030.00205,,- Lijevano željezni fazonski komad,"Nabava, doprema i montaža i lijevano željeznih fazonskih komada i drugih spojnog materijala za pogonski tlak 12,5 bara, za montažu na priključku, oknu vodomjera i hidrantima. Raznošenje fazonskih komada duž rova. Montaža prirubnicom brtvenim gumenim prstenom ili klingeritom, uključivo sav brtveni materijal s vijcima, te izolacija spojeva bitumenskim premazom. Stavkom obuhvaćeni kompletni monterski i građevinski radovi, te sav poreban materijal. Obračun se vrši po kompletno izvedenoj montaži fazonskih komada.

MDK komad DN50",2,kom.,117.33,234.66,0%,#VALUE!,,0,
503.030.00215,,- Zaun,"Nabava, doprema i montaža i lijevano željeznih fazonskih komada i drugih spojnog materijala za pogonski tlak 12,5 bara, za montažu na priključku, oknu vodomjera i hidrantima. Raznošenje fazonskih komada duž rova. Montaža prirubnicom brtvenim gumenim prstenom ili klingeritom, uključivo sav brtveni materijal s vijcima, te izolacija spojeva bitumenskim premazom. Stavkom obuhvaćeni kompletni monterski i građevinski radovi, te sav poreban materijal. Obračun se vrši po kompletno izvedenoj montaži fazonskih komada.

Zasun DN200",3,,263.17,789.51,0%,#VALUE!,,0,
503.030.00220,,- Zaun,"Nabava, doprema i montaža i lijevano željeznih fazonskih komada i drugih spojnog materijala za pogonski tlak 12,5 bara, za montažu na priključku, oknu vodomjera i hidrantima. Raznošenje fazonskih komada duž rova. Montaža prirubnicom brtvenim gumenim prstenom ili klingeritom, uključivo sav brtveni materijal s vijcima, te izolacija spojeva bitumenskim premazom. Stavkom obuhvaćeni kompletni monterski i građevinski radovi, te sav poreban materijal. Obračun se vrši po kompletno izvedenoj montaži fazonskih komada.

Zasun DN50",6,,97.42,584.52,0%,#VALUE!,,0,
503.030.00225,,- Teleskopsko vreteno sa zaštitnom cijevi,"Nabava, doprema i montaža teleskopskok vretena sa zaštitnom cijevi. Stavkom obuhvaćeni kompletni monterski i građevinski radovi, te sav poreban materijal. Obračun se vrši po kompletno izvedenoj montaži fazonskih komada.",3,,34.33,102.99,0%,#VALUE!,,0,
503.030.00230,,- Hvatač nečistoća,"Nabava, doprema i montaža hvatača nečistoća Stavkom obuhvaćeni kompletni monterski i građevinski radovi, te sav poreban materijal. Obračun se vrši po kompletno izvedenoj montaži fazonskih komada.

Hvatač nečistoća DN200",1,kom.,308.94,308.94,0%,#VALUE!,,0,
503.030.00235,,- Hvatač nečistoća,"Nabava, doprema i montaža hvatača nečistoća Stavkom obuhvaćeni kompletni monterski i građevinski radovi, te sav poreban materijal. Obračun se vrši po kompletno izvedenoj montaži fazonskih komada.

Hvatač nečistoća DN50",2,kom.,56.27,112.54,0%,#VALUE!,,0,
503.030.00240,,- ZOPT,"'Nabava, doprema i montaža vodomjera Stavkom obuhvaćeni kompletni monterski i građevinski radovi, te sav poreban materijal. Obračun se vrši po kompletno izvedenoj montaži fazonskih komada.

ZOPT DN200",1,kom.,4725.62,4725.62,0%,#VALUE!,,0,
503.030.00245,,- ZOPT,"'Nabava, doprema i montaža vodomjera Stavkom obuhvaćeni kompletni monterski i građevinski radovi, te sav poreban materijal. Obračun se vrši po kompletno izvedenoj montaži fazonskih komada.

ZOPT DN200",2,kom.,4725.62,9451.24,0%,#VALUE!,,0,
503.030.00250,,- spojnica,"'Nabava, doprema i montaža spojnice PEHD cijevi Stavkom obuhvaćeni kompletni monterski i građevinski radovi, te sav poreban materijal. Obračun se vrši po kompletno izvedenoj montaži fazonskih komada.

spojnica DN200",2,kom.,34.29,68.58,0%,#VALUE!,,0,
503.030.00255,,- spojnica,"'Nabava, doprema i montaža spojnice PEHD cijevi Stavkom obuhvaćeni kompletni monterski i građevinski radovi, te sav poreban materijal. Obračun se vrši po kompletno izvedenoj montaži fazonskih komada.

spojnica DN50",2,kom.,8.17,16.34,0%,#VALUE!,,0,
503.030.00260,,- Lijevano željezni fazonski komad,"Nabava, doprema i montaža vodovodnih ljevano željeznih fazonskih komada i drugog spojnog materijala za pogonski tlak 16 bara, za montažu nadzemnog hidranata.
Raznošenje fazonskih komada duž rova. Montaža prirubnicom brtvenim gumenim prstenom ili klingeritom, uključivo sav brtveni materijal s vijcima, te izolacija spojeva bitumenskim premazom.
Fazonski komadi su od nodularnog ljeva i spajaju se sa PE-HD cijevima preko tipskih spojnica.
nadzemni hidrant NO100 mm (s kuglom)",3,kom.,873.15,2619.45,0%,#VALUE!,,0,
503.030.00265,,- Lijevano željezni fazonski komad,"Nabava, doprema i montaža vodovodnih ljevano željeznih fazonskih komada i drugog spojnog materijala za pogonski tlak 16 bara, za montažu nadzemnog hidranata.
Raznošenje fazonskih komada duž rova. Montaža prirubnicom brtvenim gumenim prstenom ili klingeritom, uključivo sav brtveni materijal s vijcima, te izolacija spojeva bitumenskim premazom.
Fazonski komadi su od nodularnog ljeva i spajaju se sa PE-HD cijevima preko tipskih spojnica.
ulična kapa za zasun",3,kom.,28.72,86.16,0%,#VALUE!,,0,
503.030.00270,,- Lijevano željezni fazonski komad,"Nabava, doprema i montaža vodovodnih ljevano željeznih fazonskih komada i drugog spojnog materijala za pogonski tlak 16 bara, za montažu nadzemnog hidranata.
Raznošenje fazonskih komada duž rova. Montaža prirubnicom brtvenim gumenim prstenom ili klingeritom, uključivo sav brtveni materijal s vijcima, te izolacija spojeva bitumenskim premazom.
Fazonski komadi su od nodularnog ljeva i spajaju se sa PE-HD cijevima preko tipskih spojnica.
ulična kapa za zasun",3,kom.,28.72,86.16,0%,#VALUE!,,0,
503.030.00275,,- Lijevano željezni fazonski komad,"Nabava, doprema i montaža vodovodnih ljevano željeznih fazonskih komada i drugog spojnog materijala za pogonski tlak 16 bara, za montažu nadzemnog hidranata.
Raznošenje fazonskih komada duž rova. Montaža prirubnicom brtvenim gumenim prstenom ili klingeritom, uključivo sav brtveni materijal s vijcima, te izolacija spojeva bitumenskim premazom.
Fazonski komadi su od nodularnog ljeva i spajaju se sa PE-HD cijevima preko tipskih spojnica.
lučni komad sa stopalom NO100, N90°",3,kom.,82.95,248.85,0%,#VALUE!,,0,
503.030.00280,,- Lijevano željezni fazonski komad,"Nabava, doprema i montaža vodovodnih ljevano željeznih fazonskih komada i drugog spojnog materijala za pogonski tlak 16 bara, za montažu nadzemnog hidranata.
Raznošenje fazonskih komada duž rova. Montaža prirubnicom brtvenim gumenim prstenom ili klingeritom, uključivo sav brtveni materijal s vijcima, te izolacija spojeva bitumenskim premazom.
Fazonski komadi su od nodularnog ljeva i spajaju se sa PE-HD cijevima preko tipskih spojnica.
lučni komad sa stopalom NO100, N90°",3,kom.,82.95,248.85,0%,#VALUE!,,0,
503.030.00285,,- Lijevano željezni fazonski komad,"Nabava, doprema i montaža vodovodnih ljevano željeznih fazonskih komada i drugog spojnog materijala za pogonski tlak 16 bara, za montažu nadzemnog hidranata.
Raznošenje fazonskih komada duž rova. Montaža prirubnicom brtvenim gumenim prstenom ili klingeritom, uključivo sav brtveni materijal s vijcima, te izolacija spojeva bitumenskim premazom.
Fazonski komadi su od nodularnog ljeva i spajaju se sa PE-HD cijevima preko tipskih spojnica.
teleskopsko vreteno sa zaštitnom cijevi",3,kom.,24.52,73.56,0%,#VALUE!,,0,
503.030.00290,,- Lijevano željezni fazonski komad,"Nabava, doprema i montaža vodovodnih ljevano željeznih fazonskih komada i drugog spojnog materijala za pogonski tlak 16 bara, za montažu nadzemnog hidranata.
Raznošenje fazonskih komada duž rova. Montaža prirubnicom brtvenim gumenim prstenom ili klingeritom, uključivo sav brtveni materijal s vijcima, te izolacija spojeva bitumenskim premazom.
Fazonski komadi su od nodularnog ljeva i spajaju se sa PE-HD cijevima preko tipskih spojnica.
spojni komad sa prirubnicama FF NO100, l cca 200mm",3,kom.,50.24,150.72,0%,#VALUE!,,0,
503.030.00295,,- Lijevano željezni fazonski komad,"Nabava, doprema i montaža vodovodnih ljevano željeznih fazonskih komada i drugog spojnog materijala za pogonski tlak 16 bara, za montažu nadzemnog hidranata.
Raznošenje fazonskih komada duž rova. Montaža prirubnicom brtvenim gumenim prstenom ili klingeritom, uključivo sav brtveni materijal s vijcima, te izolacija spojeva bitumenskim premazom.
Fazonski komadi su od nodularnog ljeva i spajaju se sa PE-HD cijevima preko tipskih spojnica.
kugla za pražnjenje",3,kom.,245.19,735.57,0%,#VALUE!,,0,
503.030.00300,,- Lijevano željezni fazonski komad,"Nabava, doprema i montaža vodovodnih ljevano željeznih fazonskih komada i drugog spojnog materijala za pogonski tlak 16 bara, za montažu nadzemnog hidranata.
Raznošenje fazonskih komada duž rova. Montaža prirubnicom brtvenim gumenim prstenom ili klingeritom, uključivo sav brtveni materijal s vijcima, te izolacija spojeva bitumenskim premazom.
Fazonski komadi su od nodularnog ljeva i spajaju se sa PE-HD cijevima preko tipskih spojnica.
T komad 150/100",3,kom.,181.9,545.7,0%,#VALUE!,,0,
503.030.00305,,- Lijevano željezni fazonski komad,"Nabava, doprema i montaža vodovodnih ljevano željeznih fazonskih komada i drugog spojnog materijala za pogonski tlak 16 bara, za montažu nadzemnog hidranata.
Raznošenje fazonskih komada duž rova. Montaža prirubnicom brtvenim gumenim prstenom ili klingeritom, uključivo sav brtveni materijal s vijcima, te izolacija spojeva bitumenskim premazom.
Fazonski komadi su od nodularnog ljeva i spajaju se sa PE-HD cijevima preko tipskih spojnica.
spojnica za PEHD NO 100",3,kom.,32.83,98.49,0%,#VALUE!,,0,
503.030.00310,,- Zaun,"Nabava, doprema i montaža i lijevano željeznih fazonskih komada i drugih spojnog materijala za pogonski tlak 16 bara, za montažu na priključku, oknu vodomjera i hidrantima. Raznošenje fazonskih komada duž rova. Montaža prirubnicom brtvenim gumenim prstenom ili klingeritom, uključivo sav brtveni materijal s vijcima, te izolacija spojeva bitumenskim premazom. Stavkom obuhvaćeni kompletni monterski i građevinski radovi, te sav poreban materijal. Obračun se vrši po kompletno izvedenoj montaži fazonskih komada.

Zasun DN100",3,kom.,162.96,488.88,0%,#VALUE!,,0,
503.040,,Prljava voda cijevne mreže,,,,0,19576.01,,19576.01,,,
503.040.00100,,"Kanalizacijske cijevi, DN 32","Odvodne cijevi, DN 32
kao zvučno izolirani odvodni sustav kuće za odvodne sustave prema DIN EN 12056 i DIN
1986-100, unutar zgrada, s PP spojnom cijevi pojačanom mineralnim vlaknima od bezhalogene plastike, s oblikovanom utičnom spojnicom i gotovim brtvenim prstenom koji se postavlja na gradilištu.
Otporne na vruću vodu: do 97 °C,
razina zvuka prilikom instalacije (prema EN 14366):
=22 dB (A) za 4 l/s, s potvrdom o zvučnoj izolaciji
Zapaljivost: Razred B2, s općenitim odobrenjem od strane građevinskog nadzora,
kompatibilne s HT oblikovanim elementima bez uporabe dodatnih prijelaznih elemenata.
Dužina: sve dužine
uklj. oblikovane i spojne elemente,
sigurnosne obujmice i brtveni materijal uklj.
pričvršćenja za cijevi, s izolacijom protiv vibracija u tijelu, s prikladnim
tiplama koje su odobrene od strane građevinskog nadzora.
Referentni proizvod: REHAU / Raupiano Plus, DN 32
ili istovjetni proizvod,
ponuđeni proizvod/tip:
.......................................................
........................
(ispunjava ponuđač)
isporučiti i montirati",20,m,23.22,464.4,0%,#VALUE!,,0,
503.040.00105,,"Kanalizacijske cijevi, DN 40","Odvodne cijevi, DN 40
kao zvučno izolirani odvodni sustav kuće za odvodne sustave prema DIN EN 12056 i DIN
1986-100, unutar zgrada, s PP spojnom cijevi pojačanom mineralnim vlaknima od bezhalogene plastike, s oblikovanom utičnom spojnicom i gotovim brtvenim prstenom koji se postavlja na gradilištu.
Otporne na vruću vodu: do 97 °C,
razina zvuka prilikom instalacije (prema EN 14366):
=22 dB (A) za 4 l/s, s potvrdom o zvučnoj izolaciji
Zapaljivost: Razred B2, s općenitim odobrenjem od strane građevinskog nadzora,
kompatibilne s HT oblikovanim elementima bez uporabe dodatnih prijelaznih elemenata.
Dužina: sve dužine
uklj. oblikovane i spojne elemente,
sigurnosne obujmice i brtveni materijal uklj.
pričvršćenja za cijevi, s izolacijom protiv vibracija u tijelu, s prikladnim
tiplama koje su odobrene od strane građevinskog nadzora.
Referentni proizvod: REHAU / Raupiano Plus, DN 40
ili istovjetni proizvod,
ponuđeni proizvod/tip:
.......................................................
........................
(ispunjava ponuđač)
isporučiti i montirati",20,m,11.26,225.2,0%,#VALUE!,,0,
503.040.00110,,"Kanalizacijske cijevi, DN 50","Odvodne cijevi, DN 50
kao zvučno izolirani odvodni sustav kuće za odvodne sustave prema DIN EN 12056 i DIN
1986-100, unutar zgrada, s PP spojnom cijevi pojačanom mineralnim vlaknima od bezhalogene plastike, s oblikovanom utičnom spojnicom i gotovim brtvenim prstenom koji se postavlja na gradilištu.
Otporne na vruću vodu: do 97 °C,
razina zvuka prilikom instalacije (prema EN 14366):
=22 dB (A) za 4 l/s, s potvrdom o zvučnoj izolaciji
Zapaljivost: Razred B2, s općenitim odobrenjem od strane građevinskog nadzora,
kompatibilne s HT oblikovanim elementima bez uporabe dodatnih prijelaznih elemenata.
Dužina: sve dužine
uklj. oblikovane i spojne elemente,
sigurnosne obujmice i brtveni materijal uklj.
pričvršćenja za cijevi, s izolacijom protiv vibracija u tijelu, s prikladnim
tiplama koje su odobrene od strane građevinskog nadzora.
Referentni proizvod: REHAU / Raupiano Plus, DN 50
ili istovjetni proizvod,
ponuđeni proizvod/tip:
.......................................................
........................
(ispunjava ponuđač)
isporučiti i montirati",65,m,15.05,978.25,0%,#VALUE!,,0,
503.040.00115,,"Kanalizacijske cijevi, DN 75","Odvodne cijevi, DN 75
kao zvučno izolirani odvodni sustav kuće za odvodne sustave prema DIN EN 12056 i DIN
1986-100, unutar zgrada, s PP spojnom cijevi pojačanom mineralnim vlaknima od bezhalogene plastike, s oblikovanom utičnom spojnicom i gotovim brtvenim prstenom koji se postavlja na gradilištu.
Otporne na vruću vodu: do 97 °C,
razina zvuka prilikom instalacije (prema EN 14366):
=22 dB (A) za 4 l/s, s potvrdom o zvučnoj izolaciji
Zapaljivost: Razred B2, s općenitim odobrenjem od strane građevinskog nadzora,
kompatibilne s HT oblikovanim elementima bez uporabe dodatnih prijelaznih elemenata.
Dužina: sve dužine
uklj. oblikovane i spojne elemente,
sigurnosne obujmice i brtveni materijal uklj.
pričvršćenja za cijevi, s izolacijom protiv vibracija u tijelu, s prikladnim
tiplama koje su odobrene od strane građevinskog nadzora.
Referentni proizvod: REHAU / Raupiano Plus, DN 75
ili istovjetni proizvod,
ponuđeni proizvod/tip:
.......................................................
........................
(ispunjava ponuđač)
isporučiti i montirati",15,m,20.94,314.1,0%,#VALUE!,,0,
503.040.00120,,"Kanalizacijske cijevi, DN 110","Odvodne cijevi, DN 110
kao zvučno izolirani odvodni sustav kuće za odvodne sustave prema DIN EN 12056 i DIN
1986-100, unutar zgrada, s PP spojnom cijevi pojačanom mineralnim vlaknima od bezhalogene plastike, s oblikovanom utičnom spojnicom i gotovim brtvenim prstenom koji se postavlja na gradilištu.
Otporne na vruću vodu: do 97 °C,
razina zvuka prilikom instalacije (prema EN 14366):
=22 dB (A) za 4 l/s, s potvrdom o zvučnoj izolaciji
Zapaljivost: Razred B2, s općenitim odobrenjem od strane građevinskog nadzora,
kompatibilne s HT oblikovanim elementima bez uporabe dodatnih prijelaznih elemenata.
Dužina: sve dužine
uklj. oblikovane i spojne elemente,
sigurnosne obujmice i brtveni materijal uklj.
pričvršćenja za cijevi, s izolacijom protiv vibracija u tijelu, s prikladnim
tiplama koje su odobrene od strane građevinskog nadzora.
Referentni proizvod: REHAU / Raupiano Plus, DN 110
ili istovjetni proizvod,
ponuđeni proizvod/tip:
.......................................................
........................
(ispunjava ponuđač)
isporučiti i montirati",120,m,33.81,4057.2,0%,#VALUE!,,0,
503.040.00125,,"- Podni odvod od lijevanog željeza, DN 100, s rešetkom","Nabava, doprema i montaža podnog slivnik od lijevanog željeza, izljev DN 100 vertiklani, s bijelim premazom na epoxy bazi, ispitanim prema
DIN EN 1253, Razred negorivosti materijala A1, nezapaljiv prema AbZ.Z-19.17-2144
s integriranom zvučnom izolacijom prema VDI 4100:2012, SST III = 22 dB(A),
Sa prirubnicom za uklještenje h.i. i otvorima za sekundarno dreniranje, zaštitnim poklopcem za vrijeme ugradnje i priključkom za uzemljenje, sa sifonom od plastike, u dva dijela s mogućnosti rastavljanja i čišćenja.
Gornji dio slivnika ,s okvirom od nehrđajućeg čelika 150 x 150 mm,
s mrežastom rešetkom od nehrđajućeg čelika dimenzije 142x142mm, bez mogućnosti zaključavanja Razred opterećenja L15, promjer izljeva 125 mm,sa tvornički spojenim platnom za spoj na plitke h.i. premaze.
Stavka uključuje i sito za nečistoće od nehrđajućeg čelika, materijal 1.4301
za promjer sita 180 mm, sa širinom proreza od 6 mm

Referentni proizvod: ACO PASSAVANT / Br. artikla.
5571.60.20
5128.10.55, 5141.97.22 i 7000.03.19
ili istovjetni proizvod,
ponuđeni proizvod/tip:
.......................................................
........................
(ispunjava ponuđač)",1,kom.,721.02,721.02,0%,#VALUE!,,0,
503.040.00130,,"- Podni odvod izrađen od nehrđajućeg čelika, DN 100, s rešetkom","Donji dio slivnika ACO INOX 218 donjeg izljevnog dijela industrijskog slivnika izrađenog prema HRN EN 1253, s izvadivim zaporom za miris (sifonom), promjera tijela 218 mm, visine 170 mm i vertiklanim odvodom DN 100. Promjer prirubnice za uklještenje hidroizolacije 418 mm. Sve izrađeno iz nehrđajućeg čelika AISI 304 sa gumenim brtvenim prstenom. Minimalni protok slivnika 6,2 l/Sek prema HRN EN 1253-1, Higijenski dizajn prema EN1672, EN ISO 14159 i EHEDG dokument strana 8,13 i 44
ACO INOX 218 dosjeda za rešetku 268x268 mm industrijskog slivnika, izrađenog iz nehrđajućeg čelika AISI 304 prema HRN EN 1253. Okvir dimenzija 300x300 mm, ukupne visine 104 mm sa Extended rubom za prihvat plitke hidroizolacije ispod keramike. Promjer izljeva Ø200 za spoj na donji dio ACO INOX 218 industrijskog slivnika.
ACO INOX 218 protuklizne prečkaste rešetke 268x268 mm za industrijske slivnike, izrađene iz nehrđajućeg čelika AISI 304 prema HRN EN 1253. Visina rešetke 25 mm. Rešetka izvedena prema EHEDG higijenskim standardima sa zaobljenim rubovima i punim uzdužnim varom na svim prečkama. Zaštitna obrada materijala pikopasiviziranjem radi otpornosti na koroziju. Rešetka nosivosti M125 prema HRN EN 1253-1
ACO INOX 218 sito za nečistoće iz nehrđajućeg čelika AISI 304 prema HRN EN 1253. Promjer sita 222 mm, visina 50 mm, za vertiklani izljev.

Referentni proizvod: ACO PASSAVANT
Br. artikla 408065, 408243, 408037
i 416908
ili istovjetni proizvod,
ponuđeni proizvod/tip:
.......................................................
........................
(ispunjava ponuđač)",7,kom.,1048.64,7340.48,0%,#VALUE!,,0,
503.040.00135,,"- Podni odvod od lijevanog željeza, DN 100 s kantom","Donji dio ACO INOX industrijskog slivnika TIP 142 , izrađenog prema EN 1253 iz nehrđajućeg čelika 1.4301, sa vertikalnim izljevom DN100, sa izvadivim higijenskim zaporom za miris (sifonom), promjera tijela 142 mm, sa prirubnicom za uklještenje hidroizolacije promjera 344 mm. Sve izrađeno iz nehrđajućeg čelika AISI 304 sa gumenim brtvenim prstenom. Minimalni protok slivnika 1,6 l/Sek prema HRN EN 1253-1, Higijenski dizajn prema EN1672, EN ISO 14159 i EHEDG dokument strana 8,13 i 44

ACO Hygienic 142 dosjeda za rešetku 168x168 mm industrijskog slivnika, izrađenog iz nehrđajućeg čelika AISI 304 prema HRN EN 1253. Okvir dimenzija 200x200 mm, ukupne visine 99 mm. Promjer izljeva Ø125 za spoj na donji dio ACO INOX 142 industrijskog slivnika.
Dosjed higijenskog dizajna izrađen tehnologijom dubokog vučenja sa svim kutevima u radijusu radi lakšeg čišćenja i održavanja, prema EHEDG i HACCP standardima.

ACO INOX 142 protuklizne mrežaste rešetke 168x168 mm za industrijske slivnike, izrađene iz elektropoliranog nehrđajućeg čelika AISI 304 prema HRN EN 1253. Visina rešetke 25 mm. Nosivost L15.

ACO INOX 142 sito za nečistoće iz nehrđajućeg čelika AISI 304 prema HRN EN 1253. Promjer sita 142mm, visina 45 mm, za vertiklani izljev.

Referentni proizvod: ACO PASSAVANT
Br. artikla 414718, 414832, 408090
i 416900
ili istovjetni proizvod,
ponuđeni proizvod/tip:
.......................................................
........................
(ispunjava ponuđač)",6,kom.,434.26,2605.56,0%,#VALUE!,,0,
503.040.00140,,- Podni slivnik od nehrđajućeg čelika 800x800,"Donji dio slivnika ACO INOX 218 donjeg izljevnog dijela industrijskog slivnika izrađenog prema HRN EN 1253, s izvadivim zaporom za miris (sifonom), promjera tijela 218 mm, visine 170 mm i vertiklanim odvodom DN 100. Promjer prirubnice za uklještenje hidroizolacije 418 mm. Sve izrađeno iz nehrđajućeg čelika AISI 304 sa gumenim brtvenim prstenom. Minimalni protok slivnika 6,2 l/Sek prema HRN EN 1253-1, Higijenski dizajn prema EN1672, EN ISO 14159 i EHEDG dokument strana 8,13 i 44
ACO kanala za odvodnju kuhinje u higijenskoj izvedbi dimenzije 800x830mm. Dubine na izljevu 80mm. Tijelo kanala iz nehrđajućeg čelika AISI 304 dodatno zaštićen postupkom piko-pasivizacije. Svi spojevi izrađeni sa radijusom većim od 3 mm prema higijenskom dizajnu HRN EN 14159 te EHEDG standardima za prehrambenu industriju, radi lakšeg čišćenja i održavanja. Tijelo izvedeno sa padom prema sredini i izljevom Ø 200 mm za spoj na podni slivnik 218..
ACO INOX 218 protuklizne mrežaste rešetke 768x398 mm za industrijske slivnike, izrađene iz elektropoliranog nehrđajućeg čelika AISI 304 prema HRN EN 1253. Visina rešetke 30 mm. Nosivost L15. Razred protukliznosti R11

ACO INOX 218 sito za nečistoće iz nehrđajućeg čelika AISI 304 prema HRN EN 1253. Promjer sita 222 mm, visina 50 mm, za vertiklani izljev.

Referentni proizvod: ACO PASSAVANT
Br. artikla 408065, 416672, 416878
i 416908
ili istovjetni proizvod,
ponuđeni proizvod/tip:
.......................................................
........................
(ispunjava ponuđač)",1,kom.,1202.53,1202.53,0%,#VALUE!,,0,
503.040.00145,,Spajanje sudopera koje isporučuje kupac,"Priključak isporučenog kombiniranog korita odnosno dvostrukog korita na mrežu otpadne vode, uključujući sve potrebne materijale, uključujući izradu otvora za mješalicu slavine.",2,kom.,612.97,1225.94,0%,#VALUE!,,0,
503.040.00150,,Priključak na pećnicu u pekarnici,"Priključak pećnice u pekarnici na mrežu otpadne vode, s HT cijevi DN 50 (3 x 1,00 m)
kao slobodni izljev preko podnog odvoda uključujući lukove (6 komada), uključujući sve potrebne sitne dijelove i dijelove za pričvršćivanje.",3,kom.,147.11,441.33,0%,#VALUE!,,0,
503.050,,Mreža cijevi za kišnicu,,,,0,24518.98,,24518.98,,,
503.050.00100,,- Podtlačni sustava odvodnje oborinskih krovnih voda,"Dobava i montaža podtlačnog sustava odvodnje oborinskih krovnih voda kao: ACO JET. Hidraulički proračun prema HRN EN 12056-3 i DIN 1986-100/VDI 3806), vodolovna grla prema (HRN EN 1253-1:2003-09 i HRN EN 1253-2: 2004-03),
Sve prema izvedbenim shemama, uputama i nadzoru proizvođača. Sva dokumentacija mora biti prema važećoj zakonskoj regulativi RH
Rješenje proizvođača oznake ACO.
Podtlačni sustav sastoji se od:
- ACO JET uljevni element s horizontalnim priključkom DN 70 izveden od inoxa AISI 304, univerzalnom prirubnicom za spoj na TPO, PVC ili bitumensku hidroizolacijsku foliju, zaštitnom košarom i izolacijskim elementom, zajedno sa izolacijskim tijelom protiv kondenzacije;
- ACO grijač 230V/25W sa termostatom;
- ACO GMX PIPE prema DIN-EN 1123 cjevovod sa svim potrebnim fazonskim komadima i spojnim priborom; specifikacijom proizvođača obuhvaćeno tm trase od DN70 i DN100 klasa negorivosti materijala A1, pocinčani čelik, spajanje na utični kolčak, u ponudi su i dodatne obujmice na spojevima.
- dobave kompletne tehničke i atestne dokumentacije za ACO JET podtlačni sistem odvodnje krovnih oborinskih voda.
Obračun se vrši po kompletu ACO JET podtlačni sistem odvodnje krovnih oborinskih voda.",1,komplet,24518.98,24518.98,0%,24518.98,,0,
503.060,,Izolacije linijske mreže,,,,0,12203.71,,12203.71,,,
503.060.00100,,"Toplinska izolacija DN 12, topla voda","Toplinska izolacija na cjevovodima za toplu pitku vodu,
Izolacija od fizički umrežene polietilenske pjene sa zatvorenom strukturom, pojačana dodatnom folijom od mrežne tkanine otporne na trganje, s čvorovima na mjestima križanja, za sve materijale cijevi, za postavljenje u izbočeni zid i zidne proreze najvažnija svojstva proizvoda:
lambda vrijednost 0,036 W/(m*K) na 40 °C
robusna površina, otporna na trganje
CE oznaka prema EN 14313 za cjelokupno
europsko tržište
Razred materijala: B2
Razred materijala prema DIN EN 13501-1: EL
Toplinska vodljivost: l40°C = 0,036 W/(m×K)
Difuzijska otpornost na vodenu paru: m ³ 5200
Temperaturna otpornost (trajno): od 80 °C do
+100 °C
Isporučena dužina: 2 m / zatvoreno crijevo
debljina izolacijskog sloja: 11 mm
Vanjski promjer cijevi: da = 15 mm (DN 12)
Referentni proizvod: Missel / VS 10-15
Br. artikla 104-1015
ili istovjetni proizvod,
ponuđeni proizvod/tip:
.......................................................
........................
(ispunjava ponuđač)",10,m,17.08,170.8,0%,#VALUE!,,0,
503.060.00105,,"Toplinska izolacija DN 15, topla voda","Toplinska izolacija na cjevovodima za toplu pitku vodu,
Izolacija od fizički umrežene polietilenske pjene sa zatvorenom strukturom, pojačana
dodatnom folijom od mrežne tkanine otporne na trganje, s čvorovima na mjestima križanja, za sve materijale cijevi, za postavljenje u izbočeni zid i zidne proreze najvažnija svojstva proizvoda:
lambda vrijednost 0,036 W/(m*K) na 40 °C
CE oznaka prema EN 14313 za cjelokupno
europsko tržište
Razred materijala: B2
Razred materijala prema DIN EN 13501-1: EL
Toplinska vodljivost: l40°C = 0,036 W/(m×K)
Difuzijska otpornost na vodenu paru: m ³ 5200
Temperaturna otpornost (trajno): od 80 °C do
+100 °C
Isporučena dužina: 2 m / zatvoreno crijevo
debljina izolacijskog sloja: 11 mm
Vanjski promjer cijevi: da = 18 mm (DN 15)
Referentni proizvod: Missel / VS 10-18
Br. artikla 104-1018
ili istovjetni proizvod,
ponuđeni proizvod/tip:
.......................................................
........................
(ispunjava ponuđač)",95,m,18.74,1780.3,0%,#VALUE!,,0,
503.060.00110,,"Toplinska izolacija DN 20, topla voda","Toplinska izolacija na cjevovodima za toplu pitku vodu,
Izolacija od fizički umrežene polietilenske pjene sa zatvorenom strukturom, pojačana dodatnom folijom od mrežne tkanine otporne na trganje, s čvorovima na mjestima križanja, za sve materijale cijevi, za postavljenje u izbočeni zid i zidne proreze najvažnija svojstva proizvoda:
lambda vrijednost 0,036 W/(m*K) na 40 °C
CE oznaka prema EN 14313 za cjelokupno
europsko tržište
Razred materijala: B2
Razred materijala prema DIN EN 13501-1: EL
Toplinska vodljivost: l40°C = 0,036 W/(m×K)
Difuzijska otpornost na vodenu paru: m ³ 5200
Temperaturna otpornost (trajno): od 80 °C do
+100 °C
Isporučena dužina: 2 m / zatvoreno crijevo
debljina izolacijskog sloja: 11 mm
Vanjski promjer cijevi: da = 22 mm (DN 20)
Referentni proizvod: Missel / VS 10-22
Br. artikla 104-1022
ili istovjetni proizvod,
ponuđeni proizvod/tip:
.......................................................
........................
(ispunjava ponuđač)",55,m,20.12,1106.6,0%,#VALUE!,,0,
503.060.00115,,"Toplinska izolacija DN 25, topla voda","Toplinska izolacija na cjevovodima za toplu pitku vodu,
Izolacija od fizički umrežene polietilenske pjene sa zatvorenom strukturom, pojačana dodatnom folijom od mrežne tkanine otporne na trganje, s čvorovima na mjestima križanja, za sve materijale cijevi, za postavljenje u izbočeni zid i zidne proreze najvažnija svojstva proizvoda:
lambda vrijednost 0,036 W/(m*K) na 40 °C
CE oznaka prema EN 14313 za cjelokupno
europsko tržište
Razred materijala: B2
Razred materijala prema DIN EN 13501-1: EL
Toplinska vodljivost: l40°C = 0,036 W/(m×K)
Difuzijska otpornost na vodenu paru: m ³ 5200
Temperaturna otpornost (trajno): od 80 °C do
+100 °C
Isporučena dužina: 2 m / zatvoreno crijevo
debljina izolacijskog sloja: 11 mm
Vanjski promjer cijevi: da = 28 mm (DN 25)
Referentni proizvod: Missel / VS 15-28
Br. artikla 104-1528
ili istovjetni proizvod,
ponuđeni proizvod/tip:
.......................................................
........................
(ispunjava ponuđač)",40,m,33.63,1345.2,0%,#VALUE!,,0,
503.060.00120,,"Toplinska izolacija DN 12, hladna voda","Toplinska izolacija na cjevovodima za toplu pitku vodu,
Izolacija od fizički umrežene polietilenske pjene sa zatvorenom strukturom, pojačana dodatnom folijom od mrežne tkanine otporne na trganje, s čvorovima na mjestima križanja, za sve materijale cijevi, za postavljenje u izbočeni zid i zidne proreze najvažnija svojstva proizvoda:
Lambda vrijednost 0,033 W/(m*K) na 10 °C
CE oznaka prema EN 14313 za cjelokupno
europsko tržište
Razred materijala: B2
Razred materijala prema DIN EN 13501-1: EL
Toplinska vodljivost: l10°C = 0,033 W/(m×K)
Difuzijska otpornost na vodenu paru: m ³ 5200
Temperaturna otpornost (trajno): od 80 °C do
+100 °C
Isporučena dužina: 2m
debljina izolacijskog sloja: 9 mm
Vanjski promjer cijevi: da = 15 mm (DN 12)
Referentni proizvod: Missel / VS 9-15
Br. artikla 104-0915
ili istovjetni proizvod,
ponuđeni proizvod/tip:
.......................................................
........................
(ispunjava ponuđač)",10,m,15.42,154.2,0%,#VALUE!,,0,
503.060.00125,,"Toplinska izolacija DN 15, hladna voda","Toplinska izolacija na cjevovodima za toplu pitku vodu,
Izolacija od fizički umrežene polietilenske pjene sa zatvorenom strukturom, pojačana dodatnom folijom od mrežne tkanine otporne na trganje, s čvorovima na mjestima križanja, za sve materijale cijevi, za postavljenje u izbočeni zid i zidne proreze najvažnija svojstva proizvoda:
Lambda vrijednost 0,033 W/(m*K) na 10 °C
CE oznaka prema EN 14313 za cjelokupno
europsko tržište
Razred materijala: B2
Razred materijala prema DIN EN 13501-1: EL
Toplinska vodljivost: l10°C = 0,033 W/(m×K)
Difuzijska otpornost na vodenu paru: m ³ 5200
Temperaturna otpornost (trajno): od 80 °C do
+100 °C
Isporučena dužina: 2m
debljina izolacijskog sloja: 9 mm
Vanjski promjer cijevi: da = 18 mm (DN 15)
Referentni proizvod: Missel / VS 9-18
Br. artikla 104-0918
ili istovjetni proizvod,
ponuđeni proizvod/tip:
.......................................................
........................
(ispunjava ponuđač)",90,m,10.06,905.4,0%,#VALUE!,,0,
503.060.00130,,"Toplinska izolacija DN 20, hladna voda","Toplinska izolacija na cjevovodima za toplu pitku vodu,
Izolacija od fizički umrežene polietilenske pjene sa zatvorenom strukturom, pojačana dodatnom folijom od mrežne tkanine otporne na trganje, s čvorovima na mjestima križanja, za sve materijale cijevi, za postavljenje u izbočeni zid i zidne proreze najvažnija svojstva proizvoda:
Lambda vrijednost 0,033 W/(m*K) na 10 °C
CE oznaka prema EN 14313 za cjelokupno
europsko tržište
Razred materijala: B2
Razred materijala prema DIN EN 13501-1: EL
Toplinska vodljivost: l10°C = 0,033 W/(m×K)
Difuzijska otpornost na vodenu paru: m ³ 5200
Temperaturna otpornost (trajno): od 80 °C do
+100 °C
Isporučena dužina: 2m
debljina izolacijskog sloja: 9 mm
Vanjski promjer cijevi: da = 22 mm (DN 20)
Referentni proizvod: Missel / VS 9-22
Br. artikla 104-0922
ili istovjetni proizvod,
ponuđeni proizvod/tip:
.......................................................
........................
(ispunjava ponuđač)",210,m,10.63,2232.3,0%,#VALUE!,,0,
503.060.00135,,"Toplinska izolacija DN 25, hladna voda","Toplinska izolacija na cjevovodima za hladnu pitku vodu,
Izolacija od fizički
umrežene polietilenske pjene sa zatvorenom strukturom, pojačana
dodatnom folijom od mrežne tkanine otporne na trganje,
s čvorovima na mjestima križanja, za sve materijale cijevi,
za postavljenje u izbočeni zid i zidne proreze
najvažnija svojstva proizvoda:
Lambda vrijednost 0,033 W/(m*K) na 10 °C
CE oznaka prema EN 14313 za cjelokupno
europsko tržište
Razred materijala: B2
Razred materijala prema DIN EN 13501-1: EL
Toplinska vodljivost: l10°C = 0,033 W/(m×K)
Difuzijska otpornost na vodenu paru: m ³ 5200
Temperaturna otpornost (trajno): od 80 °C do
+100 °C
Isporučena dužina: 2m
debljina izolacijskog sloja: 9 mm
Vanjski promjer cijevi: da = 28 mm (DN 25)
Referentni proizvod: Missel / VS 9-28
Br. artikla 104-0928
ili istovjetni proizvod,
ponuđeni proizvod/tip:
.......................................................
........................
(ispunjava ponuđač)",25,m,12.01,300.25,0%,#VALUE!,,0,
503.060.00140,,Toplinska izolacija 35 mm mineralnih vlakana,"Toplinska izolacija na cjevovodima,
temperatura medija '+ 10 °C do + 70 °C',
okolišna temperatura '+ 20 °C',
izolacija od nezapaljivih materijala
Razred materijala A,
u zgradama,
visina cijevi iznad tla ‘do ........ m',
vanjski promjer cijevi do 35,0 mm,
cijev od 'nehrđajućeg čelika
uključujući sve dodatke (lukove, spojnice, grane,
nastavke, itd.)'.
Izolacija se sastoji od:

Strunjača od mineralnih vlakana,
toplinske vodljivosti '
.......................................................
...............
(ispunjava ponuđač)',
s prevlakom od aluminijske folije,
zavezati trakom,
uzdužne i okrugle niti zalijepiti trakom,
širina 'prema potrebi',
Proizvod '
.......................................................
............
(ispunjava ponuđač)',
Teško zapaljivo ljepilo,
Izolacijski sloj 'otporan na difuziju',
Izolacijski sloj debljine 30 mm.",130,m,20.58,2675.4,0%,#VALUE!,,0,
503.060.00145,,Toplinska izolacija 42 mm mineralna vlakna,"Toplinska izolacija na cjevovodima,
temperatura medija '+ 10 °C do + 70 °C',
okolišna temperatura '+ 20 °C',
izolacija od nezapaljivih materijala
Razred materijala A,
u zgradama,
visina cijevi iznad tla ‘do ........ m',
vanjski promjer cijevi do 42,0 mm,
cijev od 'nehrđajućeg čelika
uključujući sve dodatke (lukove, spojnice, grane,
nastavke, itd.)'.
Izolacija se sastoji od:

Strunjača od mineralnih vlakana,
toplinske vodljivosti '
.......................................................
...............
(ispunjava ponuđač)',
s prevlakom od aluminijske folije,
zavezati trakom,
uzdužne i okrugle niti zalijepiti trakom,
širina 'prema potrebi',
Proizvod '
.......................................................
............
(ispunjava ponuđač)',
Teško zapaljivo ljepilo,
Izolacijski sloj 'otporan na difuziju',
Izolacijski sloj debljine 30 mm.",62,m,24.73,1533.26,0%,#VALUE!,,0,
503.070,,Građevinski radovi (proboj zida / bušenje jezgre),,,,0,0,,0,,,
503.080,,Ostale usluge,,,,0,0,,0,,,
503.090,,Prijem / puštanje u rad,,,,0,18732.49,,18732.49,,,
503.090.00100,,Upute za rad i održavanje,"Tehnička dokumentacija
Svi primopredajni i revizijski dokumenti se elektroničkim putem
(bez papira) u odgovarajućem formatu trebaju
predati, odnosno skenirani poslati (npr. primopredajni izvještaji).
Revizijski planovi se kao plot datoteke i DWG datoteke
trebaju predati sukladno Kauflandovoj CAD smjernici.
Kod važnih dokumenata kao što su službene primopredaje,
primopredaje protupožarnih sustava kao i potvrde službenika
ili instituta za ispitivanja, s originalnim potpisima,
signaturama ili pečatima, Kauflandu se treba predati jedan
dodatni primjerak u papirnatom obliku
.

Svi dokumenti,
potvrde i planovi u papirnatom obliku, trebaju se predati u DIN
A4 fasciklama koje se označene brojčanom oznakom
u skladu sa zadanom strukturom.
Dokumenti koji se trebaju objaviti na oglasnoj ploči kao i knjige ispitivanja
za tehnička postrojenja, koja su predmet opetovane provjere i
koja moraju biti dostupna u zgradi,
također se u papirnatom obliku trebaju
predati Kauflandu.

Za predaju primopredajnih i revizijskih dokumenata
smije se koristiti isključivo elektronički sustav ""cFolders""
. Odgovarajući primopredajni izvještaji ili
potvrde s potpisima, signaturama ili
pečatima trebaju se skenirati i također elektronički predati
pomoću ""cFolders“ sučelja.

Arhitekt odnosno planer koji je odgovoran za nadzor gradilišta
provjerene i predane
primopredajne i revizijske
dokumente u odgovarajućem formatu i
sljedećoj strukturi postavlja
na ""cFolders“ platformu.
Potrebna struktura datoteka može se iščitati iz aktualne
KaBa-e.

Gotove sheme postrojenja u ispravnoj veličini
(minimalno A3), laminirane, postaviti na prikladno mjesto
na centrali.

Potrebna je dodatna obuka osoblja
nakon ca. 2 do 3 mjeseca.",1,psch,326.92,326.92,0%,#VALUE!,,0,
503.090.00105,,Ispiranje gore navedenih odvoda otpadnih voda,"Ispiranje gore navedenih odvodnih cijevi i
cijevi za masnu vodu
(u nekoliko dijelova) uključujući
ispitivanje nepropusnosti i protokol.",1,psch,449.51,449.51,0%,#VALUE!,,0,
503.090.00110,,Isperite izbočene cijevi za kišnicu,"Ispiranje gore navedenih cijevi za kišnicu
(u nekoliko dijelova)
uključujući ispitivanje nepropusnosti i protokol.",1,psch,163.46,163.46,0%,#VALUE!,,0,
503.090.00115,,Uspostavite električnu vezu,"Stručna izrada električnih
priključaka za sve cirkulacijske crpke,
sustave za podizanje, dodatna grijanja, spremnike tople vode,
protočne bojlere, upravljačke jedinice pisoara, bezdodirne
miješalice itd.
kao i stručno puštanje u rad u
dogovoru s električarom na terenu.",1,psch,1225.95,1225.95,0%,#VALUE!,,0,
503.090.00120,,- Ispitivanje tlakom,"Tlačno ispitivanje cijevne mreže nakon montaže cjevovoda na ispitni tlak od 15 bara prema propisima DIN-a 4279. Ispitivanje provesti prema uputstvima nadležnog distributera vode i tehničkim uvjetima ovog projekta. Ispitivanje se vrši uz prisustvo nadzornog inženjera. O tlačnom ispitivanju voditi zapisnik sa potpisom vršioca ispitivanja, nadzornog inženjera i odgovornih osoba. Rezultat tlačnog ispitivanja obvezno evidentirati u građevinski dnevnik. U stavku je uključena dobava pumpe i mjernog uređaja kao i ostalog potrebnog pribora za provedbu tlačne probe.",1,kom.,899.03,899.03,0%,#VALUE!,,0,
503.090.00125,,Dezinficirati i isprati,"Dezinfekcija i naknadno ispiranje cjevovoda za pitku vodu, prema DIN 1988 i DVGW W 291, vodom, puštanje u rad po pojedinim odsjecima, za sve i u nekoliko dijelova,
DN cijevi = sve dimenzije = paušalno.",1,psch,719.22,719.22,0%,#VALUE!,,0,
503.090.00130,,- Ispitivanje kanala na vodonepropusnost i funkcionalnost,"Provjera ispravnosti gotovog kanala i ispitivanje kanala i revizijskih okana na vodonepropusnost prema HRN EN 1610:2015 i drugim važećim propisima, uz ishođenje atesta za tehnički pregled i primopredaju s izradom izvješća o ispitivanju.
Ispitivanje se vrši na djelomično zatrpanom kanalu - spojevi moraju biti slobodni i vidljivi. Ispitivanje vrši osoba (laboratorij) ovlaštena prema normi HRN EN ISO/IEC 17025:2007.
Stavka uključuje sav upotrijebljeni materijal, opremu i rad ovlaštene osobe.
Obračun po m' ispitanog izvedenog kanala s oknima.",1,komplet,629.32,629.32,0%,#VALUE!,,0,
503.090.00135,,"- Mehaničko čišćenje kanala, revizijskih okana i priključaka","Mehaničko čišćenje kanala, revizijskih okana i priključaka prije ispitivanja vodonepropusnosti i kao priprema za CCTV inspekciju. Ispiranje prethodi snimanju TV kamerom i ispitivanju kanala na vodonepropusnost i funkcionalnost. U cijenu uključena potrebna količina vode potreban za ispiranje kanala.
Obračun po m' ispranog kanala s oknima.",1,komplet,2451.9,2451.9,0%,#VALUE!,,0,
503.090.00140,,- Snimanje izvedenog stanja,"CCTV inspekcija (optički pregled) kanala s izradom pripadajućeg izvještaja prema protokolu snimanja te zapisa na CD-u (DVD) kao dokaz o ispravno izvedenom kanalu i revizijskim oknima. CCTV inpekcija se provodi sukladno normi Uvjeti za sustave odvodnje izvan zgrada – 2. dio: Sustav kodiranja optičkog nadzora HRN EN 13508-2/AC.
Obračun po m' snimljenog kanala.",1,komplet,2451.9,2451.9,0%,#VALUE!,,0,
503.090.00145,,- Ispitivanje vodonepropusnosti separatora,"Ispitivanje vodo nepropusnosti separatora
Ispitivanje separatora na vodo nepropusnost prema HRN EN 1508. Ispitivanje treba provesti organizacije s važećom akreditacijom za provođenje ispitivanja prema navedenoj normi uz obaveznu prisutnost nadzornog inženjera tokom ispitivanja. O dobivenim rezultatima ispitivanja izdaje se Izvještaj kojeg treba predočiti kod tehničkog prijema.",1,komplet,449.51,449.51,0%,#VALUE!,,0,
503.090.00150,,- Pribavljanje izjave o izvršenoj tlačnoj probi,Pregled i ispitivanje ispravnosti stabilnog sustava za gašenje požara - vanjske i unutarnje hidrantske mreže od strane neovisne i ovlaštene tvrtka s valjanim certifikatskim rješenjem za obavljanje ove djelatnosti. Nakon provedenog ispitivanja izdaje se Zapisnik s Uvjerenjem o pregledu ispravnosti sustava,1,komplet,1225.95,1225.95,0%,#VALUE!,,0,
503.090.00155,,- Pribavljanje izjave o kvaliteti vode,Nakon dezinfekcije i drugog ispiranja uzeti uzorke za ispitivanje kod Zavoda za javno zdravstvo uz izdavanje uvjerenja (ili druge ovlaštene ustanove prema Pravilniku o zdravstvenoj ispravnosti vode za piće (NN 182/04)). Obračun po kompletu pribavljene izjave o kvaliteti vode od strabe Zavoda za javno zdravstvo.,1,komplet,531.24,531.24,0%,#VALUE!,,0,
503.090.00160,,Puštanje u rad i probne vožnje svih građevinskih usluga,"Puštanje u rad i testiranje u prisutnosti svih odjeljaka za TGA,
ustupanje stručne radne snage kod puštanja u rad,
ispitivanja i testiranja rada svih sustava tehnike zgrade:
- Cjelokupni elektrotehnički sustav jake i slabe struje s
vatrodojavnom centralom,
protuprovalnom centralom itd.
- Cijelokupna MSR tehnika
- RLT, rashladni, sanitarni sustavi i sustavi grijanja
- Sprinkleri (za gašenje požara),
- Protupožarni sustavi odnosno tehnika (odimljavanje)

- Testiranje za sve hitne slučajeve i slučajeve požara,
- Testiranje radnih stanja TGA odjeljaka
Kauflandov standard prema KaBa-i,
- „Vožnja u koloni“ prema smjernicama ponašanja u slučaju požara,

uključujući protokoliranje rezultata,
analizu i uklanjanje svih nedostataka
u suradnji sa svim odjeljcima.",1,psch,4086.5,4086.5,0%,#VALUE!,,0,
503.090.00165,,Dobivanje mikrobiološkog izvješća,"Sakupljanje mikrobioloških procjena
kod odgovorne zdravstvene institucije za
postrojenje pitke vode, 1 x prije početka gradnje,
1 x međuprocjena nakon određenog napretka u gradnji
i 1 x prije krajnje primopredaje.",1,St,1078.83,1078.83,0%,#VALUE!,,0,
503.090.00170,,"Ispitivanje sigurnosti i funkcionalnosti,","Sigurnosna i funkcijska ispitivanja,
puštanje u rad, primopredaja i obučavanje
uz protokoliranje navedenog dodatnog grijanja za cijevi
uključujući obučavanje osoblja za rukovanje
uklj. potvrdu.",1,psch,2043.25,2043.25,0%,#VALUE!,,0,
503.100,,održavanje,,,,0,0,,0,,,
504,,Sustavi za gašenje požara,,,,0,29436.5,,29436.5,,,
504.010,,ZTV,,,,0,0,,0,,,
504.020,,Upravljanje prskalicama / pumpe,,,,0,0,,0,,,
504.030,,Cijevna mreža (mokro područje),,,,0,11631.9,,11631.9,,,
504.030.00500,,Cjevovod DN 50,"Cjevovod za vodu za gašenje
kao „mokri vod“ DIN 14 461 dio 1
od zavarene čelične cijevi s premazom u prahu
RAL 9010 odnosno prema najnovijem stanju KaBa-e,
DIN 2440',
DN (xxx)
spojeno spojnicom
u odgovarajućoj boji,
postaviti u zgradama,
uključ. oblikovane i spojne elemente, sredstva za zavarivanje ili
lemljenje i brtvljenje.
Čvrste točke, sustavi za pričvršćivanje teških cijevi s
obujmicama, konstrukcije vodilica i nosive konstrukcije obračunavaju se zasebno.
Pričvrsnice za cijevi s certificiranim tiplama uključ.
vanjske cijevi za provođenje kroz zid i strop,
zbog zaštite od buke popuniti negorivim materijalima,
sa završnim rozetama.
Visina montaže iznad ograde/poda između 3,5 i 5 m.",210,m1,28.07,5894.7,0%,5894.7,,0,
504.030.00505,,Cjevovod DN 80,"Cjevovod za vodu za gašenje
kao „mokri vod“ DIN 14 461 dio 1
od zavarene čelične cijevi s premazom u prahu
RAL 9010 odnosno prema najnovijem stanju KaBa-e,
DIN 2440',
DN (xxx)
spojeno spojnicom
u odgovarajućoj boji,
postaviti u zgradama,
uključ. oblikovane i spojne elemente, sredstva za zavarivanje ili
lemljenje i brtvljenje.
Čvrste točke, sustavi za pričvršćivanje teških cijevi s
obujmicama, konstrukcije vodilica i nosive konstrukcije obračunavaju se zasebno.
Pričvrsnice za cijevi s certificiranim tiplama uključ.
vanjske cijevi za provođenje kroz zid i strop,
zbog zaštite od buke popuniti negorivim materijalima,
sa završnim rozetama.
Visina montaže iznad ograde/poda između 3,5 i 5 m.",120,m1,47.81,5737.2,0%,5737.2,,0,
504.040,,Mreža cjevovoda (suho područje),,,,0,0,,0,,,
504.050,,Zidni hidrantni sustav,,,,0,17804.6,,17804.6,,,
504.050.00100,,FSG kombinacija zidnih hidranata,"FSG kombinacija zidnih hidranata
Model 510 CM SO
za pomoć laicima i za opskrbu vodom za gašenje požara za
vatrogasce, s pretincem za aparat za
gašenje požara ispod pretinca za zidni
hidrant, s ugradbenom napravom za ručni detektor požara iznad pretinca za
zidni hidrant.

Unutarnja oprema sastoji se od:
1 vijčanog spoja DN 50 DIN 14461.5-4
1 priključnog ventila za crijevo DN 50 DIN 14461.3 s
C čvrstim spojem od mjedi
1 koluta za crijevo kroz koji se provodi voda montiranog
na kliznik s mogućnosti izvlačenja
, lakiranog RAL 3001, sa spojnim crijevom sa spojem
C52/DN 25 pod kutom, od mjedi
1 x 30 m tlačnog crijeva postojanog oblika DN 25
sukladno PrEN 694 predispitanog
1 čeličnog crijeva EN 671-1 DN 25 s poprečnim presjekom otvora
6 mm, s namotanim crijevom, sva 4
priključka utisnuta, pod tlakom 1,6 MPa.
1 ormara, model 510 CM SO, u posebnoj izvedbi
Uski hidrant
Nadžbukni ormar vrste konstrukcije C š/v/d: 390x1500x700
od čeličnog lima, obrađenih bridova i zavaren
s vratima utisnutima u okvir,
otvaranje pod 180°
s vijčanim spojevima pričvršćenim okovima visine 60,
s mogućnosti promjene strane otvaranja vrata,
ugradbeni kutnik za ručni detektor požara, sa zaštitom za kabel,
s mogućnosti podešavanja dubine i mogućnosti demontaže,
otvor za vrata 134x134 iznad
pretinca za hidrant u zidu
Pretinac za aparat za gašenje požara visine 250, zapečaćen
Zatvarač: upuštena preklopna drška, od metala,
s mogućnosti plombe
Svi čelični dijelovi lakirani prema GUV 07 § 11 RAL 3001
s držačem za prskalicu
Podkonstrukcija s kontinuiranim U profilom visine oko 100
s otvorom za priključak za vodu sa stražnje strane, na sredini kroz
strop.
1 uređaj za gašenje prahom prema EN 3, 12 kg, razred protupožarne zaštite ABC

Oznaka: Samoljepljiva folija
1 piktogram ""zidni hidrant"" 200x200 sukladno VBG 125
1 piktogram ""aparat za gašenje požara"" 200x200 sukladno VBG 125
1 korisnički priručnik DIN A5, Rotrand
1 upute za instalaciju 194.1-4

Ili istovjetni proizvod prema nacionalnim propisima
Proizvod/tip:
.......................................................
.......................
(ispunjava ponuđač)",5,kom,555.59,2777.95,0%,2777.95,,0,
504.050.00200,,FSG kombinacija zidnih hidranata,"FSG kombinacija zidnih hidranata
Model 162 CM K SO
prema DIN EN 671-1/2.96 i DIN 14461.1/4.96
za pomoć laicima i za opskrbu vodom za gašenje požara za
vatrogasce, s pretincem za aparat za gašenje požara ispod pretinca za zidni
hidrant.

Unutarnja oprema (kompatibilna s EN 671-1 s certifikatom nadležnog
državnog ispitnog tijela) sastoji se od:
1 vijčanog spoja DN 50 DIN 14461.5-4
1 priključnog ventila za crijevo DN 50 DIN 14461.3 s
C čvrstim spojem od mjedi
1 koluta za crijevo kroz koji se provodi voda s rotacijskim krakom
, lakiranog RAL 3001
, i spojnog crijeva sa spojem C52/DN 25
pod kutom, od mjeda
1 x 30 m tlačnog crijeva postojanog oblika DN 25
sukladno PrEN 694 predispitanog
1 čeličnog crijeva EN 671-1 DN 25 s poprečnim presjekom otvora
6 mm, s namotanim crijevom, sva 4
priključka utisnuta, pod tlakom 1,6 MPa.
1 ormara, model 162 M
Nadžbukni ormar vrste konstrukcije C š/v/d: 740x1240x250
od čeličnog lima, obrađenih bridova i zavaren
Nadžbukna izvedba s dvjema vratima, otvaranje pod 180°
s vijčanim spojevima pričvršćenim okovima visine 60,
s mogućnosti promjene strane otvaranja vrata,
pretinac za aparat za gašenje požara visine 250, zapečaćen
Zatvarač: upuštena preklopna drška, od metala,
s mogućnosti plombe
Nehrđajući čelik s držačem rotacijskog kraka, s
držačem za prskalicu.
Otvor za priključak za vodu sukladno DIN s gornje strane
Podkonstrukcija s kontinuiranim U profilom visine oko 380
1 uređaj za gašenje prahom prema EN 3, 12 kg, razred protupožarne zaštite ABC

Oznaka: Samoljepljiva folija
1 piktogram ""zidni hidrant"" 200x200 sukladno VBG 125
1 piktogram ""aparat za gašenje požara"" 200x200 sukladno VBG 125
1 korisnički priručnik DIN A5, Rotrand
1 upute za instalaciju 194.1-4

Ili istovjetni proizvod prema nacionalnim propisima
Proizvod/tip:
.......................................................
.......................
(ispunjava ponuđač)",12,kom,411.55,4938.6,0%,4938.6,,0,
504.050.00500,,Cjevovod DN 80,"Cjevovod za vodu za gašenje
kao „mokri vod“ DIN 14 461 dio 1
od zavarene čelične cijevi s premazom u prahu
RAL 9010 odnosno prema najnovijem stanju KaBa-e,
DIN 2440',
DN (xxx)
spojeno spojnicom
u odgovarajućoj boji,
postaviti u zgradama,
uključ. oblikovane i spojne elemente, sredstva za zavarivanje ili
lemljenje i brtvljenje.
Čvrste točke, sustavi za pričvršćivanje teških cijevi s
obujmicama, konstrukcije vodilica i nosive konstrukcije obračunavaju se zasebno.
Pričvrsnice za cijevi s certificiranim tiplama uključ.
vanjske cijevi za provođenje kroz zid i strop,
zbog zaštite od buke popuniti negorivim materijalima,
sa završnim rozetama.
Visina montaže iznad ograde/poda između 3,5 i 5 m.",120,m1,47.81,5737.2,0%,5737.2,,0,
504.050.00505,,Cjevovod DN 50,"Cjevovod za vodu za gašenje
kao „mokri vod“ DIN 14 461 dio 1
od zavarene čelične cijevi s premazom u prahu
RAL 9010 odnosno prema najnovijem stanju KaBa-e,
DIN 2440',
DN (xxx)
spojeno spojnicom
u odgovarajućoj boji,
postaviti u zgradama,
uključ. oblikovane i spojne elemente, sredstva za zavarivanje ili
lemljenje i brtvljenje.
Čvrste točke, sustavi za pričvršćivanje teških cijevi s
obujmicama, konstrukcije vodilica i nosive konstrukcije obračunavaju se zasebno.
Pričvrsnice za cijevi s certificiranim tiplama uključ.
vanjske cijevi za provođenje kroz zid i strop,
zbog zaštite od buke popuniti negorivim materijalima,
sa završnim rozetama.
Visina montaže iznad ograde/poda između 3,5 i 5 m.",155,m1,28.07,4350.85,0%,4350.85,,0,
701,,Vanjske površine,,,,0,14831.35,,14831.35,,,
701.000,,Prethodne napomene,,,,0,0,,0,,,
,,ZTV - Dodatni tehnički uvjeti ugovora,"1.) Dodatni ugovoreni tehnički uvjeti dio su troškovnika te u slučaju ugovaranja postaju dio ugovora. Izvođač radova se dakle obavezuje na sve usluge radove i primjene koje proizlaze iz ovih uvjeta te su one uračunate u cijenu, ukoliko nisu zasebno ponuđene.

2.) Cijene stavki se prikazuju kao neto iznos u državnoj valuti. Važeći zakonski propisani porez na dodanu vrijednost obračunava se zasebno.

3.) U slučaju proturječnosti dodatnih ugovorenih tehničkih uvjeta vrijede prvenstveno podaci iz troškovnika. U slučaju proturječnosti između troškovnika i tehničke dokumentacije koja se predaje prilikom natječaja, vrijedi tehnička dokumentacija.

4.) Prije početka davanja ponude, ponuditelj je dužan pažljivo pročitati kompletan tekst općih uvjeta uz troškovnik, općih i posebnih uvjeta uz svaku grupu radova, tekst samog troškovnika i ostale dijelove tehničke dokumentacije. Ako opis bilo koje stavke u troškovniku dovodi do sumnje o načinu izvedbe ili upotrebu gradiva zahtijevane kvalitete, treba prije predaje ponude zatražiti pojašnjenje od ovlaštene osobe Investitora. Naknadno pozivanje na manjkavost ili nepoznavanje projektno-tehničke dokumentacije ili opisa u troškovniku neće se uzeti u obzir, niti smatrati razlogom za produženje roka izvedbe, a niti će se priznati bilo kakva razlika u cijeni s tog naslova.

5.) Tehnička dokumentacija koja se predaje prilikom natječaja informativnog je karaktera, a ponuđač je dužan u svom trošku izvršiti kontrolu projektno tehničke dokumentacije u smislu točnosti, tehničke ispravnosti, izvedivosti i međusobne usklađenosti. Sve eventualne primjedbe ponuditelj/izvoditelj dužan je pravovremeno uz ponudu, a u svakom slučaju prije izvedbe u pisanom obliku dostaviti Nadzoru i Naručitelju

6.) Ponuditelj je dužan provesti i kontrolu lokacije na licu mjesta prije davanja ponude. Jedinične cijene za pojedine vrste radova sadrže i sve one posredne troškove koji nisu iskazani u troškovniku, ali su neminovni za izvršenje radova predviđenih projektom.

7.) Organizacija gradilišta uračunata je u cijenu, ukoliko nije ponuđena kao zasebna stavka.

8.) Dizalice za podizanje, skele, strojevi, alati, pomoćna sredstva i konstrukcije uzeti su u obzir te su uračunati u jediničnu cijenu.

9.) Skele za radove na fasadi i radove na krovu predmet su ovog natječaja. Ponuditelj smije koristiti postojeće skele uz poštivanje sigurnosnih uvjeta i na vlastitu odgovornost. Preinake na skelama nisu dozvoljene te se one moraju predati u ispravnom stanju u kojem su i preuzete.

10.) Kompletnu režiju gradilišta usigurava i rješava ponuditelj/izvođač i i uključena je u jediničnu cijenu.

11.) Ponuditelj je obvezan redovno prikupljati i ,pravilno skladištiti i odvoziti na ovlašteni deponij sve otpadne materijale, ostatke, krhotine, građevinski otpad, ambalaže, obični otpad i slično o vlastitom trošku. Kod odlaganja otpada potrebno je pridržavati se svih javnopravnih uputa i propisa.

12.) Onečišćenja koja uslijed radova nastaju na susjednim terenima, zgradama, putovima, cestama, trgovima i slično, izvođač radova treba svakodnevno čistiti.

13.) Izvođač preuzima odgovornost za osiguravanje, skladištenje i spremanje vlastite građevinske opreme, strojeva, uređaja, alata i slično. Jednako vrijedi i za građevinske materijale, elemente i za ugradnju određenih uređaja i objekata sve do primopredaje obavljenih građevinskih radova.

14.) Prilikom izvođenja radova, izvoditelj treba zaštititi sve susjedne plohe, dijelove konstrukcije i prethodno izvedene radove na prikladan način a u skladu sa pravilima zaštite na radu, tako da ne dođe do oštećenja istih. Troškove zaštite treba izvoditelj ukalkulirati u ponudbenu cijenu izvođenja radova. Ukoliko ipak dođe do oštećenja prethodno izvedenih radova za koje je odgovoran izvoditelj ili njegov kooperant, dužan je iste o svom trošku dovesti u stanje prije oštećenja ili naručiti iste radove kod drugog izvoditelja na svoj teret.

15.) Sve potrebne mjere prema javnopravnim uputama i propisima za sigurnost i zaštitu zdravlja trebaju se uzeti u obzir te ih se treba pridržavati prilikom izvođenja radova.

16.) Prilikom davanja ponude i izvođenja radova treba se uzeti u obzir, uračunati i pridržavati se
- svih državnih i javnopravnih zakona, smjernica i propisa
- svih odgovarajućih tehničkih standarda, pravila i smjernica
- općeprihvaćenih pravila tehnike
- uputa, propisa i napomena proizvođača za ugradnju i obradu
- Kauflandovih građevinskih opisa, ugovorenih uvjeta i ostalih Kauflandovih dokumenata i planova.

17.) Stavke troškovnika obuhvačaju konačno dovršenje radova definiranih po količini i kvaliteti, onosno podrazumijevaju se kao gotove, potpune i funkcionirajuće, uklj. sve potrebne male dijelove i sredstva za pričvršćivanje, pomoćne materijale i sredstva, podkonstrukcije itd., kao i sve dodatne i posebne usluge - čak i kada one nisu detaljno opisane.

18.) Ako su treće stranke uključene u izvođenje predradnji, izvođač radova ih treba provjeravati. U slučaju nepravilnosti ili prigovora pravovremeno treba informirati naručitelja, tako da može tehnički i organizacijski dovršiti poslove.

19.) Obavezno se treba pridržavati svih Kauflandovih proizvodnih uputa, osim ako postoje opravdani razlozi za odstupanje (npr. dostupnost). U tom slučaju izvođač treba ponuditi istovjetni proizvod ili sustav te potvrditi istovjetnost. O njoj odlučuje naručitelj.

20.) Sustavi se izvode isključivo pomoću komponenata koje su predviđene od strane proizvođača sustava.

21.) Svi materijali, građevinski elementi i uređaji koji neposredno utječu na izgled i funkcionalnost prije ugradnje se trebaju provjeriti. Ugrađuju se tek nakon što naručitelj ili ovlaštena osoba odobri ugradnju na gradilištu. O vrsti i obliku uzorka odlučuje naručitelj.

22.) Ako nije drukčije propisano, izmjene postojećih projektnih rješenja od strane ponuditelja/izvođača a koje utječu na mehaničku stabilnost, ponuditelj/izvođač je dužan u svom trošku ishoditi sve suglasnosti, dozvole i sl.
Projekt izvedenog stanja ukalkulirati u jedničnu cijenu te dostaviti Kauflandu u pisanom i digitalnom obliku.

23.) Svi radovi na objektu te primjenjeni sistemi gradnje moraju biti izvedeni prema pravilu struke, odnosnu u granicama dopuštenih tolerancija.

24.) Ukoliko je ugovoreni termin izvršenja objekta uključen i zimski odnosno ljetni period, to se neće posebno izvođaču priznavati na ime naknade za rad pri niskoj temperaturi, zaštita konstrukcija od hladnoće i vrućine, te atmosferskih nepogoda, sve mora biti uključeno u jediničnu cijenu. Za vrijeme zime objekat se mora zaštititi. Svi eventualni smrznuti dijelovi moraju se ukloniti i izvesti ponovo bez bilo kakve naplate. Ukoliko je temperatura niža od temperature pri kojoj je dozvoljen dotični rad, a Investitor ipak traži da se radi, Izvođač si ima pravo zaračunati naknadu po normi 6,006 ali u tom slučaju Izvođač snosi punu odgovornost za ispravnost i kvalitetu rada. To isto vrijedi i za zaštitu radova tokom ljeta od prebrzog sušenja uslijed visoke temperature.

25.) U jediničnu cijenu rada izvođač treba obuhvatiti i slijedeće radove, koji se neće zasebno platiti kao naknadni rad, čak i ako nisu izričito navedenei u troškovniku:
- sve vrste transporta građevinskih materijala, elemenata, uređaja, objekata itd. do mjesta ugradnje
- potrebne i uobičajene pripreme i predobrade tla
- sve vrste bušenja, zavarivanja, lijepljenja, malih dijelova, sredstava za pričvršćivanje, međupoložaja, izolacije, brtvljenja, folija, spojeva itd. koje su potrebne za priključak, montažu i pričvršćivanje građevinskih dijelova i elemenata
- stručna priprema i priključak na sve okolne dijelove, ugradbene i nadgradne elemente i propuste
- sve izrade kutova, spojnih površina i elemenata, završnih elemenata, slobodnih krajeva itd.
- sve podloge za montažu, priključak i pričvršćivanje kao što su beton, zidani elementi, čelik, aluminij, limovi, gips karton, itd.
- potrebne spojne, kose i okrugle rezove te ostatke rezanja
- Izrada otvora i proreza za instalacije i ugradbene elemente drugih izvođača
- interno povezivanje kablovima i priključak objekata, dovod prema električnim trošilima na gradilištu od strane elektro izvođača",,,0,,,,,,
,,Ograničenje usluga za vanjske sadržaje,"U sljedećim pozicijama potrebno je uzeti u obzir i uračunati sljedeće usluge, čak i ako nisu izričito navedene:
- Zaštitu postojećih stabala i grmlja
- lokalizaciju i po potrebi osiguravanje postojećih vodova u radnom području izvođača
- Transporte i skladištenja radnog materijala izvođača, npr. za stvaranje slobodnog prostora za druge radove
- Ručne radove ukoliko nije moguće koristiti strojeve",,,0,,,,,,
701.010,,Rubnjaci,,,,0,7087.48,,7087.48,,,
701.010.00120,,- Odvodni rubnjaci,"Nabava, prijevoz i ugradnja rubnjaka s integriranim odvodnim kanalom od polimerbetona otpornog na smrzavanje i soli (tip kao ACO Kerbdrain ili jednakovrijedan), uključena izrada, planiranje i zbijanje podloge, nabava podložnog materijala, svi prijevozi i prijenosi, privremeno skladištenje, razvoz i postavljanje predgotovljenih elemenata, obrada sljubnica, postavljanje i demontaža potrebne oplate, rad na ugradnji i njezi betona. Stavkom je obuhvaćen sav rad, oprema i materijal potreban za potpuno dovršenje stavke. Obračun je po m1.",18.4,m,213.36,3925.82,0%,#VALUE!,,0,
701.010.00125,,- Odvodni rubnjaci - sabirnik,"Nabava, prijevoz i ugradnja tipskog sabirnika iz rubnjaka s integriranim odvodnim kanalom od polimerbetona otpornog na smrzavanje i soli (tip kao ACO Kerbdrain ili jednakovrijedan), prema detaljima u projektu. Stavkom je obuhvaćen sav rad, oprema i materijal potreban za potpuno dovršenje stavke. Obračun je po komadu.",2,kom,1580.83,3161.66,0%,#VALUE!,,0,
701.040,,Kanali i slivnici,,,,0,7743.87,,7743.87,,,
701.040.00100,,x..EW1..x - cestovni betonski slivnik,"Izrada vodonepropusnih montažnih betonskih predgotovljenih elemenata slivnika od betonskih cijevi promjera 50 cm ukupne dubine 1,8 - 2,2m (od kote rešetke do kote dna slivnika). Beton C 30/37.Oko slivničke cijevi treba izvesti oblogu od nepropusnog betona St. 3-04.5 OTU, HRN U.N1.050, U.E3.050. Betonske cijevi moraju biti atestiranje, a njihovu upotrebu odobrava nadzorni inženjer. U cijenu koštanja obračunat je sav potreban materijal i radna snaga. Obračunato po komadu kompletno izvedenog vodolovnog grla sa priključkom, do potpune pogonske gotovosti. Klasično vodolovno grlo s rešetkom, perforiranom pocinčanom kantom za otpatke i taložnicom, promjera priključne cijevi Φ 160 (200)mm. 2 slivnika od 27, se izvode bez taložnice kao mini slivnik, prema projektu.
U cijenu ulazi: a) iskop rova za priključak vodolovnih grla na kanalizacijsku mrežu, sa ravnim odsijecanjem stranica rova, razupiranje rova i fino niveliranje dna rova na visinu,
b) iskop za vodolovna grla,
c) zatrpavanje kanalskog jarka i oko vodolovnih grla cementom stabilizacijom uz nabijanje,
d) odvoz materijala nakon iskopa, uključivo utovar, prijevoz, istovar, razastiranje i ugradnja na deponiji na udaljenosti do 10 km
e) izrada priključaka
f) probijanje zidova betonskih okana za priključak cijevi DN 160. Na mjestima gdje se priključne cijevi slivnika priključuju na kanalsku cijev upotrijebiti fazne komade UNO-45/160(200) u smjeru tečenja
g) izrada betonske ploče dna vodolovnih grla iz nabijenog betona C 16/20 sa aditivima za vodnepropusnost,
f) izvedba gotovih rupa prema projektu za priključak cijevi DN 160. Na mjestima gdje se priključne cijevi slivnika priključuju na kanalsku cijev upotrijebiti fazne komade UNO-45/160(200) u smjeru tečenja
g) izrada betonske ploče dna vodolovnih grla iz nabijenog betona C 16/20 sa aditivima za vodnepropusnost,
h) dobava, doprema i ugradba gotovih betonskih cijevi dužine 3,00 m, Φ 50 cm za vodolovna grla ugrađenih na smježi beton ploče dna,
i) izrada jednostrane oplate oko betonske cijevi Φ 50 cm, izrada betonske obloge oko slivničke cijevi od betona C 16/20 sa aditivima za neprospusnost
j) izrada, doprema i ugradnja armirano-betonske ploče (okvira) od C 16/20, debljine 8 cm",27,kom,179.81,4854.87,0%,4854.87,,0,
701.040.00105,,- linijska rešetka cestovne oborinske odvodnje,"Nabava materijala i izrada linijskih rešetki kod dostavnog doka. Tijelo kanala iz polimer betona. Kanal se polaže na armiranu betonsku podlogu C25/30 prema detalju iz projekta. Kanal spajati preko sabirnika na reviziona okna. Obračun po m1 kompletno izvedenih linijskih rešetki do potpune pogonske gotovosti. Kanal spajati preko sabirnog elementa na oborinsku kanalizaciju. Revizioni element na suprotnoj strani.

Nazivna širina: prema projektu
Nagib žlijeba: min. 0,5%
Poklopac: Rešetka od lijevanog željeza, s vijčanim spojevima
Priključci za cijevi: do DN 160]
Razred opterećenja: 400kN",15.44,m,168.94,2608.43,0%,2608.43,,0,
701.040.00110,,x..EW2..x - betonska kanalica,"Izvedba betonskih kanalica 30/10, 3 cm dubine. Ova stavka obuhvaća:
- dobavu gotovih betonskih kanalica C 40/50, te razvoz kanalica po gradilištu,
- pripremu podloge, čišćenje, otkop ili nasipavanje sa nabijanjem kod podloge od kamena,
- izrada i ugradbnja betona C 12/15 podloge i zaloge,
- polaganje kanalica u beton po pravcu i niveleti sa razmakom (spojnicom) do 1 cm,
- svi prijevozi i prijenosti betona i pomoćnog materijala,
- zalijevanje spojnica cementnim mortom omjera 1:4,
- njega betona,
- ispitivanje kvalitete kanalica sa pribavljanjem atesta.
Izvedba radova, obračun radova i kontrola kvalitete prema OTU 3-04.7.1.
Obračunato po ml ugrađene kanalice do potpune pogonske gotovosti.",17.16,m,16.35,280.57,0%,280.57,,0,
