,,,,,,,
,,,,,,,
309,,Vanjska i unutarnja ALU bravarija,,,,,0
309.000,,Prethodne napomene,,,,,0
,,ZTV - Dodatni tehnički uvjeti ugovora,"1.) Dodatni ugovoreni tehnički uvjeti dio su troškovnika te u slučaju ugovaranja postaju dio ugovora. Izvođač radova se dakle obavezuje na sve radove i primjene koje proizlaze iz ovih uvjeta te su one uračunate u cijenu, ukoliko nisu zasebno ponuđene.

2.) Cijene stavki se prikazuju kao neto iznos u državnoj valuti. Važeći zakonski propisani porez na dodanu vrijednost obračunava se zasebno.

3.) U slučaju proturječnosti dodatnih ugovorenih tehničkih uvjeta vrijede prvenstveno podaci iz troškovnika. U slučaju proturječnosti između troškovnika i tehničke dokumentacije koja se predaje prilikom natječaja, vrijedi tehnička dokumentacija.

4.) Prije početka davanja ponude, ponuditelj je dužan pažljivo pročitati kompletan tekst općih uvjeta uz troškovnik, općih i posebnih uvjeta uz svaku grupu radova, tekst samog troškovnika i ostale dijelove tehničke dokumentacije. Ako opis bilo koje stavke u troškovniku dovodi do sumnje o načinu izvedbe ili upotrebu gradiva zahtijevane kvalitete, treba prije predaje ponude zatražiti pojašnjenje od ovlaštene osobe Investitora. Naknadno pozivanje na manjkavost ili nepoznavanje projektno-tehničke dokumentacije ili opisa u troškovniku neće se uzeti u obzir, niti smatrati razlogom za produženje roka izvedbe, a niti će se priznati bilo kakva razlika u cijeni s tog naslova.

5.) Tehnička dokumentacija koja se predaje prilikom natječaja informativnog je karaktera, a ponuđač je dužan u svom trošku izvršiti kontrolu projektno tehničke dokumentacije u smislu točnosti, tehničke ispravnosti, izvedivosti i međusobne usklađenosti. Sve eventualne primjedbe ponuditelj/izvoditelj dužan je pravovremeno uz ponudu, a u svakom slučaju prije izvedbe u pisanom obliku dostaviti Nadzoru i Naručitelju

6.) Ponuditelj je dužan provesti i kontrolu lokacije na licu mjesta prije davanja ponude. Jedinične cijene za pojedine vrste radova sadrže i sve one posredne troškove koji nisu iskazani u troškovniku, ali su neminovni za izvršenje radova predviđenih projektom.

7.) Organizacija gradilišta uračunata je u cijenu, ukoliko nije ponuđena kao zasebna stavka.

8.) Dizalice za podizanje, skele, strojevi, alati, pomoćna sredstva i konstrukcije uzeti su u obzir te su uračunati u jediničnu cijenu.

9.) Skele za radove na fasadi i radove na krovu predmet su ovog natječaja. Ponuditelj smije koristiti postojeće skele uz poštivanje sigurnosnih uvjeta i na vlastitu odgovornost. Preinake na skelama nisu dozvoljene te se one moraju predati u ispravnom stanju u kojem su i preuzete.

10.) Kompletnu režiju gradilišta usigurava i rješava ponuditelj/izvođač i i uključena je u jediničnu cijenu.

11.) Ponuditelj je obvezan redovno prikupljati i ,pravilno skladištiti i odvoziti na ovlašteni deponij sve otpadne materijale, ostatke, krhotine, građevinski otpad, ambalaže, obični otpad i slično o vlastitom trošku. Kod odlaganja otpada potrebno je pridržavati se svih javnopravnih uputa i propisa.

12.) Onečišćenja koja uslijed radova nastaju na susjednim terenima, zgradama, putovima, cestama, trgovima i slično, izvođač radova treba svakodnevno čistiti.

13.) Izvođač preuzima odgovornost za osiguravanje, skladištenje i spremanje vlastite građevinske opreme, strojeva, uređaja, alata i slično. Jednako vrijedi i za građevinske materijale, elemente i za ugradnju određenih uređaja i objekata sve do primopredaje obavljenih građevinskih radova.

14.) Prilikom izvođenja radova, izvoditelj treba zaštititi sve susjedne plohe, dijelove konstrukcije i prethodno izvedene radove na prikladan način a u skladu sa pravilima zaštite na radu, tako da ne dođe do oštećenja istih. Troškove zaštite treba izvoditelj ukalkulirati u ponudbenu cijenu izvođenja radova. Ukoliko ipak dođe do oštećenja prethodno izvedenih radova za koje je odgovoran izvoditelj ili njegov kooperant, dužan je iste o svom trošku dovesti u stanje prije oštećenja ili naručiti iste radove kod drugog izvoditelja na svoj teret.

15.) Sve potrebne mjere prema javnopravnim uputama i propisima za sigurnost i zaštitu zdravlja trebaju se uzeti u obzir te ih se treba pridržavati prilikom izvođenja radova.

16.) Prilikom davanja ponude i izvođenja radova treba se uzeti u obzir, uračunati i pridržavati se
- svih državnih i javnopravnih zakona, smjernica i propisa
- svih odgovarajućih tehničkih standarda, pravila i smjernica
- općeprihvaćenih pravila tehnike
- uputa, propisa i napomena proizvođača za ugradnju i obradu
- Kauflandovih građevinskih opisa, ugovorenih uvjeta i ostalih Kauflandovih dokumenata i planova.

17.) Stavke troškovnika obuhvačaju konačno dovršenje radova definiranih po količini i kvaliteti, onosno podrazumijevaju se kao gotove, potpune i funkcionirajuće, uklj. sve potrebne male dijelove i sredstva za pričvršćivanje, pomoćne materijale i sredstva, podkonstrukcije itd., kao i sve dodatne i posebne usluge - čak i kada one nisu detaljno opisane.

18.) Ako su treće stranke uključene u izvođenje predradnji, izvođač radova ih treba provjeravati. U slučaju nepravilnosti ili prigovora pravovremeno treba informirati naručitelja, tako da može tehnički i organizacijski dovršiti poslove.

19.) Obavezno se treba pridržavati svih Kauflandovih proizvodnih uputa, osim ako postoje opravdani razlozi za odstupanje (npr. dostupnost). U tom slučaju izvođač treba ponuditi istovjetni proizvod ili sustav te potvrditi istovjetnost. O njoj odlučuje naručitelj.

20.) Sustavi se izvode isključivo pomoću komponenata koje su predviđene od strane proizvođača sustava.

21.) Svi materijali, građevinski elementi i uređaji koji neposredno utječu na izgled i funkcionalnost prije ugradnje se trebaju provjeriti. Ugrađuju se tek nakon što naručitelj ili ovlaštena osoba odobri ugradnju na gradilištu. O vrsti i obliku uzorka odlučuje naručitelj.

22.) Ako nije drukčije propisano, izmjene postojećih projektnih rješenja od strane ponuditelja/izvođača a koje utječu na mehaničku stabilnost, ponuditelj/izvođač je dužan u svom trošku ishoditi sve suglasnosti, dozvole i sl.
Projekt izvedenog stanja ukalkulirati u jedničnu cijenu te dostaviti Kauflandu u pisanom i digitalnom obliku.

23.) Svi radovi na objektu te primjenjeni sistemi gradnje moraju biti izvedeni prema pravilu struke, odnosnu u granicama dopuštenih tolerancija.

24.) Ukoliko je ugovoreni termin izvršenja objekta uključen i zimski odnosno ljetni period, to se neće posebno izvođaču priznavati na ime naknade za rad pri niskoj temperaturi, zaštita konstrukcija od hladnoće i vrućine, te atmosferskih nepogoda, sve mora biti uključeno u jediničnu cijenu. Za vrijeme zime objekat se mora zaštititi. Svi eventualni smrznuti dijelovi moraju se ukloniti i izvesti ponovo bez bilo kakve naplate. Ukoliko je temperatura niža od temperature pri kojoj je dozvoljen dotični rad, a Investitor ipak traži da se radi, Izvođač si ima pravo zaračunati naknadu po normi 6,006 ali u tom slučaju Izvođač snosi punu odgovornost za ispravnost i kvalitetu rada. To isto vrijedi i za zaštitu radova tokom ljeta od prebrzog sušenja uslijed visoke temperature.

25.) U jediničnu cijenu rada izvođač treba obuhvatiti i slijedeće radove, koji se neće zasebno platiti kao naknadni rad, čak i ako nisu izričito navedenei u troškovniku:
- sve vrste transporta građevinskih materijala, elemenata, uređaja, objekata itd. do mjesta ugradnje
- potrebne i uobičajene pripreme i predobrade tla
- sve vrste bušenja, zavarivanja, lijepljenja, malih dijelova, sredstava za pričvršćivanje, međupoložaja, izolacije, brtvljenja, folija, spojeva itd. koje su potrebne za priključak, montažu i pričvršćivanje građevinskih dijelova i elemenata
- stručna priprema i priključak na sve okolne dijelove, ugradbene i nadgradne elemente i propuste
- sve izrade kutova, spojnih površina i elemenata, završnih elemenata, slobodnih krajeva itd.
- sve podloge za montažu, priključak i pričvršćivanje kao što su beton, zidani elementi, čelik, aluminij, limovi, gips karton, itd.
- potrebne spojne, kose i okrugle rezove te ostatke rezanja
- Izrada otvora i proreza za instalacije i ugradbene elemente drugih izvođača
- interno povezivanje kablovima i priključak objekata, dovod prema električnim trošilima na gradilištu od strane elektro izvođača",,,,
,,Opseg usluga metalne konstrukcije,"U sljedećim pozicijama potrebno je uzeti u obzir i uračunati sljedeće usluge, čak i ako nisu izričito navedene:
- obojane limove i pravokutne dijelove za priključke, krajeve i prijelaze
- eventualna oštećenja na površini i / ili slojevima pravilno ukloniti
- potrebne podkonstrukcije i pojačanja
- Prihvate za fuge na građevinama i promjene dužina uslijed temperaturnih varijacija
- kontrolirano odvođenje kišnice i kišnice nošene vjetrom
- Zaštitu građevinskih priključaka protiv kišnice s vanjske strane, odnosno pare s unutarnje strane
- interno povezivanje kablovima na prozorima, koristiti profile za prekrivanje kabela
- alternativno za garniture / aluminijske elemente, eloksirani: Nehrđajući čelik, mat",,,,
309.010,,PVC staklene stijene,,,,,0
309.010.00100,,x..AF10..x - staklena stijena između boravka i vanjske terase,"POZ P09
Dobava i postava staklene stijene između boravka i vanjske terase prema trenutno važećim smjernicama KaBa. Stijena se sastoji od fiksnih dijelova rastera 1,25m i jednokrilnih zaokretnih vrata svijetle širine 1,12m.
Građ.dimenzija stijene: [ 2,45/2,70 ] m
Konstrukcija stijene: PVC profil ojačan sa čeličnom jezgrom sa višekomornim sustavom i dvije EPDM brtve. Boja RAL 7016 otporna na ultraljubičasto zračenje. U zoni postave zaštite od sunca izvesti prošireni nadvojni profil visine 200mm.
Dizajn profila: ravno položena krila
Ostakljenje: višeslojnog sigurnosnog 2 izolacijskog stakla koeficijent prolaza topline Uw najmanje 1,3 W/m²K, Ug min 1,3 W/m²K . Zahtijevani koeficijent prolaza topline Uw odnosi se na cijeli prozor i uzima u obzir koeficijent prolaza topline okvira (Uf), ostakljenja (ug) i profila za održavanje razmaka izolacijskog ostakljenja (y-vrijednost).
Zaokretna vrata:
• Antipanik brava na vratima, pripremljena za prolazni profilni cilindar
• Okovi: Eloksirani aluminij ili nehrđajući čelik mat brušen, iznutra kvaka, izvana fiksna ručka, npr. HEWI Serie 11, s dugačkim štitom
• Kontrola: Magnetni kontakt i kontakt na zasunu za kontrolu otvaranja i zatvaranja, VdS razred C, prekriveni
• Ostalo: električni otvarač vrata, otključavanje brave s kliznim vođenjem, 12V DC, radna struja
• Otvarač vrata s mehaničkim otključavanjem zasuna otvarača vrata, s opružnim jezičkom
• Gornji zatvarač vrata
Izvedba prema detaljima proizvođača uključivo sav rad i materijal kako bi se stavka izvela do gotove funkcionalnosti

Spojne reške: PUR-pjena;
Fabrikat: SALAMANDER, GEALAN ili drugi istovrijedni pvc profili",1,kom,,0
309.020,,Aluminijska staklena vrata,,,,,
309.020.00100,,"x..AT3..x - aluminijska evakuacijska dvokrilna vrata s nadsvjetlom  dimenzije 2,26 / 4,15 m","POZ A05
Izrada, dobava i postava dvokrilnih staklenih vrata s nadsvjetlom od aluminijskih profila dubine do cca.75mm s prekinutim termičkim mostom s EPDM brtvenim profilima. Ostakljenje od višeslojnog sigurnosnog 2 izolacijskog stakla 2x6mm. Izvedba do gotove funkcionalnosti i prema važećim smjernicama KaBa HR.

Širina vrata: ca. 2,26 m
Visina vrata: ca. 4,15 m (vrata ca. 2,25 m, nadsvjetlo ca 1,9 m)
Izvedba: Zaokretna vrata, 2-krilna, sa smjerom otvaranja ulijevo ili udesno
Okvir: Aluminijski okvir, s premazom u prahu otpornim na ultraljubičasto zračenje, boja RAL 7016
Krilo vrata: okvir od aluminija ravan izvana, s premazom u prahu i staklenom ispunom, s donjim zatvaračem (falc) ca. 15 mm
Koeficijent toplinske provodljivosti: min. 1,3 W/m2K, a stakla min 1,1 W/m2K
Panti: od nehrđajućeg čelika, skriveni
Okov: ručka s vanjske strane, s unutarnje strane potisna poluga na pomičnoj i nepomičnoj strani, od aluminija, s eloksiranom površinom
Brava na pomičnoj strani vrata: Ugradbena brava sa zasunom, objektne kvalitete, pripremljena za profilni cilindar, s panik funkcijom prema EN 1125, sa samostalnim zaključavanjem.
Gornji zatvarač vrata, na obja krila, s usklađenim mehanizmom zatvarnaja.
Neaktivna brava krila: skrivena bravica u obliku kvake u kvaliteti svojstva, s funkcijom panike prema EN 1125
Kontrola: Magnetni kontakti za kontrolu otvorenosti (2 na pomičnoj strani, 1 na nepomičnoj strani), kontrola zatvorenosti integrirana u bravu, kontakt za zatvoreno stanje na pogonskom zasunu, VdS razred C, prekrivena ugradnja
Boje: sukladno Kauflandovoj paleti boja",1,kom,,0
309.020.00105,,"x..AT3..x - aluminijska evakuacijska dvokrilna vrata dimenzije 2,26 / 2,25 m","POZ A06
Izrada, dobava i postava dvokrilnih staklenih vrata s nadsvjetlom od aluminijskih profila dubine do cca.75mm s prekinutim termičkim mostom s EPDM brtvenim profilima. Ostakljenje od višeslojnog sigurnosnog 2 izolacijskog stakla 2x6mm. Izvedba do gotove funkcionalnosti i prema važećim smjernicama KaBa HR.

Širina vrata: ca. 2,26 m
Visina vrata: ca. 4,15 m (vrata ca. 2,25 m)
Izvedba: Zaokretna vrata, 2-krilna, sa smjerom otvaranja ulijevo ili udesno
Okvir: Aluminijski okvir, s premazom u prahu otpornim na ultraljubičasto zračenje, boja RAL 7016
Krilo vrata: okvir od aluminija ravan izvana, s premazom u prahu i staklenom ispunom, s donjim zatvaračem (falc) ca. 15 mm
Koeficijent toplinske provodljivosti: min. 1,3 W/m2K, a stakla min 1,1 W/m2K
Panti: od nehrđajućeg čelika, skriveni
Okov: s vanjske strane glatko, bez rozeta, s unutarnje strane potisna poluga na pomičnoj i nepomičnoj strani, od aluminija, s eloksiranom površinom
Brava na pomičnoj strani vrata: Ugradbena brava sa zasunom, objektne kvalitete, pripremljena za profilni cilindar, s panik funkcijom prema EN 1125, sa samostalnim zaključavanjem.
Gornji zatvarač vrata, na obja krila, s usklađenim mehanizmom zatvarnaja.
Neaktivna brava krila: skrivena bravica u obliku kvake u kvaliteti svojstva, s funkcijom panike prema EN 1125
Kontrola: Magnetni kontakti za kontrolu otvorenosti (2 na pomičnoj strani, 1 na nepomičnoj strani), kontrola zatvorenosti integrirana u bravu, kontakt za zatvoreno stanje na pogonskom zasunu, VdS razred C, prekrivena ugradnja
Boje: sukladno Kauflandovoj paleti boja",1,kom,,0
309.020.00110,,"x..AT13..x - aluminijska 1-krilna staklena vrata dimenzije 1,16 / 2,16 m, izlaz u slučaju nužde EN 179","POZ F01
Vrata od aluminija i stakla s gornjim prozorom, vanjska vrata kao sustav s cijevnim okvirom i staklenom ispunom, s termički odvojenim šupljim profilima, s dubinom okvira od ca. 75 mm, s ostakljenjem od višeslojne izolacijske površine od laminiranog stakla i EPDM brtvenim profilima, izraditi, isporučiti i montirati.

Širina vrata: ca. 1,16 m
Visina vrata: ca. 2,16 m
Izvedba: Zaokretna vrata, 1-krilna, sa smjerom otvaranja ulijevo ili udesno
Okvir: Aluminijski okvir, s praškastim premazom otpornim na ultraljubičasto zračenje
Krilo vrata: Cijevni okvir od aluminija, s praškastim premazom otpornim na ultraljubičasto zračenje i staklenom ispunom cijelom visinom vrata, s donjim zatvaračem (falc) ca. 15 mm
Koeficijent toplinske provodljivosti: min. 1,3 W/m2K, a stakla min 1,1 W/m2K
Panti: od nehrđajućeg čelika, skriveni
Okov: okov za vrata od plemenitog čelika, unutra kvaka, izvana kugla, izvana dodatno ručka od plemenitog čelika.
Brava: Ugradbena brava sa zasunom, objektne kvalitete, pripremljena za profilni cilindar, s panik funkcijom prema EN 179
Gornji zatvarač: s kliznom šinom s odbojnikom u klizaču, na strani na kojoj se ne nalaze šarke, zatvarač s mogućnosću fiksiranja vrata u otvorenom položaju
Kontrola: Magnetni kontakti za kontrolu otvorenosti (2 na pomičnoj strani), kontakt na zasunu za kontrolu zatvorenosti, VdS razred C, prekrivena ugradnja
Ostalo: blok brava i kodirana brava, električni otvarač vrata, otključavanje brave s kliznim vođenjem, 12V DC, radna struja
Boje: sukladno Kauflandovoj paleti boja",1,kom,,0
309.020.00115,,"x..IT220..x - protupožarna 1-krilna unutarnja aluminijska staklena vrata, dimenzije 1,17 / 2,16 m","POZ F13
Dobava i postava požarnih jednokrilnih staklenih vrata od aluminijskih šupljih profila dubine od cca.65mm. Požarno ostakljenje vrata s laminiranim sigurnosnim staklom (VSG). Profili s falcom za staklo s jedne strane i obrubom za staklo na strani nasuprot pantima, staklo izolirano EPDM-brtvama.

Širina vrata: ca. 1,17 m
Visina vrata: ca. 2,16 m
Izvedba: Zaokretna vrata, 1-krilna, sa smjerom otvaranja ulijevo ili udesno
Okvir: Aluminijski okvir, s premazom u prahu
Krilo vrata: Cijevni okvir od aluminija, s premazom u prahu i staklenom ispunom
Panti: skriveni od nehrđajućeg čelika, dvodijelni, trodimenzionalno podesivi
Garnitura: Garnitura kvake i ručke s ovalnim okvirom za kvaku i bravu, od nehrđajućeg čelika, s mat površinom
Brava: Ugradbena brava sa zasunom, objektne kvalitete, pripremljena za profilni cilindar.
Gornji zatvarač: s kliznom šinom, s ograničenim otvaranjem, na strani na kojoj se nalaze šarke
Protupožarni zahtjev: sprječava širenje vatre, nepropusna i sa samostalnim zatvaranjem, EI2 30 Sa C5 prema DIN EN 13501
Boje: sukladno Kauflandovoj paleti boja",1,kom,3050,3050
309.020.00120,,"x..IT220..x - protupožarna 1-krilna unutarnja aluminijska staklena vrata sa kontrolom pristupa, dimenzije 1,17 / 2,16 m","POZ F04
Dobava i postava jednokrilnih staklenih vrata od aluminijskih šupljih profila dubine od cca.65mm. Ostakljenje vrata s laminiranim sigurnosnim staklom (VSG). Profili s falcom za staklo s jedne strane i obrubom za staklo na strani nasuprot pantima, staklo izolirano EPDM-brtvama.

Širina vrata: ca. 1,17 m
Visina vrata: ca. 2,16 m
Izvedba: Zaokretna vrata, 1-krilna, sa smjerom otvaranja ulijevo ili udesno
Okvir: Aluminijski okvir, s premazom u prahu
Krilo vrata: Cijevni okvir od aluminija, s premazom u prahu i staklenom ispunom
Panti: skriveni od nehrđajućeg čelika, dvodijelni, trodimenzionalno podesivi
Garnitura: Garnitura kvake i ručke s ovalnim okvirom za kvaku i bravu, od nehrđajućeg čelika, s mat površinom
Brava: Ugradbena brava sa zasunom, objektne kvalitete, pripremljena za profilni cilindar.
Gornji zatvarač: s kliznom šinom, s ograničenim otvaranjem, na strani na kojoj se nalaze šarke
Protupožarni zahtjev: sprječava širenje vatre, nepropusna i sa samostalnim zatvaranjem, EI2 30 Sa C5 prema DIN EN 13501
Kontrola: električni otvarač vrata, s otključavanjem brave s kliznim vođenjem, 12V DC, radnom strujom, integriranim kontaktom za povratni signal, za kontrolu pristupa.
Boje: sukladno Kauflandovoj paleti boja",1,kom,3190,3190
309.030,,Staklena fasada,,,,,0
309.030.00100,,x..PRF2..x - staklena fasada sa zaštitom od sunca,"POZ A07
Izrada, dobava i ugradnja ostakljene aluminijske fasadne konstrukcije. Fasadu izraditi od sistema samonosivih plastificiranih aluminijskih horizontalnih i vertikalnih pravokutnih šupljih profila s prekidom toplinskog mosta širine cca.60mm i dubine prema statičkom proračunu. Sve brtve na fasadi od EPDM-a prema DIN 7863. U cijeni stavke uključiti komplet sav potreban rad i materijal prema opisu u troškovniku, kao i sve dodatne radove i materijale potrebne da se izradi kompletna fasada kao oblikovna i funkcionalna cjelina. Svi spojni limovi, opšavi, tolinske izolacije, hidroizolacije i parne brane koje se prema pravilima struke ugrađuju, sastavni su dio ove stavke.
Konstrukcija:
- razmak osi stupova: prema planu fasade
- razmak osi horizontala: prema planu fasade
- osiguranje stakla protiv odvrtanja: npr. kombinacija Secu-Fast vijaka s vijcima s unutarnjim mnogokutom
- pokrovni profili s nevidljivim pričvršćivanjem (stegnuti)
- tip profila: kao Schuco FW 50+ ili jednakovrijedno
- premaz: praškastim premaz otporan na ultraljubičasto zračenje boja RAL7016 ili sukladno Kauflandovoj boji paleta
Ostakljenje:
- Proračun debljine, izradu, obradu i ugradnju stakla izvršiti u skladu s Tehničkim propisom za staklene konstrukcije (NN 153/13, 53/17). Debljine stakla prema potrebi provjeriti od strane ovlaštenog statičara. Kao osiguranje od pucanja kod laminiranog stakla obavezno pobrusiti rubove
- visina ostakljenja: prema planu fasade
- dvoslojno VSG izolacijsko staklo s Low E premaz + ispuna toplinski inertnim plinom argonom (6+16+6) s EPDM brtvenim profilima, odnosno prema statičkom proračunu
Koeficijent toplinske provodljivosti (Uw): min. 1,3 W/m2K i odnosi se na cijeli fasadni sustav, dok za ostekljenje vrijedi 1,1 W/m2K
Zaštita od sunca (prema smjernicama iz opisa gradnje KaBa HR):
Vrsta izvedbe 1 - prozirno staklo sa zaštitom od sunca
Prioritet 1
Staklo sa zaštitom od sunca ima prioritet u odnosu na prozirno staklo s roletama.
Preduvjet: Bez zasljepljivanja radnih mjesta zbog sunčevog zračenja!
Aspekti: Smanjenje investicije, montaže i instalacije. Izbjegavanje troškova za čišćenje, održavanje, popravak roleta. Vidljivost je uvijek dana
Karakteristike stakla i kriteriji za prozirno staklo sa zaštitom od sunca
Početak: prozirno staklo sa zaštitom od sunca
Ukupna propusnost energije (g-vrijednost / SHGC - koeficijent solarnog toplinskog prirasta): otpr. 30 - 20 %
Što je niža vrijednost SHGC, manje topline zračenja (sunca) dolazi izvana prema unutra
Propust svjetlosti (TL): približno 62 - 45 %
što je manja propusnost svjetla (TL), manje svjetla dolazi izvana
Staklo sa zaštitom od sunca s nižom propusnošću svjetlosti (TL: pribl. 50-45 %) prikladnije je za fasade s duljim/intenzivnijim sunčevim zračenjem, npr. orijentacije zapad/sjeverozapad.
Moraju se uzeti u obzir mogući efekti refleksije od susjednih zgrada.
Stakla na vrijeme ispitati.",52,m2,,0
309.040,,Vjetrobran,,,,,0
309.040.00100,,x..AT1..x - vanjska automatska klizna vrata dim. [250/230] m,"POZ A01
Dobava i ugradnja vanjskih evakucijskih automatskih kliznih vrata u pripremljeni otvor u vanjskoj fasadnoj staklenoj stijeni. Automatska vrata treba konstruirati tako, da ne može doći do gnječenja i uklještenja. Mjesta na kojima može doći do uklještenja trebaju se osigurati mekanim gumenim brtvenim profilima. Na elemente okvira paralelno s unutarnje i vanjske strane treba postaviti staklo. Razmak između sporednih rubova zatvaranja i bočnih površina mora uvijek biti veći od 200 mm.

Izvedba: evakuacijska klizna vrata s 2 krila
Krila vrata: Okvir od aluminija, s praškastim premazom otpornim na ultraljubičasto zračenje i ostakljenje s dvoslojnim VSG izolacijskim staklom s Low E premaz + ispuna toplinski inertnim plinom argonom (6+16+6) s EPDM brtvenim profilima. Klizna vrata u fino uokvirenoj izvedbi, dubina profila cca. 30 - 40 mm,ovisno o proizvođaču.
Pogon: Pogon kliznih vrata s modularnim sastavom i tihom kliznom šinom, brzina otvaranja i zatvaranja 0,5-0,7 m/s po krilima, 80 % širine otvara se unutar 3 sekunde u slučaju nužde
Upravljanje: Mikroprocesorska upravljačka jedinica, s vremenom otvorenosti od 0 do 180 sekundi i sljedećim radnim programima: Isključeno, Automatski, Otvoreno, Izlaz, podesivo pomoću programske sklopke
Sigurnosna oprema: Sigurnosna oprema odabire se prema državnim propisima i direktivama, ali minimalno je potrebna: Samostalna regulacija i nadzor kretnje krila, okretanje smjera u slučaju nailaženja na prepreku, samostalna provjera sigurnosnih uređaja, sklopka za isključivanje u slučaju nužde.
Aktivacija: obostrani kombinirani detektor s radarskim senzorom (za detekciju pokreta) i infracrveni senzor (za nadzor prisutnosti), sklopka s ključem s unutarnje strane
Zaključavanje: Elektromehaničko standardno zaključavanje s ručnim otključavanjem s unutarnje strane, mehaničko zaključavanje putem brave s kukastim zasunom s unutarnje strane
Kontrola: Stanja vrata putem bespotencijalnog kontakta na protuprovalnoj centrali
Zaštita od sunca (ostakljenje) potrebno izvesti identično kao za stavku u koju se ugrađuje kako bi se postigao uejdnačen izgled i svojstvo fasade.",1,kom,,0
309.040.00105,,"x..AT1..x - unutarnja staklena stijena za ugradnju kliznih vrata dim. [ 6,5 / 3,8 ] m","POZ A02
Izrada, dobava i ugradnja unutarnje staklene stijene sa nadsvjetlom za ugradnju automatskih kliznih vrata. Fasadu izraditi od sistema samonosivih plastificiranih aluminijskih horizontalnih i vertikalnih pravokutnih šupljih profila s prekidom toplinskog mosta širine cca.60mm i dubine prema statičkom proračunu. Sve brtve na fasadi od EPDM-a prema DIN 7863. U cijeni stavke uključiti komplet sav potreban rad i materijal prema opisu u troškovniku, kao i sve dodatne radove i materijale potrebne da se izradi kompletna fasada kao oblikovna i funkcionalna cjelina.
Konstrukcija:
- razmak osi stupova: prema planu fasade
- visina podjele stijene po horizontali: 2300 mm
- osiguranje stakla protiv odvrtanja: npr. kombinacija Secu-Fast vijaka s vijcima s unutarnjim mnogokutom
- pokrovni profili s nevidljivim pričvršćivanjem (stegnuti)
- tip profila: kao Schuco FW 50+ ili jednakovrijedno
- premaz: praškastim premaz otporan na ultraljubičasto zračenje boja RAL7016 ili sukladno Kauflandovoj boji paleta
- proširenje zadnjeg lijevog ili desnog profila za ugradnju pogonske i upravljačke jedinice
Ostakljenje:
- Proračun debljine, izradu, obradu i ugradnju stakla izvršiti u skladu s Tehničkim propisom za staklene konstrukcije (NN 153/13, 53/17). Debljine stakla prema potrebi provjeriti od strane ovlaštenog statičara. Kao osiguranje od pucanja kod laminiranog stakla obavezno pobrusiti rubove
- visina ostakljenja: prema planu fasade
- jednoslojno VSG izolacijsko staklo 8mm s EPDM brtvenim profilima, odnosno prema statičkom proračunu",25,m2,,0
309.040.00110,,x..AT1..x - satenske trake na kliznim krilima,"Dobava i postava lijepljenjem na klizna krila automatskih vrata satinirane trake širine 20cm. Postava na visini od 1,5-1,7m mjereno od gotovog poda.

Referentni proizvod: Oracal 8510-90, fino srebro, ili istovjetno",5,m,,0
309.040.00115,,x..RS28..x - Zaštita od nehrđajućeg čelika,"Zaštitu rubova, od nehrđajućeg čelika V4A, s brušenom (240 granulacija) i četkanom površinom, debljine materijala od min. 2 mm, u više dijelova s kutovima različitih dimenzija, pojedinačne dužine 2,3 m, za vanjsku zaštitu dviju vertikalnih unutarnjih površina u otvoru za automatska vrata, izraditi, isporučiti, zalijepiti i po potrebi dodatno mehnički pričvrstiti.

Jedinična cijena po automatskim vratima.",2,kom,,0
309.040.00120,,x..BS4..x - Podni prag kao razdvojni profil od nehrđajučeg ćelika,"Podni prag kao razdvojni profil, od nehrđajućeg čelika V4A, debljine materijala od minimalno 3 mm, sa širinom prilagođenom stupovima i automatskim vratima, u U obliku, s blago zaobljenim rubovima, u različitim pojedinačnim dužinama, isporučiti, postaviti u jednoj liniji i na ispravnoj visini ispod automatskih vrata i pričvrstiti.",2.5,m,,0
309.040.00125,,x..RS28..x - Zaštita od nehrđajućeg čelika,"Zaštitu rubova, od nehrđajućeg čelika V4A, s brušenom (240 granulacija) i četkanom površinom, debljine materijala od min. 2 mm, u više dijelova s kutovima različitih dimenzija, pojedinačne dužine 2,3 m, za vanjsku zaštitu dviju vertikalnih unutarnjih površina u otvoru za automatska vrata, izraditi, isporučiti, zalijepiti i po potrebi dodatno mehnički pričvrstiti.

Jedinična cijena po automatskim vratima.",4,kom,,0
309.040.00130,,x..BS4..x - Podni prag kao razdvojni profil od nehrđajučeg ćelika,"Podni prag kao razdvojni profil, od nehrđajućeg čelika V4A, debljine materijala od minimalno 3 mm, sa širinom prilagođenom stupovima i automatskim vratima, u U obliku, s blago zaobljenim rubovima, u različitim pojedinačnim dužinama, isporučiti, postaviti u jednoj liniji i na ispravnoj visini ispod automatskih vrata i pričvrstiti.",2.5,m,,0
309.050,,Sustavi izloga,,,,,0
309.060,,Staklene pregrade,,,,,0
309.070,,Ostali,,,,,0
310,,Plastični prozori,,,,,0
310.000,,Prethodne napomene,,,,,0
,,ZTV - Dodatni tehnički uvjeti ugovora,"1.) Dodatni ugovoreni tehnički uvjeti dio su troškovnika te u slučaju ugovaranja postaju dio ugovora. Izvođač radova se dakle obavezuje na sve radove i primjene koje proizlaze iz ovih uvjeta te su one uračunate u cijenu, ukoliko nisu zasebno ponuđene.

2.) Cijene stavki se prikazuju kao neto iznos u državnoj valuti. Važeći zakonski propisani porez na dodanu vrijednost obračunava se zasebno.

3.) U slučaju proturječnosti dodatnih ugovorenih tehničkih uvjeta vrijede prvenstveno podaci iz troškovnika. U slučaju proturječnosti između troškovnika i tehničke dokumentacije koja se predaje prilikom natječaja, vrijedi tehnička dokumentacija.

4.) Prije početka davanja ponude, ponuditelj je dužan pažljivo pročitati kompletan tekst općih uvjeta uz troškovnik, općih i posebnih uvjeta uz svaku grupu radova, tekst samog troškovnika i ostale dijelove tehničke dokumentacije. Ako opis bilo koje stavke u troškovniku dovodi do sumnje o načinu izvedbe ili upotrebu gradiva zahtijevane kvalitete, treba prije predaje ponude zatražiti pojašnjenje od ovlaštene osobe Investitora. Naknadno pozivanje na manjkavost ili nepoznavanje projektno-tehničke dokumentacije ili opisa u troškovniku neće se uzeti u obzir, niti smatrati razlogom za produženje roka izvedbe, a niti će se priznati bilo kakva razlika u cijeni s tog naslova.

5.) Tehnička dokumentacija koja se predaje prilikom natječaja informativnog je karaktera, a ponuđač je dužan u svom trošku izvršiti kontrolu projektno tehničke dokumentacije u smislu točnosti, tehničke ispravnosti, izvedivosti i međusobne usklađenosti. Sve eventualne primjedbe ponuditelj/izvoditelj dužan je pravovremeno uz ponudu, a u svakom slučaju prije izvedbe u pisanom obliku dostaviti Nadzoru i Naručitelju

6.) Ponuditelj je dužan provesti i kontrolu lokacije na licu mjesta prije davanja ponude. Jedinične cijene za pojedine vrste radova sadrže i sve one posredne troškove koji nisu iskazani u troškovniku, ali su neminovni za izvršenje radova predviđenih projektom.

7.) Organizacija gradilišta uračunata je u cijenu, ukoliko nije ponuđena kao zasebna stavka.

8.) Dizalice za podizanje, skele, strojevi, alati, pomoćna sredstva i konstrukcije uzeti su u obzir te su uračunati u jediničnu cijenu.

9.) Skele za radove na fasadi i radove na krovu predmet su ovog natječaja. Ponuditelj smije koristiti postojeće skele uz poštivanje sigurnosnih uvjeta i na vlastitu odgovornost. Preinake na skelama nisu dozvoljene te se one moraju predati u ispravnom stanju u kojem su i preuzete.

10.) Kompletnu režiju gradilišta usigurava i rješava ponuditelj/izvođač i i uključena je u jediničnu cijenu.

11.) Ponuditelj je obvezan redovno prikupljati i ,pravilno skladištiti i odvoziti na ovlašteni deponij sve otpadne materijale, ostatke, krhotine, građevinski otpad, ambalaže, obični otpad i slično o vlastitom trošku. Kod odlaganja otpada potrebno je pridržavati se svih javnopravnih uputa i propisa.

12.) Onečišćenja koja uslijed radova nastaju na susjednim terenima, zgradama, putovima, cestama, trgovima i slično, izvođač radova treba svakodnevno čistiti.

13.) Izvođač preuzima odgovornost za osiguravanje, skladištenje i spremanje vlastite građevinske opreme, strojeva, uređaja, alata i slično. Jednako vrijedi i za građevinske materijale, elemente i za ugradnju određenih uređaja i objekata sve do primopredaje obavljenih građevinskih radova.

14.) Prilikom izvođenja radova, izvoditelj treba zaštititi sve susjedne plohe, dijelove konstrukcije i prethodno izvedene radove na prikladan način a u skladu sa pravilima zaštite na radu, tako da ne dođe do oštećenja istih. Troškove zaštite treba izvoditelj ukalkulirati u ponudbenu cijenu izvođenja radova. Ukoliko ipak dođe do oštećenja prethodno izvedenih radova za koje je odgovoran izvoditelj ili njegov kooperant, dužan je iste o svom trošku dovesti u stanje prije oštećenja ili naručiti iste radove kod drugog izvoditelja na svoj teret.

15.) Sve potrebne mjere prema javnopravnim uputama i propisima za sigurnost i zaštitu zdravlja trebaju se uzeti u obzir te ih se treba pridržavati prilikom izvođenja radova.

16.) Prilikom davanja ponude i izvođenja radova treba se uzeti u obzir, uračunati i pridržavati se
- svih državnih i javnopravnih zakona, smjernica i propisa
- svih odgovarajućih tehničkih standarda, pravila i smjernica
- općeprihvaćenih pravila tehnike
- uputa, propisa i napomena proizvođača za ugradnju i obradu
- Kauflandovih građevinskih opisa, ugovorenih uvjeta i ostalih Kauflandovih dokumenata i planova.

17.) Stavke troškovnika obuhvačaju konačno dovršenje radova definiranih po količini i kvaliteti, onosno podrazumijevaju se kao gotove, potpune i funkcionirajuće, uklj. sve potrebne male dijelove i sredstva za pričvršćivanje, pomoćne materijale i sredstva, podkonstrukcije itd., kao i sve dodatne i posebne usluge - čak i kada one nisu detaljno opisane.

18.) Ako su treće stranke uključene u izvođenje predradnji, izvođač radova ih treba provjeravati. U slučaju nepravilnosti ili prigovora pravovremeno treba informirati naručitelja, tako da može tehnički i organizacijski dovršiti poslove.

19.) Obavezno se treba pridržavati svih Kauflandovih proizvodnih uputa, osim ako postoje opravdani razlozi za odstupanje (npr. dostupnost). U tom slučaju izvođač treba ponuditi istovjetni proizvod ili sustav te potvrditi istovjetnost. O njoj odlučuje naručitelj.

20.) Sustavi se izvode isključivo pomoću komponenata koje su predviđene od strane proizvođača sustava.

21.) Svi materijali, građevinski elementi i uređaji koji neposredno utječu na izgled i funkcionalnost prije ugradnje se trebaju provjeriti. Ugrađuju se tek nakon što naručitelj ili ovlaštena osoba odobri ugradnju na gradilištu. O vrsti i obliku uzorka odlučuje naručitelj.

22.) Ako nije drukčije propisano, izmjene postojećih projektnih rješenja od strane ponuditelja/izvođača a koje utječu na mehaničku stabilnost, ponuditelj/izvođač je dužan u svom trošku ishoditi sve suglasnosti, dozvole i sl.
Projekt izvedenog stanja ukalkulirati u jedničnu cijenu te dostaviti Kauflandu u pisanom i digitalnom obliku.

23.) Svi radovi na objektu te primjenjeni sistemi gradnje moraju biti izvedeni prema pravilu struke, odnosnu u granicama dopuštenih tolerancija.

24.) Ukoliko je ugovoreni termin izvršenja objekta uključen i zimski odnosno ljetni period, to se neće posebno izvođaču priznavati na ime naknade za rad pri niskoj temperaturi, zaštita konstrukcija od hladnoće i vrućine, te atmosferskih nepogoda, sve mora biti uključeno u jediničnu cijenu. Za vrijeme zime objekat se mora zaštititi. Svi eventualni smrznuti dijelovi moraju se ukloniti i izvesti ponovo bez bilo kakve naplate. Ukoliko je temperatura niža od temperature pri kojoj je dozvoljen dotični rad, a Investitor ipak traži da se radi, Izvođač si ima pravo zaračunati naknadu po normi 6,006 ali u tom slučaju Izvođač snosi punu odgovornost za ispravnost i kvalitetu rada. To isto vrijedi i za zaštitu radova tokom ljeta od prebrzog sušenja uslijed visoke temperature.

25.) U jediničnu cijenu rada izvođač treba obuhvatiti i slijedeće radove, koji se neće zasebno platiti kao naknadni rad, čak i ako nisu izričito navedenei u troškovniku:
- sve vrste transporta građevinskih materijala, elemenata, uređaja, objekata itd. do mjesta ugradnje
- potrebne i uobičajene pripreme i predobrade tla
- sve vrste bušenja, zavarivanja, lijepljenja, malih dijelova, sredstava za pričvršćivanje, međupoložaja, izolacije, brtvljenja, folija, spojeva itd. koje su potrebne za priključak, montažu i pričvršćivanje građevinskih dijelova i elemenata
- stručna priprema i priključak na sve okolne dijelove, ugradbene i nadgradne elemente i propuste
- sve izrade kutova, spojnih površina i elemenata, završnih elemenata, slobodnih krajeva itd.
- sve podloge za montažu, priključak i pričvršćivanje kao što su beton, zidani elementi, čelik, aluminij, limovi, gips karton, itd.
- potrebne spojne, kose i okrugle rezove te ostatke rezanja
- Izrada otvora i proreza za instalacije i ugradbene elemente drugih izvođača
- interno povezivanje kablovima i priključak objekata, dovod prema električnim trošilima na gradilištu od strane elektro izvođača",,,,
,,Ostale usluge plastičnih prozora,"U sljedećim pozicijama potrebno je uzeti u obzir i uračunati sljedeće usluge, čak i ako nisu izričito navedene:
- obojane limove i pravokutne dijelove za priključke, krajeve i prijelaze
- eventualna oštećenja na površini i / ili slojevima pravilno ukloniti
- potrebne podkonstrukcije i pojačanja
- Prihvate za fuge na građevinama i promjene dužina uslijed temperaturnih varijacija
- kontrolirano odvođenje kišnice i kišnice nošene vjetrom
- Zaštitu građevinskih priključaka protiv kišnice s vanjske strane, odnosno pare s unutarnje strane
- interno povezivanje kablovima na prozorima, koristiti profile za prekrivanje kabela
- Pričvršćivanje klupice za prozor s odgovarajućim kutovima, sa zaštitnom folijom za zvučnu izolaciju, brtvom od elastomernog profila te bočnom i donjom trajno elastičnom brtvom na bazi thiokola",,,,
310.010,,PVC prozori,,,,,0
310.010.00100,,"x..AF1..x - PVC otklopni prozor dim [1,26 / 1,4] m","POZ P05
Dobava, izvedba i ugradnja vanjskog otklopnog PVC prozora s višekomornim profilnim sustavom i dvije brtve dubine od cca.70mm. Prošireni nadvojni profil, visina 200 mm. Okvir pripravljen za spajanje s prozorskom klupicom. Dvoslojno izolacijsko float staklo. U cijeni stavke uključiti komplet sav potreban rad i materijal prema opisu u troškovniku, kao i sve dodatne radove i materijale potrebne da se izradi kompletni prozor kao oblikovna i funkcionalna cjelina.

Izvedba: prozor s otklopnim krilom
Širina prozora: 1,26 m
Visina prozora: 1,4 m
Koeficijent toplinske provodljivosti: min. 1,3 W/m2K. Zahtijevani koeficijent prolaza topline Uw odnosi se na cijeli prozor i uzima u obzir koeficijent prolaza topline okvira (Uf), ostakljenja (Ug min. 1,1 W/m2K) i profila za održavanje razmaka izolacijskog ostakljenja (y-vrijednost).)
Kontrola: Kontakt na zasunu za kombiniranu kontrolu otvaranja i zatvaranja, VdS razred C, skrivena ugradnja
Okovi: Ručka prozora, od aluminija, s eloksiranom površinom. Panti skriveni.
Vanjska klupica za prozor: od ekstrudiranog aluminijskog profila, debljina 2 mm, boja RAL 7016 - anthrazitgrau, praškasti premaz. 50 mm izbočena iz fasade, bočno izvučena za spoj sa zidom, sidrenje s podesivim kutnikom za učvršćivanje uglavljenim odozdo, antivibracijska traka.
Boje: sukladno Kauflandovoj paleti boja",1,kom,,0
310.010.00105,,"x..AF1..x - PVC zaokterno otklopni prozor dim [1,26 / 1,7] m","POZ P10
Dobava, izvedba i ugradnja vanjskog zaokretno-otklopnog PVC prozora s višekomornim profilnim sustavom i dvije brtve dubine od cca.70mm. Prošireni nadvojni profil, visina 200 mm. Okvir pripravljen za spajanje s prozorskom klupicom. Dvoslojno izolacijsko float staklo. U cijeni stavke uključiti komplet sav potreban rad i materijal prema opisu u troškovniku, kao i sve dodatne radove i materijale potrebne da se izradi kompletni prozor kao oblikovna i funkcionalna cjelina.

Izvedba: prozor s zaokretno-otklopnim krilom
Širina prozora: 1,26 m
Visina prozora: 1,7 m
Koeficijent toplinske provodljivosti: min. 1,3 W/m2K. Zahtijevani koeficijent prolaza topline Uw odnosi se na cijeli prozor i uzima u obzir koeficijent prolaza topline okvira (Uf), ostakljenja (Ug min. 1,1 W/m2K) i profila za održavanje razmaka izolacijskog ostakljenja (y-vrijednost).)
Kontrola: Kontakt na zasunu za kombiniranu kontrolu otvaranja i zatvaranja, VdS razred C, skrivena ugradnja
Okovi: Ručka prozora, od aluminija, s eloksiranom površinom. Panti skriveni.
Vanjska klupica za prozor: od ekstrudiranog aluminijskog profila, debljina 2 mm, boja RAL 7016 - anthrazitgrau, praškasti premaz. 50 mm izbočena iz fasade, bočno izvučena za spoj sa zidom, sidrenje s podesivim kutnikom za učvršćivanje uglavljenim odozdo, antivibracijska traka.
Boje: sukladno Kauflandovoj paleti boja",1,kom,,0
310.010.00110,,"x..AF1..x - PVC dvodijelni zaokretno otklopni prozor visine 1,7 m","POZ P07
Dobava, izvedba i ugradnja vanjskog dvodijelnog zaokretno-otklopnog PVC prozora s višekomornim profilnim sustavom i dvije brtve dubine od cca.70mm. Prošireni nadvojni profil, visina 200 mm. Okvir pripravljen za spajanje s prozorskom klupicom. Dvoslojno izolacijsko float staklo. U cijeni stavke uključiti komplet sav potreban rad i materijal prema opisu u troškovniku, kao i sve dodatne radove i materijale potrebne da se izradi kompletni prozor kao oblikovna i funkcionalna cjelina.

Izvedba: dvodijelni prozor sa fiksnim ostakljenjem i prozorom sa zaokretnim/otklopnim krilima rastera 1,26 m, uklj. spojne i panel površine
Visina prozora: 1,7 m
Koeficijent toplinske provodljivosti: min. 1,3 W/m2K. Zahtijevani koeficijent prolaza topline Uw odnosi se na cijeli prozor i uzima u obzir koeficijent prolaza topline okvira (Uf), ostakljenja (Ug min. 1,1 W/m2K) i profila za održavanje razmaka izolacijskog ostakljenja (y-vrijednost).)
Kontrola: Kontakt na zasunu za kombiniranu kontrolu otvaranja i zatvaranja, VdS razred C, skrivena ugradnja
Okovi: Ručka prozora, od aluminija, s eloksiranom površinom. Panti skriveni.
Vanjska klupica za prozor: od ekstrudiranog aluminijskog profila, debljina 2 mm, boja RAL 7016 - anthrazitgrau, praškasti premaz. 50 mm izbočena iz fasade, bočno izvučena za spoj sa zidom, sidrenje s podesivim kutnikom za učvršćivanje uglavljenim odozdo, antivibracijska traka.
Boje: sukladno Kauflandovoj paleti boja",2.51,m,,0
310.010.00115,,"x..AF1..x - PVC dvodijelni zaokretno otklopni prozor visine 1,7 m","POZ P15
Dobava, izvedba i ugradnja vanjskog dvodijelnog zaokretno-otklopnog PVC prozora s višekomornim profilnim sustavom i dvije brtve dubine od cca.70mm. Prošireni nadvojni profil, visina 200 mm. Okvir pripravljen za spajanje s prozorskom klupicom. Dvoslojno izolacijsko float staklo. U cijeni stavke uključiti komplet sav potreban rad i materijal prema opisu u troškovniku, kao i sve dodatne radove i materijale potrebne da se izradi kompletni prozor kao oblikovna i funkcionalna cjelina.

Izvedba: dvodijelni prozor sa fiksnim ostakljenjem i prozorom sa zaokretnim/otklopnim krilima rastera 1,26 m, uklj. spojne i panel površine
Visina prozora: 1,7 m
Koeficijent toplinske provodljivosti: min. 1,3 W/m2K. Zahtijevani koeficijent prolaza topline Uw odnosi se na cijeli prozor i uzima u obzir koeficijent prolaza topline okvira (Uf), ostakljenja (Ug min. 1,1 W/m2K) i profila za održavanje razmaka izolacijskog ostakljenja (y-vrijednost).)
Kontrola: Kontakt na zasunu za kombiniranu kontrolu otvaranja i zatvaranja, VdS razred C, skrivena ugradnja
Okovi: Ručka prozora, od aluminija, s eloksiranom površinom. Panti skriveni.
Vanjska klupica za prozor: od ekstrudiranog aluminijskog profila, debljina 2 mm, boja RAL 7016 - anthrazitgrau, praškasti premaz. 50 mm izbočena iz fasade, bočno izvučena za spoj sa zidom, sidrenje s podesivim kutnikom za učvršćivanje uglavljenim odozdo, antivibracijska traka.
Boje: sukladno Kauflandovoj paleti boja",2.51,m,,0
310.010.00120,,"x..AF1..x - PVC dvodijelni zaokretno otklopni prozor visine 1,7 m","POZ P16
Dobava, izvedba i ugradnja vanjskog dvodijelnog zaokretno-otklopnog PVC prozora s višekomornim profilnim sustavom i dvije brtve dubine od cca.70mm. Prošireni nadvojni profil, visina 200 mm. Okvir pripravljen za spajanje s prozorskom klupicom. Dvoslojno izolacijsko float staklo. U cijeni stavke uključiti komplet sav potreban rad i materijal prema opisu u troškovniku, kao i sve dodatne radove i materijale potrebne da se izradi kompletni prozor kao oblikovna i funkcionalna cjelina.

Izvedba: dvodijelni uglovni prozor sa fiksnim ostakljenjem i prozorom sa zaokretnim/otklopnim krilima rastera 1,26 m, uklj. spojne i panel površine
Visina prozora: 1,7 m
Koeficijent toplinske provodljivosti: min. 1,3 W/m2K. Zahtijevani koeficijent prolaza topline Uw odnosi se na cijeli prozor i uzima u obzir koeficijent prolaza topline okvira (Uf), ostakljenja (Ug min. 1,1 W/m2K) i profila za održavanje razmaka izolacijskog ostakljenja (y-vrijednost).)
Kontrola: Kontakt na zasunu za kombiniranu kontrolu otvaranja i zatvaranja, VdS razred C, skrivena ugradnja
Okovi: Ručka prozora, od aluminija, s eloksiranom površinom. Panti skriveni.
Vanjska klupica za prozor: od ekstrudiranog aluminijskog profila, debljina 2 mm, boja RAL 7016 - anthrazitgrau, praškasti premaz. 50 mm izbočena iz fasade, bočno izvučena za spoj sa zidom, sidrenje s podesivim kutnikom za učvršćivanje uglavljenim odozdo, antivibracijska traka.
Boje: sukladno Kauflandovoj paleti boja",2.51,m,,0
310.010.00125,,"x..AF1..x - PVC  višedijelni zaokretno otklopni prozor visine 1,7 m","POZ P08
Dobava, izvedba i ugradnja vanjskog dvodijelnog ili višedijelnog zaokretno-otklopnog PVC prozora s višekomornim profilnim sustavom i dvije brtve dubine od cca.70mm. Prošireni nadvojni profil, visina 200 mm. Okvir pripravljen za spajanje s prozorskom klupicom. Dvoslojno izolacijsko float staklo. U cijeni stavke uključiti komplet sav potreban rad i materijal prema opisu u troškovniku, kao i sve dodatne radove i materijale potrebne da se izradi kompletni prozor kao oblikovna i funkcionalna cjelina.

Izvedba: prozorska traka s prozorima sa zaokretnim/otklopnim krilima rastera 1,26 m, uklj. spojne i panel površine
Visina prozora: 1,7 m
Koeficijent toplinske provodljivosti: min. 1,3 W/m2K. Zahtijevani koeficijent prolaza topline Uw odnosi se na cijeli prozor i uzima u obzir koeficijent prolaza topline okvira (Uf), ostakljenja (Ug min. 1,1 W/m2K) i profila za održavanje razmaka izolacijskog ostakljenja (y-vrijednost).)
Kontrola: Kontakt na zasunu za kombiniranu kontrolu otvaranja i zatvaranja, VdS razred C, skrivena ugradnja
Okovi: Ručka prozora, od aluminija, s eloksiranom površinom. Panti skriveni.
Vanjska klupica za prozor: od ekstrudiranog aluminijskog profila, debljina 2 mm, boja RAL 7016 - anthrazitgrau, praškasti premaz. 50 mm izbočena iz fasade, bočno izvučena za spoj sa zidom, sidrenje s podesivim kutnikom za učvršćivanje uglavljenim odozdo, antivibracijska traka.
Boje: sukladno Kauflandovoj paleti boja",6.26,m,,0
310.010.00130,,"x..AF3..x - PVC otklopni prozor dim [1,01 / 0,6] m","POZ P03, POZ P04, POZ P06, POZ P11, POZ P12
Dobava, izvedba i ugradnja vanjskog otklopnog PVC prozora s višekomornim profilnim sustavom i dvije brtve dubine od cca.70mm. Prošireni nadvojni profil, visina 200 mm. Okvir pripravljen za spajanje s prozorskom klupicom. Dvoslojno izolacijsko neprozirno satinirano float staklo. U cijeni stavke uključiti komplet sav potreban rad i materijal prema opisu u troškovniku, kao i sve dodatne radove i materijale potrebne da se izradi kompletni prozor kao oblikovna i funkcionalna cjelina.

Izvedba: prozor s otklopnim krilom
Širina prozora: 1,01 m
Visina prozora: 0,6 m
Koeficijent toplinske provodljivosti: min. 1,3 W/m2K. Zahtijevani koeficijent prolaza topline Uw odnosi se na cijeli prozor i uzima u obzir koeficijent prolaza topline okvira (Uf), ostakljenja (Ug min. 1,1 W/m2K) i profila za održavanje razmaka izolacijskog ostakljenja (y-vrijednost).)
Kontrola: Kontakt na zasunu za kombiniranu kontrolu otvaranja i zatvaranja, VdS razred C, skrivena ugradnja
Okovi: Poluga za otvaranje/zatvaranje prozora, s eloksiranom površinom, sa zaključavanjem, osigurana protiv pogrešne upotrebe.
Vanjska klupica za prozor: od ekstrudiranog aluminijskog profila, debljina 2 mm, boja RAL 7016 - anthrazitgrau, praškasti premaz. 50 mm izbočena iz fasade, bočno izvučena za spoj sa zidom, sidrenje s podesivim kutnikom za učvršćivanje uglavljenim odozdo, antivibracijska traka.
Boje: sukladno Kauflandovoj paleti boja",5,kom,,0
310.010.00135,,"x..AF3..x -  PVC dvodijelni otklopni prozor visine 0,6 m","POZ P02
Dobava, izvedba i ugradnja vanjskog dvodijelnog otklopnog PVC prozora s višekomornim profilnim sustavom i dvije brtve dubine od cca.70mm. Prošireni nadvojni profil, visina 200 mm. Okvir pripravljen za spajanje s prozorskom klupicom. Dvoslojno izolacijsko neprozirno satinirano float staklo. U cijeni stavke uključiti komplet sav potreban rad i materijal prema opisu u troškovniku, kao i sve dodatne radove i materijale potrebne da se izradi kompletni prozor kao oblikovna i funkcionalna cjelina.

Izvedba: prozorska traka, s prozorima s otklopnim krilima rastera 1,01 m, uklj. spojne i panel površine
Visina prozora: 0,6 m
Koeficijent toplinske provodljivosti: min. 1,3 W/m2K. Zahtijevani koeficijent prolaza topline Uw odnosi se na cijeli prozor i uzima u obzir koeficijent prolaza topline okvira (Uf), ostakljenja (Ug min. 1,1 W/m2K) i profila za održavanje razmaka izolacijskog ostakljenja (y-vrijednost).)
Kontrola: Kontakt na zasunu za kombiniranu kontrolu otvaranja i zatvaranja, VdS razred C, skrivena ugradnja
Okovi: Poluga za otvaranje/zatvaranje prozora, s eloksiranom površinom, sa zaključavanjem, osigurana protiv pogrešne upotrebe.
Vanjska klupica za prozor: od ekstrudiranog aluminijskog profila, debljina 2 mm, boja RAL 7016 - anthrazitgrau, praškasti premaz. 50 mm izbočena iz fasade, bočno izvučena za spoj sa zidom, sidrenje s podesivim kutnikom za učvršćivanje uglavljenim odozdo, antivibracijska traka.
Boje: sukladno Kauflandovoj paleti boja",2.01,m,,0
310.010.00140,,"x..AF3..x -  PVC dvodijelni otklopni prozor visine 0,6 m","POZ P13
Dobava, izvedba i ugradnja vanjskog dvodijelnog otklopnog PVC prozora s višekomornim profilnim sustavom i dvije brtve dubine od cca.70mm. Prošireni nadvojni profil, visina 200 mm. Okvir pripravljen za spajanje s prozorskom klupicom. Dvoslojno izolacijsko neprozirno satinirano float staklo. U cijeni stavke uključiti komplet sav potreban rad i materijal prema opisu u troškovniku, kao i sve dodatne radove i materijale potrebne da se izradi kompletni prozor kao oblikovna i funkcionalna cjelina.

Izvedba: prozorska traka, s prozorima s otklopnim krilima rastera 1,01 m, uklj. spojne i panel površine
Visina prozora: 0,6 m
Koeficijent toplinske provodljivosti: min. 1,3 W/m2K. Zahtijevani koeficijent prolaza topline Uw odnosi se na cijeli prozor i uzima u obzir koeficijent prolaza topline okvira (Uf), ostakljenja (Ug min. 1,1 W/m2K) i profila za održavanje razmaka izolacijskog ostakljenja (y-vrijednost).)
Kontrola: Kontakt na zasunu za kombiniranu kontrolu otvaranja i zatvaranja, VdS razred C, skrivena ugradnja
Okovi: Poluga za otvaranje/zatvaranje prozora, s eloksiranom površinom, sa zaključavanjem, osigurana protiv pogrešne upotrebe.
Vanjska klupica za prozor: od ekstrudiranog aluminijskog profila, debljina 2 mm, boja RAL 7016 - anthrazitgrau, praškasti premaz. 50 mm izbočena iz fasade, bočno izvučena za spoj sa zidom, sidrenje s podesivim kutnikom za učvršćivanje uglavljenim odozdo, antivibracijska traka.
Boje: sukladno Kauflandovoj paleti boja",2.01,m,,0
310.010.00145,,"x..AF3..x -  PVC višedijelni  otklopni prozor visine 0,6 m","POZ P14
Dobava, izvedba i ugradnja vanjskog dvodijelnog ili višedijelnog otklopnog PVC prozora s višekomornim profilnim sustavom i dvije brtve dubine od cca.70mm. Prošireni nadvojni profil, visina 200 mm. Okvir pripravljen za spajanje s prozorskom klupicom. Dvoslojno izolacijsko neprozirno satinirano float staklo. U cijeni stavke uključiti komplet sav potreban rad i materijal prema opisu u troškovniku, kao i sve dodatne radove i materijale potrebne da se izradi kompletni prozor kao oblikovna i funkcionalna cjelina.

Izvedba: prozorska traka, s prozorima s otklopnim krilima rastera 1,01 m, uklj. spojne i panel površine
Visina prozora: 0,6 m
Koeficijent toplinske provodljivosti: min. 1,3 W/m2K. Zahtijevani koeficijent prolaza topline Uw odnosi se na cijeli prozor i uzima u obzir koeficijent prolaza topline okvira (Uf), ostakljenja (Ug min. 1,1 W/m2K) i profila za održavanje razmaka izolacijskog ostakljenja (y-vrijednost).)
Kontrola: Kontakt na zasunu za kombiniranu kontrolu otvaranja i zatvaranja, VdS razred C, skrivena ugradnja
Okovi: Poluga za otvaranje/zatvaranje prozora, s eloksiranom površinom, sa zaključavanjem, osigurana protiv pogrešne upotrebe.
Vanjska klupica za prozor: od ekstrudiranog aluminijskog profila, debljina 2 mm, boja RAL 7016 - anthrazitgrau, praškasti premaz. 50 mm izbočena iz fasade, bočno izvučena za spoj sa zidom, sidrenje s podesivim kutnikom za učvršćivanje uglavljenim odozdo, antivibracijska traka.
Boje: sukladno Kauflandovoj paleti boja",5.01,m,,0
310.010.00150,,"x..AF3..x -  PVC višedijelni  otklopni prozor visine 0,6 m","POZ F02
Dobava, izvedba i ugradnja vanjskog dvodijelnog ili višedijelnog otklopnog PVC prozora s višekomornim profilnim sustavom i dvije brtve dubine od cca.70mm. Prošireni nadvojni profil, visina 200 mm. Okvir pripravljen za spajanje s prozorskom klupicom. Dvoslojno izolacijsko neprozirno satinirano float staklo. U cijeni stavke uključiti komplet sav potreban rad i materijal prema opisu u troškovniku, kao i sve dodatne radove i materijale potrebne da se izradi kompletni prozor kao oblikovna i funkcionalna cjelina.

Izvedba: prozorska traka, s prozorima sa zaokretnim krilima rastera 1,01 m, uklj. spojne i panel površine
Visina prozora: 0,6 m
Koeficijent toplinske provodljivosti: min. 1,3 W/m2K. Zahtijevani koeficijent prolaza topline Uw odnosi se na cijeli prozor i uzima u obzir koeficijent prolaza topline okvira (Uf), ostakljenja (Ug min. 1,1 W/m2K) i profila za održavanje razmaka izolacijskog ostakljenja (y-vrijednost).)
Kontrola: Kontakt na zasunu za kombiniranu kontrolu otvaranja i zatvaranja, VdS razred C, skrivena ugradnja
Okovi: Poluga za otvaranje/zatvaranje prozora, s eloksiranom površinom, sa zaključavanjem, osigurana protiv pogrešne upotrebe.
Vanjska klupica za prozor: od ekstrudiranog aluminijskog profila, debljina 2 mm, boja RAL 7016 - anthrazitgrau, praškasti premaz. 50 mm izbočena iz fasade, bočno izvučena za spoj sa zidom, sidrenje s podesivim kutnikom za učvršćivanje uglavljenim odozdo, antivibracijska traka.
Boje: sukladno Kauflandovoj paleti boja
Prozorska krila trebaju biti spojena na sigurnosni sustav koji u slučaju požara otvara sva tri otvora - tri motora za tri krila u potpuno otvorenom položaju 90° (otvor služi za osiguranje uvjeta provjetravanja stubišta u slučaju požara, i kao takav treba ispuniti sve projektom predviđene zahtjeve).",3.01,m,,0
310.010.00155,,"x..AF5..x - PVC protuprovalni prozor dim [1,26 / 1,1] m","POZ P01
Dobava, izvedba i ugradnja vanjskog PVC prozora s višekomornim profilnim sustavom i dvije brtve dubine od cca.70mm. Prošireni nadvojni profil, visina 200 mm. Okvir pripravljen za spajanje s prozorskom klupicom. Fiksno protuprovalno ostakljenje. U cijeni stavke uključiti komplet sav potreban rad i materijal prema opisu u troškovniku, kao i sve dodatne radove i materijale potrebne da se izradi kompletni prozor kao oblikovna i funkcionalna cjelina.

Izvedba: fiksni prozor
Širina prozora: 1,26 m + 1,26 m
Visina prozora: 1,1 m
Koeficijent toplinske provodljivosti: min. 1,3 W/m2K. Zahtijevani koeficijent prolaza topline Uw odnosi se na cijeli prozor i uzima u obzir koeficijent prolaza topline okvira (Uf), ostakljenja (Ug min. 1,1 W/m2K) i profila za održavanje razmaka izolacijskog ostakljenja (y-vrijednost).) Uključena folija za zaštitiu od pogleda.
Kontrola: Kontakt na zasunu za kombiniranu kontrolu otvaranja i zatvaranja, detektor loma stakla, VdS razred C, skrivena ugradnja
Zahtjev: Protuprovalna zaštita, sigurnosno ostakljenje klase BR2 prema EN 1063
Vanjska klupica za prozor: od ekstrudiranog aluminijskog profila, debljina 2 mm, boja RAL 7016 - anthrazitgrau, praškasti premaz. 50 mm izbočena iz fasade, bočno izvučena za spoj sa zidom, sidrenje s podesivim kutnikom za učvršćivanje uglavljenim odozdo, antivibracijska traka.
Boje: sukladno Kauflandovoj paleti boja",1,kom,,0
310.020,,Vrata,,,,,0
310.030,,Ostali,,,,,0
311,,Zaštita od sunca,,,,,0
311.000,,Prethodne napomene,,,,,0
,,ZTV - Dodatni tehnički uvjeti ugovora,"1.) Dodatni ugovoreni tehnički uvjeti dio su troškovnika te u slučaju ugovaranja postaju dio ugovora. Izvođač radova se dakle obavezuje na sve radove i primjene koje proizlaze iz ovih uvjeta te su one uračunate u cijenu, ukoliko nisu zasebno ponuđene.

2.) Cijene stavki se prikazuju kao neto iznos u državnoj valuti. Važeći zakonski propisani porez na dodanu vrijednost obračunava se zasebno.

3.) U slučaju proturječnosti dodatnih ugovorenih tehničkih uvjeta vrijede prvenstveno podaci iz troškovnika. U slučaju proturječnosti između troškovnika i tehničke dokumentacije koja se predaje prilikom natječaja, vrijedi tehnička dokumentacija.

4.) Prije početka davanja ponude, ponuditelj je dužan pažljivo pročitati kompletan tekst općih uvjeta uz troškovnik, općih i posebnih uvjeta uz svaku grupu radova, tekst samog troškovnika i ostale dijelove tehničke dokumentacije. Ako opis bilo koje stavke u troškovniku dovodi do sumnje o načinu izvedbe ili upotrebu gradiva zahtijevane kvalitete, treba prije predaje ponude zatražiti pojašnjenje od ovlaštene osobe Investitora. Naknadno pozivanje na manjkavost ili nepoznavanje projektno-tehničke dokumentacije ili opisa u troškovniku neće se uzeti u obzir, niti smatrati razlogom za produženje roka izvedbe, a niti će se priznati bilo kakva razlika u cijeni s tog naslova.

5.) Tehnička dokumentacija koja se predaje prilikom natječaja informativnog je karaktera, a ponuđač je dužan u svom trošku izvršiti kontrolu projektno tehničke dokumentacije u smislu točnosti, tehničke ispravnosti, izvedivosti i međusobne usklađenosti. Sve eventualne primjedbe ponuditelj/izvoditelj dužan je pravovremeno uz ponudu, a u svakom slučaju prije izvedbe u pisanom obliku dostaviti Nadzoru i Naručitelju

6.) Ponuditelj je dužan provesti i kontrolu lokacije na licu mjesta prije davanja ponude. Jedinične cijene za pojedine vrste radova sadrže i sve one posredne troškove koji nisu iskazani u troškovniku, ali su neminovni za izvršenje radova predviđenih projektom.

7.) Organizacija gradilišta uračunata je u cijenu, ukoliko nije ponuđena kao zasebna stavka.

8.) Dizalice za podizanje, skele, strojevi, alati, pomoćna sredstva i konstrukcije uzeti su u obzir te su uračunati u jediničnu cijenu.

9.) Skele za radove na fasadi i radove na krovu predmet su ovog natječaja. Ponuditelj smije koristiti postojeće skele uz poštivanje sigurnosnih uvjeta i na vlastitu odgovornost. Preinake na skelama nisu dozvoljene te se one moraju predati u ispravnom stanju u kojem su i preuzete.

10.) Kompletnu režiju gradilišta usigurava i rješava ponuditelj/izvođač i i uključena je u jediničnu cijenu.

11.) Ponuditelj je obvezan redovno prikupljati i ,pravilno skladištiti i odvoziti na ovlašteni deponij sve otpadne materijale, ostatke, krhotine, građevinski otpad, ambalaže, obični otpad i slično o vlastitom trošku. Kod odlaganja otpada potrebno je pridržavati se svih javnopravnih uputa i propisa.

12.) Onečišćenja koja uslijed radova nastaju na susjednim terenima, zgradama, putovima, cestama, trgovima i slično, izvođač radova treba svakodnevno čistiti.

13.) Izvođač preuzima odgovornost za osiguravanje, skladištenje i spremanje vlastite građevinske opreme, strojeva, uređaja, alata i slično. Jednako vrijedi i za građevinske materijale, elemente i za ugradnju određenih uređaja i objekata sve do primopredaje obavljenih građevinskih radova.

14.) Prilikom izvođenja radova, izvoditelj treba zaštititi sve susjedne plohe, dijelove konstrukcije i prethodno izvedene radove na prikladan način a u skladu sa pravilima zaštite na radu, tako da ne dođe do oštećenja istih. Troškove zaštite treba izvoditelj ukalkulirati u ponudbenu cijenu izvođenja radova. Ukoliko ipak dođe do oštećenja prethodno izvedenih radova za koje je odgovoran izvoditelj ili njegov kooperant, dužan je iste o svom trošku dovesti u stanje prije oštećenja ili naručiti iste radove kod drugog izvoditelja na svoj teret.

15.) Sve potrebne mjere prema javnopravnim uputama i propisima za sigurnost i zaštitu zdravlja trebaju se uzeti u obzir te ih se treba pridržavati prilikom izvođenja radova.

16.) Prilikom davanja ponude i izvođenja radova treba se uzeti u obzir, uračunati i pridržavati se
- svih državnih i javnopravnih zakona, smjernica i propisa
- svih odgovarajućih tehničkih standarda, pravila i smjernica
- općeprihvaćenih pravila tehnike
- uputa, propisa i napomena proizvođača za ugradnju i obradu
- Kauflandovih građevinskih opisa, ugovorenih uvjeta i ostalih Kauflandovih dokumenata i planova.

17.) Stavke troškovnika obuhvačaju konačno dovršenje radova definiranih po količini i kvaliteti, onosno podrazumijevaju se kao gotove, potpune i funkcionirajuće, uklj. sve potrebne male dijelove i sredstva za pričvršćivanje, pomoćne materijale i sredstva, podkonstrukcije itd., kao i sve dodatne i posebne usluge - čak i kada one nisu detaljno opisane.

18.) Ako su treće stranke uključene u izvođenje predradnji, izvođač radova ih treba provjeravati. U slučaju nepravilnosti ili prigovora pravovremeno treba informirati naručitelja, tako da može tehnički i organizacijski dovršiti poslove.

19.) Obavezno se treba pridržavati svih Kauflandovih proizvodnih uputa, osim ako postoje opravdani razlozi za odstupanje (npr. dostupnost). U tom slučaju izvođač treba ponuditi istovjetni proizvod ili sustav te potvrditi istovjetnost. O njoj odlučuje naručitelj.

20.) Sustavi se izvode isključivo pomoću komponenata koje su predviđene od strane proizvođača sustava.

21.) Svi materijali, građevinski elementi i uređaji koji neposredno utječu na izgled i funkcionalnost prije ugradnje se trebaju provjeriti. Ugrađuju se tek nakon što naručitelj ili ovlaštena osoba odobri ugradnju na gradilištu. O vrsti i obliku uzorka odlučuje naručitelj.

22.) Ako nije drukčije propisano, izmjene postojećih projektnih rješenja od strane ponuditelja/izvođača a koje utječu na mehaničku stabilnost, ponuditelj/izvođač je dužan u svom trošku ishoditi sve suglasnosti, dozvole i sl.
Projekt izvedenog stanja ukalkulirati u jedničnu cijenu te dostaviti Kauflandu u pisanom i digitalnom obliku.

23.) Svi radovi na objektu te primjenjeni sistemi gradnje moraju biti izvedeni prema pravilu struke, odnosnu u granicama dopuštenih tolerancija.

24.) Ukoliko je ugovoreni termin izvršenja objekta uključen i zimski odnosno ljetni period, to se neće posebno izvođaču priznavati na ime naknade za rad pri niskoj temperaturi, zaštita konstrukcija od hladnoće i vrućine, te atmosferskih nepogoda, sve mora biti uključeno u jediničnu cijenu. Za vrijeme zime objekat se mora zaštititi. Svi eventualni smrznuti dijelovi moraju se ukloniti i izvesti ponovo bez bilo kakve naplate. Ukoliko je temperatura niža od temperature pri kojoj je dozvoljen dotični rad, a Investitor ipak traži da se radi, Izvođač si ima pravo zaračunati naknadu po normi 6,006 ali u tom slučaju Izvođač snosi punu odgovornost za ispravnost i kvalitetu rada. To isto vrijedi i za zaštitu radova tokom ljeta od prebrzog sušenja uslijed visoke temperature.

25.) U jediničnu cijenu rada izvođač treba obuhvatiti i slijedeće radove, koji se neće zasebno platiti kao naknadni rad, čak i ako nisu izričito navedenei u troškovniku:
- sve vrste transporta građevinskih materijala, elemenata, uređaja, objekata itd. do mjesta ugradnje
- potrebne i uobičajene pripreme i predobrade tla
- sve vrste bušenja, zavarivanja, lijepljenja, malih dijelova, sredstava za pričvršćivanje, međupoložaja, izolacije, brtvljenja, folija, spojeva itd. koje su potrebne za priključak, montažu i pričvršćivanje građevinskih dijelova i elemenata
- stručna priprema i priključak na sve okolne dijelove, ugradbene i nadgradne elemente i propuste
- sve izrade kutova, spojnih površina i elemenata, završnih elemenata, slobodnih krajeva itd.
- sve podloge za montažu, priključak i pričvršćivanje kao što su beton, zidani elementi, čelik, aluminij, limovi, gips karton, itd.
- potrebne spojne, kose i okrugle rezove te ostatke rezanja
- Izrada otvora i proreza za instalacije i ugradbene elemente drugih izvođača
- interno povezivanje kablovima i priključak objekata, dovod prema električnim trošilima na gradilištu od strane elektro izvođača",,,,
,,Ograničenje usluge zaštite od sunca,"U sljedećim pozicijama potrebno je uzeti u obzir i uračunati sljedeće usluge, čak i ako nisu izričito navedene:
- Pričvršćivanje na svim vrstama podloga kao što su profilni sustavi od plastike, aluminija, itd.
- eventualna oštećenja na površini i / ili slojevima pravilno ukloniti
- Kabele za priključak pogona zaštite protiv sunjca dovesti u unutrašnjost zgrade i opremiti utikačem, proboje zabrtviti
- Upravljačku jedinicu spaja električar na gradilištu",,,,
311.010,,Vanjska zaštita od sunca,,,,,0
311.010.00100,,"x..SJ6..x - Vanjske žaluzine, za pojedinačne prozore, veličine 1,26 / 1,4 m","POZ P05
Zaštitu od sunca kao vanjske lamelne žaluzine, za jednostruke prozore, uklj. dodatnu zaštitu od vjetra sukladno sustavu proizvođača. izraditi, isporučiti i montirati.

Izvedba: Jednostruka zavjesa
Aluminijske lamele: sa savijenim rubovima, 80 mm, blago zakrivljene, s premazom u prahu
Donja šina: od aluminija, s premazom u prahu
Bočna vodilica: Aluminijske vodilice, s premazom u prahu
Traka i ljestvasti svitak: od vrlo čvrstog poliestra
Rukovanje: ručno, pomoću poluge i ručice s unutarnje strane.
Širina prozorskog elementa: 1,26 m
Visina prozorskog elementa: 1,4 m
Boje: sukladno Kauflandovoj paleti boja",1,kom,,0
311.010.00105,,"x..SJ6..x - Vanjske žaluzine, za pojedinačne prozore, veličine 1,26 / 1,7 m","POZ P10
Zaštitu od sunca kao vanjske lamelne žaluzine, za jednostruke prozore, uklj. dodatnu zaštitu od vjetra sukladno sustavu proizvođača. izraditi, isporučiti i montirati.

Izvedba: Jednostruka zavjesa
Aluminijske lamele: sa savijenim rubovima, 80 mm, blago zakrivljene, s premazom u prahu
Donja šina: od aluminija, s premazom u prahu
Bočna vodilica: Aluminijske vodilice, s premazom u prahu
Traka i ljestvasti svitak: od vrlo čvrstog poliestra
Rukovanje: ručno, pomoću poluge i ručice s unutarnje strane.
Širina prozorskog elementa: 1,26 m
Visina prozorskog elementa: 1,7 m
Boje: sukladno Kauflandovoj paleti boja",1,kom,,0
311.010.00110,,"x..SJ6..x - Vanjske žaluzine, za prozorske vrpce, visine 1,7 m (SAMO KUTIJA)","POZ P07
Zaštitu od sunca kao vanjske lamelne žaluzine, za prozorske trake, u različitim pojedinačnim dimenzijama, uklj. dodatnu zaštitu od vjetra sukladno sustavu proizvođača. izraditi, isporučiti i montirati.

Isporuka kao prethodna stavka, ali samo kutije za žaluzine radi ujednačenog izgleda fasade.

Visina prozorskih traka: 1,7 m
Boje: sukladno Kauflandovoj paleti boja",2.5,m,,0
311.010.00115,,"x..SJ6..x - Vanjske žaluzine, za prozorske vrpce, visine 1,7 m","POZ P08, POZ P15, POZ P16
Zaštitu od sunca kao vanjske lamelne žaluzine, za prozorske trake, u različitim pojedinačnim dimenzijama, uklj. dodatnu zaštitu od vjetra sukladno sustavu proizvođača. izraditi, isporučiti i montirati.

Izvedba: Jednostruka zavjesa s maksimalnom širinom od 2,52 m, raster 1,26 m, uklj. spojna polja, maksimalno 2 mehanički spojene zavjese
Aluminijske lamele: sa savijenim rubovima, 80 mm, blago zakrivljene, s premazom u prahu
Donja šina: od aluminija, s premazom u prahu
Bočna vodilica: Aluminijske vodilice, s premazom u prahu
Traka i ljestvasti svitak: od vrlo čvrstog poliestra
Rukovanje: ručno, pomoću poluge i ručice s unutarnje strane.
Visina prozorskih traka: 1,7 m
Boje: sukladno Kauflandovoj paleti boja",11.25,m,,0
311.010.00120,,- maska lamela zaštite od sunca,"Dobava, izrada i postava gornja kutne maskice za prihvat paleta lamela, od obrubljenog aluminijskog lima, minimalne debljine lima 1,5 mm, obloženo prahom u nijansi RAL 7016 - anthrazitgrau otporni na ultraljubičasto zračenje.",16.5,m,,0
311.020,,Unutarnja zaštita od sunca,,,,,0
311.030,,Ostali,,,,,0
312,,Čelična vrata,,,,,
312.000,,Prethodne napomene,,,,,0
,,ZTV - Dodatni tehnički uvjeti ugovora,"1.) Dodatni ugovoreni tehnički uvjeti dio su troškovnika te u slučaju ugovaranja postaju dio ugovora. Izvođač radova se dakle obavezuje na sve radove i primjene koje proizlaze iz ovih uvjeta te su one uračunate u cijenu, ukoliko nisu zasebno ponuđene.

2.) Cijene stavki se prikazuju kao neto iznos u državnoj valuti. Važeći zakonski propisani porez na dodanu vrijednost obračunava se zasebno.

3.) U slučaju proturječnosti dodatnih ugovorenih tehničkih uvjeta vrijede prvenstveno podaci iz troškovnika. U slučaju proturječnosti između troškovnika i tehničke dokumentacije koja se predaje prilikom natječaja, vrijedi tehnička dokumentacija.

4.) Prije početka davanja ponude, ponuditelj je dužan pažljivo pročitati kompletan tekst općih uvjeta uz troškovnik, općih i posebnih uvjeta uz svaku grupu radova, tekst samog troškovnika i ostale dijelove tehničke dokumentacije. Ako opis bilo koje stavke u troškovniku dovodi do sumnje o načinu izvedbe ili upotrebu gradiva zahtijevane kvalitete, treba prije predaje ponude zatražiti pojašnjenje od ovlaštene osobe Investitora. Naknadno pozivanje na manjkavost ili nepoznavanje projektno-tehničke dokumentacije ili opisa u troškovniku neće se uzeti u obzir, niti smatrati razlogom za produženje roka izvedbe, a niti će se priznati bilo kakva razlika u cijeni s tog naslova.

5.) Tehnička dokumentacija koja se predaje prilikom natječaja informativnog je karaktera, a ponuđač je dužan u svom trošku izvršiti kontrolu projektno tehničke dokumentacije u smislu točnosti, tehničke ispravnosti, izvedivosti i međusobne usklađenosti. Sve eventualne primjedbe ponuditelj/izvoditelj dužan je pravovremeno uz ponudu, a u svakom slučaju prije izvedbe u pisanom obliku dostaviti Nadzoru i Naručitelju

6.) Ponuditelj je dužan provesti i kontrolu lokacije na licu mjesta prije davanja ponude. Jedinične cijene za pojedine vrste radova sadrže i sve one posredne troškove koji nisu iskazani u troškovniku, ali su neminovni za izvršenje radova predviđenih projektom.

7.) Organizacija gradilišta uračunata je u cijenu, ukoliko nije ponuđena kao zasebna stavka.

8.) Dizalice za podizanje, skele, strojevi, alati, pomoćna sredstva i konstrukcije uzeti su u obzir te su uračunati u jediničnu cijenu.

9.) Skele za radove na fasadi i radove na krovu predmet su ovog natječaja. Ponuditelj smije koristiti postojeće skele uz poštivanje sigurnosnih uvjeta i na vlastitu odgovornost. Preinake na skelama nisu dozvoljene te se one moraju predati u ispravnom stanju u kojem su i preuzete.

10.) Kompletnu režiju gradilišta usigurava i rješava ponuditelj/izvođač i i uključena je u jediničnu cijenu.

11.) Ponuditelj je obvezan redovno prikupljati i ,pravilno skladištiti i odvoziti na ovlašteni deponij sve otpadne materijale, ostatke, krhotine, građevinski otpad, ambalaže, obični otpad i slično o vlastitom trošku. Kod odlaganja otpada potrebno je pridržavati se svih javnopravnih uputa i propisa.

12.) Onečišćenja koja uslijed radova nastaju na susjednim terenima, zgradama, putovima, cestama, trgovima i slično, izvođač radova treba svakodnevno čistiti.

13.) Izvođač preuzima odgovornost za osiguravanje, skladištenje i spremanje vlastite građevinske opreme, strojeva, uređaja, alata i slično. Jednako vrijedi i za građevinske materijale, elemente i za ugradnju određenih uređaja i objekata sve do primopredaje obavljenih građevinskih radova.

14.) Prilikom izvođenja radova, izvoditelj treba zaštititi sve susjedne plohe, dijelove konstrukcije i prethodno izvedene radove na prikladan način a u skladu sa pravilima zaštite na radu, tako da ne dođe do oštećenja istih. Troškove zaštite treba izvoditelj ukalkulirati u ponudbenu cijenu izvođenja radova. Ukoliko ipak dođe do oštećenja prethodno izvedenih radova za koje je odgovoran izvoditelj ili njegov kooperant, dužan je iste o svom trošku dovesti u stanje prije oštećenja ili naručiti iste radove kod drugog izvoditelja na svoj teret.

15.) Sve potrebne mjere prema javnopravnim uputama i propisima za sigurnost i zaštitu zdravlja trebaju se uzeti u obzir te ih se treba pridržavati prilikom izvođenja radova.

16.) Prilikom davanja ponude i izvođenja radova treba se uzeti u obzir, uračunati i pridržavati se
- svih državnih i javnopravnih zakona, smjernica i propisa
- svih odgovarajućih tehničkih standarda, pravila i smjernica
- općeprihvaćenih pravila tehnike
- uputa, propisa i napomena proizvođača za ugradnju i obradu
- Kauflandovih građevinskih opisa, ugovorenih uvjeta i ostalih Kauflandovih dokumenata i planova.

17.) Stavke troškovnika obuhvačaju konačno dovršenje radova definiranih po količini i kvaliteti, onosno podrazumijevaju se kao gotove, potpune i funkcionirajuće, uklj. sve potrebne male dijelove i sredstva za pričvršćivanje, pomoćne materijale i sredstva, podkonstrukcije itd., kao i sve dodatne i posebne usluge - čak i kada one nisu detaljno opisane.

18.) Ako su treće stranke uključene u izvođenje predradnji, izvođač radova ih treba provjeravati. U slučaju nepravilnosti ili prigovora pravovremeno treba informirati naručitelja, tako da može tehnički i organizacijski dovršiti poslove.

19.) Obavezno se treba pridržavati svih Kauflandovih proizvodnih uputa, osim ako postoje opravdani razlozi za odstupanje (npr. dostupnost). U tom slučaju izvođač treba ponuditi istovjetni proizvod ili sustav te potvrditi istovjetnost. O njoj odlučuje naručitelj.

20.) Sustavi se izvode isključivo pomoću komponenata koje su predviđene od strane proizvođača sustava.

21.) Svi materijali, građevinski elementi i uređaji koji neposredno utječu na izgled i funkcionalnost prije ugradnje se trebaju provjeriti. Ugrađuju se tek nakon što naručitelj ili ovlaštena osoba odobri ugradnju na gradilištu. O vrsti i obliku uzorka odlučuje naručitelj.

22.) Ako nije drukčije propisano, izmjene postojećih projektnih rješenja od strane ponuditelja/izvođača a koje utječu na mehaničku stabilnost, ponuditelj/izvođač je dužan u svom trošku ishoditi sve suglasnosti, dozvole i sl.
Projekt izvedenog stanja ukalkulirati u jedničnu cijenu te dostaviti Kauflandu u pisanom i digitalnom obliku.

23.) Svi radovi na objektu te primjenjeni sistemi gradnje moraju biti izvedeni prema pravilu struke, odnosnu u granicama dopuštenih tolerancija.

24.) Ukoliko je ugovoreni termin izvršenja objekta uključen i zimski odnosno ljetni period, to se neće posebno izvođaču priznavati na ime naknade za rad pri niskoj temperaturi, zaštita konstrukcija od hladnoće i vrućine, te atmosferskih nepogoda, sve mora biti uključeno u jediničnu cijenu. Za vrijeme zime objekat se mora zaštititi. Svi eventualni smrznuti dijelovi moraju se ukloniti i izvesti ponovo bez bilo kakve naplate. Ukoliko je temperatura niža od temperature pri kojoj je dozvoljen dotični rad, a Investitor ipak traži da se radi, Izvođač si ima pravo zaračunati naknadu po normi 6,006 ali u tom slučaju Izvođač snosi punu odgovornost za ispravnost i kvalitetu rada. To isto vrijedi i za zaštitu radova tokom ljeta od prebrzog sušenja uslijed visoke temperature.

25.) U jediničnu cijenu rada izvođač treba obuhvatiti i slijedeće radove, koji se neće zasebno platiti kao naknadni rad, čak i ako nisu izričito navedenei u troškovniku:
- sve vrste transporta građevinskih materijala, elemenata, uređaja, objekata itd. do mjesta ugradnje
- potrebne i uobičajene pripreme i predobrade tla
- sve vrste bušenja, zavarivanja, lijepljenja, malih dijelova, sredstava za pričvršćivanje, međupoložaja, izolacije, brtvljenja, folija, spojeva itd. koje su potrebne za priključak, montažu i pričvršćivanje građevinskih dijelova i elemenata
- stručna priprema i priključak na sve okolne dijelove, ugradbene i nadgradne elemente i propuste
- sve izrade kutova, spojnih površina i elemenata, završnih elemenata, slobodnih krajeva itd.
- sve podloge za montažu, priključak i pričvršćivanje kao što su beton, zidani elementi, čelik, aluminij, limovi, gips karton, itd.
- potrebne spojne, kose i okrugle rezove te ostatke rezanja
- Izrada otvora i proreza za instalacije i ugradbene elemente drugih izvođača
- interno povezivanje kablovima i priključak objekata, dovod prema električnim trošilima na gradilištu od strane elektro izvođača",,,,
,,Opseg usluga čelična vrata,"U sljedećim pozicijama potrebno je uzeti u obzir i uračunati sljedeće usluge, čak i ako nisu izričito navedene:
- Ugradnju u sve vrste zidove od betona, zidanih elemenata, gips kartona, čelične konstrukcije, itd.
- Ispune okvira kod ugradnje u masivne zidove, ispuna u kvaliteti vidljivih površina
- eventualna oštećenja na površini i / ili slojevima pravilno ukloniti
- Debljinu vrata od 1,5 mm, debljinu okvira od 2,0 mm
- Okviri s konusnim rubom, prekriveno pričvršćene
- Aktivaciju pogonskog zasuna, na visini od 1,60 m iznad poda
- Vanjska vrata s limom za zatvaranje u teškoj izvedbi
- kao alternativu obuhvatnom okviru: Kutni okvir s protuokvirom
- Boju plastičnih garnitura prema Kauflandovoj paleti boja
- Primopredaju okvira za ugradnju od strane odjeljka za suhogradnju",,,,
312.010,,unutarnja vrata,,,,,
312.010.00100,,"x..IT1..x - čelična 1-krilna vrata sa zaštitom od udara, dimenzije 1,26 / 2,28 m","POZ F06
Vrata od čeličnog lima koja se sastoje od krila vrata i okvira, kao unutarnja vrata, uklj. sve brtve, okove, opreme, dodatke, itd., izraditi, isporučiti i montirati.

Referentna mjera za ugradnju: 1,26 / 2,28 m
Izvedba: Zaokretna vrata, 1-krilna, sa smjerom otvaranja ulijevo ili udesno
Okvir: Obuhvatni okvir od čeličnog lima, pocinčano i grundirano, sa širinom profila do 20 cm
Krilo vrata: Spojna konstrukcija od čeličnog lima i izolacijske ploče, pocinčana i grundirana, debljina krila min. 50 mm, debeli stepenasti rub
Šarke: konstrukcijske šarke s kuglastim ležajevima
Garnitura: Kvaka, od plastike s čeličnom jezgrom
Brava: Ugradbena brava sa zasunom, objektne kvalitete, pripremljena za profilni cilindar
Gornji zatvarač: s kliznom šinom, s integriranim sustavom za automatsko zatvaranje u slučaju nužde
Protupožarni zahtjev: sprječava širenje vatre, nepropusna i sa samostalnim zatvaranjem, EI2 90 Sa C5 prema DIN EN 13501
Naprava za zadržavanje u otvorenom položaju, ali spojena na sustav vatrodojave, te po primljenom signalu, vrata se otpuštaju potiskom gornjeg zatvarača (princip elektromagneta).
Ostalo: obostrane gumene čepaste obloge, debljine ca. 3 mm, na visini do 1,1 m visine kao zaštita od udaraca
Boje: sukladno Kauflandovoj paleti boja",1,kom,2040,2040
312.010.00105,,"x..IT2..x - čelična 1-krilna vrata sa prozorom, dimenzije 1,17 / 2,16 m","Vrata od čeličnog lima koja se sastoje od krila vrata i okvira, kao unutarnja vrata, uklj. sve brtve, okove, opreme, dodatke, itd., izraditi, isporučiti i montirati.

Referentna mjera za ugradnju: 1,17 / 2,16 m
Izvedba: Zaokretna vrata, 1-krilna, sa smjerom otvaranja ulijevo ili udesno
Okvir: Obuhvatni okvir od čeličnog lima, pocinčano i grundirano, sa širinom profila do 20 cm
Krilo vrata: Spojna konstrukcija od čeličnog lima i izolacijske ploče, pocinčana i grundirana, debljina krila min. 50 mm, s debelim stepenastim rubom, prozorom od laminiranog stakla 60/40 cm, s donjim rubom prozora na 1,40 m iznad poda
Šarke: konstrukcijske šarke s kuglastim ležajevima
Garnitura: Kvaka, od plastike s čeličnom jezgrom
Brava: Ugradbena brava sa zasunom, objektne kvalitete, pripremljena za profilni cilindar
Gornji zatvarač: s kliznom šinom, s integriranim sustavom za automatsko zatvaranje u slučaju nužde
Boje: sukladno Kauflandovoj paleti boja",1,kom,1840,1840
312.010.00110,,"x..IT4..x - čelična 1-krilna vrata sa prozorom, dimenzije 1,17 / 2,16 m","POZ B31
Vrata od čeličnog lima koja se sastoje od krila vrata i okvira, kao unutarnja vrata, uklj. sve brtve, okove, opreme, dodatke, itd., izraditi, isporučiti i montirati.

Referentna mjera za ugradnju: 1,17 / 2,16 m
Izvedba: Zaokretna vrata, 1-krilna, sa smjerom otvaranja ulijevo ili udesno
Okvir: Obuhvatni okvir od čeličnog lima, pocinčano i grundirano, sa širinom profila do 20 cm
Krilo vrata:Spojna konstrukcija od čeličnog lima i izolacijske ploče, pocinčana i grundirana, debljina krila min. 50 mm, debeli stepenasti rub
Šarke: konstrukcijske šarke s kuglastim ležajevima
Garnitura: Kvaka izvana, ručka iznutra, od plastike s čeličnom jezgrom
Brava: Ugradbena brava sa zasunom, objektne kvalitete, pripremljena za profilni cilindar
Gornji zatvarač: s kliznom šinom, s integriranim sustavom za automatsko zatvaranje u slučaju nužde
Primopredajni poklopac s kvakom i bravom s padajućim jezičkom u krilu vrata, kut otvaranja poklopca 90°- svijetla dimenzija otvora (širina/visina) 200/150 mm. Zaštitni lim kod ručke za otvaranje od plemenitog čelika obrađen brušenjem, najmanje 3 mm debljine, čvrsto povezan s primopredajnim poklopcem, širina zaštitnog lima 380 mm.
Sigurnosna brava u 4 točke, izvedba: sigurnosna garnitura, brava pripremljena za puni profilni cilindar. Okov Langschild zamjenska garnitura, protuprovalni ES3, s kuglastom kvakom izvana, ravna kvaka iznutra. Alternativno garnitura s ravnom kvakom od laganog metala.
Gornji zatvarač vrata. Električni otvarač vrata, upravlja se s radnog mjesta prostorija s trezorom/obračun blagajne. Priključak na alarmni sustav, opremanje kontaktom za zatvaranje i magnetskim kontaktom, proširenim cilindrom za ključ i praznom cijevi za kabel koja je visoko provedena iznutra. Špijunka sa širokim kutom gledanja 1,50m iznad gotovog poda.
Boje: sukladno Kauflandovoj paleti boja",1,kom,3520,3520
312.010.00115,,"x..IT5.1..x - čelična 1-krilna vrata sa prozorom, dimenzije 1,06 / 2,16 m","POZ B23
Vrata od čeličnog lima koja se sastoje od krila vrata i okvira, kao unutarnja vrata, uklj. sve brtve, okove, opreme, dodatke, itd., izraditi, isporučiti i montirati.

Referentna mjera za ugradnju: 1,06 / 2,16 m
Izvedba: Zaokretna vrata, 1-krilna, sa smjerom otvaranja ulijevo ili udesno
Okvir: Obuhvatni okvir od čeličnog lima, pocinčano i grundirano, sa širinom profila do 20 cm
Krilo vrata: Spojna konstrukcija od čeličnog lima i izolacijske ploče, pocinčana i grundirana, debljina krila min. 50 mm, s debelim stepenastim rubom, prozorom od laminiranog stakla 60/40 cm, s donjim rubom prozora na 1,40 m iznad poda
Šarke: konstrukcijske šarke s kuglastim ležajevima
Garnitura: Kvaka, od plastike s čeličnom jezgrom
Brava: Ugradbena brava sa zasunom, objektne kvalitete, pripremljena za profilni cilindar.
Gornji zatvarač: s kliznom šinom
Ostalo: Podni držač za vrata
Boje: sukladno Kauflandovoj paleti boja",1,kom,1340,1340
1240,,"x..IT6..x - čelična 1-krilna vrata zvučno izolirana dimenzije 1,06 / 2,16 m","POZ B14
Vrata od čeličnog lima koja se sastoje od krila vrata i okvira, kao unutarnja vrata, uklj. sve brtve, okove, opreme, dodatke, itd., izraditi, isporučiti i montirati.

Referentna mjera za ugradnju: 1,06 / 2,16 m
Izvedba: Zaokretna vrata, 1-krilna, sa smjerom otvaranja ulijevo ili udesno
Okvir: Obuhvatni okvir od čeličnog lima, pocinčano i grundirano, sa širinom profila do 20 cm
Krilo vrata: Spojna konstrukcija od čeličnog lima i izolacijske ploče, pocinčana i grundirana, debljina krila min. 50 mm, debeli stepenasti rub
Zahtjevi zvučne izolacije: Rw,p >= 37 dB
Šarke: konstrukcijske šarke s kuglastim ležajevima
Garnitura: Kvaka i okretna ručka, od plastike s čeličnom jezgrom
Brava: Ugradbena brava sa zasunom, objektne kvalitete, pripremljena za profilni polucilindar, s panik funkcijom prema EN 179
Gornji zatvarač: s kliznom šinom
Boje: sukladno Kauflandovoj paleti boja",1,kom,1340,1340
312.010.00125,,"x..IT7..x - čelična 1-krilna vrata za ulaz osoblja sa zaštitom od udara dimenzije 1,17 / 2,16 m","POZ B30
Vrata od čeličnog lima koja se sastoje od krila vrata i okvira, kao unutarnja vrata, uklj. sve brtve, okove, opreme, dodatke, itd., izraditi, isporučiti i montirati.

Referentna mjera za ugradnju: 1,17 / 2,16 m
Izvedba: Zaokretna vrata, 1-krilna, sa smjerom otvaranja ulijevo ili udesno
Okvir: Obuhvatni okvir od čeličnog lima, pocinčano i grundirano, sa širinom profila do 20 cm
Krilo vrata: Spojna konstrukcija od čeličnog lima i izolacijske ploče, pocinčana i grundirana, debljina krila min. 50 mm, debeli stepenasti rub
Šarke: konstrukcijske šarke s kuglastim ležajevima
Garnitura: Kvaka i ručka, od plastike s čeličnom jezgrom
Brava: Ugradbena brava sa zasunom, objektne kvalitete, pripremljena za profilni cilindar, s panik funkcijom prema EN 179
Gornji zatvarač: s kliznom šinom
Ostalo: električni otvarač vrata, otključavanje brave s kliznim vođenjem, 12V DC, radna struja, lim od nehrđajućeg čelika, debljine 2 mm, visine 200 mm, s brušenom (granulacija 240) i četkanom površinom, s jedne strane u području podnožja kao nagazni lim
Boje: sukladno Kauflandovoj paleti boja",1,kom,1650,1650
312.010.00130,,"x... IT7.1 - čelična 1-krilna vrata dimenzije 0,86 / 2,16 m","POZ B22
Vrata od čeličnog lima koja se sastoje od krila vrata i okvira, kao unutarnja vrata, uklj. sve brtve, okove, opreme, dodatke, itd., izraditi, isporučiti i montirati.

Referentna mjera za ugradnju: 0,86 / 2,16 m
Izvedba: Zaokretna vrata, 1-krilna, sa smjerom otvaranja ulijevo ili udesno
Okvir: Obuhvatni okvir od čeličnog lima, pocinčano i grundirano, sa širinom profila do 20 cm
Krilo vrata: Spojna konstrukcija od čeličnog lima i izolacijske ploče, pocinčana i grundirana, debljina krila min. 50 mm, debeli stepenasti rub
Šarke: konstrukcijske šarke s kuglastim ležajevima
Garnitura: Garnitura za zahod s kvakama od plastike s čeličnom jezgrom, U-oblik s okruglim okvirima za kvake, okviri za zahod s prikazom „Slobodno/zauzeto“
Brava: Ugradbena brava sa zasunom, objektne kvalitete, pripremljena za okove vrata za zahod
Gornji zatvarač: s kliznom šinom
Boje: sukladno Kauflandovoj paleti boja",1,kom,1250,1250
312.010.00135,,"x..IT8..x - čelična 1-krilna vrata za wc osoba smanjene pokretljivosti dimenzije 1,17 / 2,16 m","POZ B13
Vrata od čeličnog lima koja se sastoje od krila vrata i okvira, kao unutarnja vrata, uklj. sve brtve, okove, opreme, dodatke, itd., izraditi, isporučiti i montirati.

Referentna mjera za ugradnju: 1,17/2,16 m
Izvedba: Zaokretna vrata, 1-krilna, sa smjerom otvaranja ulijevo ili udesno
Okvir: Obuhvatni okvir od nehrđajućeg čelika, s brušenom (granulacija 240) i četkanom površinom, sa širinom profila do 20 cm
Krilo vrata: Spojna konstrukcija od čeličnog lima i saćastog umetka, pocinčana i s premazom u prahu, debljina vrata min. 40 mm, debeli stepenasti rub, s nakošenim donjim rubom
Šarke: trodijelne, od nehrđajućeg čelika
Garnitura: ručke s obje strane, okrugle, promjera ca. 30-36 mm, dužine najmanje 300-500mm od nehrđajućeg čelika, s brušenom (granulacija 240) i četkanom površinom, s okretnim zasunom s unutarnje i prikazom „Slobodno/zauzeto“ s vanjske strane, s okruglim okvirima, s četvrtastim klinom za otvaranje u nuždi, od nehrđajućeg čelika. Dodatna poprečna šipka ručke na visini 80 do 85 cm, na unutarnjoj strani vrata, za pomoć invalidnim osobama.
Brava: Ugradbena brava sa zasunom, objektne kvalitete, pripremljena za okove vrata za zahod, s valjkastim zasunom, dodatno vijčana brava, pripremljena za profilne polucilindre, donji rub brave ca. 1,30 m iznad gotovog poda
Marka brave: Dorma 484.
Ostalo: Lim od nehrđajućeg čelika, debljine 2 mm, visine 150 mm, s brušenom (granulacija 240) i četkanom površinom, s obje strane u području podnožja kao nagazni lim, debljine 2 mm, visine 300 mm, s brušenom (granulacija 240) i četkanom površinom, sa zaobljenim kutovima, s obje strane s gornjim rubom na 1,11 m iznad gotovog poda kao zaštitni lim
Boje: sukladno Kauflandovoj paleti boja",1,kom,2390,2390
312.010.00140,,"x..IT10..x - čelična 1-krilna vrata  dimenzije 0.96 / 2,16 m","POZ B15
Vrata od čeličnog lima koja se sastoje od krila vrata i okvira, kao unutarnja vrata, uklj. sve brtve, okove, opreme, dodatke, itd., izraditi, isporučiti i montirati.

Referentna mjera za ugradnju: 0.96 / 2,16 m
Izvedba: Zaokretna vrata, 1-krilna, sa smjerom otvaranja ulijevo ili udesno
Okvir: Kutni okvir od čeličnog lima, pocinčan i grundiran
Krilo vrata: Spojna konstrukcija od čeličnog lima i izolacijske ploče, pocinčana i grundirana, debljina krila min. 50 mm, debeli stepenasti rub
Šarke: konstrukcijske šarke s kuglastim ležajevima
Garnitura: Kvaka, od plastike s čeličnom jezgrom
Vrata s uređajem za dnevni alarm i sklopkom s ključem
Brava: Ugradbena brava sa zasunom, objektne kvalitete, pripremljena za profilni cilindar, s panik funkcijom prema EN 179.
Ostalo: Podni držač za vrata te ojačanja unutar vrata za ugradnju zaštite od udara
Boje: sukladno Kauflandovoj paleti boja",1,kom,1320,1320
312.010.00145,,"x..IT12..x - požarna čelična 1-krilna vrata dimenzije 1,06 / 2,16","POZ B12
Vrata od čeličnog lima koja se sastoje od krila vrata i okvira, kao unutarnja vrata, uklj. sve brtve, okove, opreme, dodatke, itd., izraditi, isporučiti i montirati.

Referentna mjera za ugradnju: 1,06 / 2,16 m
Izvedba: Zaokretna vrata, 1-krilna, sa smjerom otvaranja ulijevo ili udesno
Okvir: Obuhvatni okvir od čeličnog lima, pocinčano i grundirano, sa širinom profila do 20 cm
Krilo vrata: Spojna konstrukcija od čeličnog lima i izolacijske ploče, pocinčana i grundirana, debljina krila min. 50 mm, debeli stepenasti rub
Protupožarni zahtjev: sprječava širenje vatre, nepropusna i sa samostalnim zatvaranjem, EI2 30 Sa C5 prema DIN EN 13501
Šarke: konstrukcijske šarke s kuglastim ležajevima
Garnitura: Garnitura s kvakom ili s kvakom i ručkom, od plastike s čeličnom jezgrom
Brava: Ugradbena brava sa zasunom, objektne kvalitete, pripremljena za profilni cilindar, s panik funkcijom prema EN 179.
Gornji zatvarač: s kliznom šinom.
Boje: sukladno Kauflandovoj paleti boja",1,kom,1390,1390
312.010.00150,,"x..IT12..x - požarna čelična 1-krilna vrata dimenzije 1,06 / 2,16","POZ F12
Vrata od čeličnog lima koja se sastoje od krila vrata i okvira, kao unutarnja vrata, uklj. sve brtve, okove, opreme, dodatke, itd., izraditi, isporučiti i montirati.

Referentna mjera za ugradnju: 1,06 / 2,16 m
Izvedba: Zaokretna vrata, 1-krilna, sa smjerom otvaranja ulijevo ili udesno
Okvir: Obuhvatni okvir od čeličnog lima, pocinčano i grundirano, sa širinom profila do 20 cm
Krilo vrata: Spojna konstrukcija od čeličnog lima i izolacijske ploče, pocinčana i grundirana, debljina krila min. 50 mm, debeli stepenasti rub
Protupožarni zahtjev: sprječava širenje vatre, nepropusna i sa samostalnim zatvaranjem, EI2 90 Sa C5 prema DIN EN 13501
Šarke: konstrukcijske šarke s kuglastim ležajevima
Garnitura: Garnitura s kvakom ili s kvakom i ručkom, od plastike s čeličnom jezgrom
Brava: Ugradbena brava sa zasunom, objektne kvalitete, pripremljena za profilni cilindar, s panik funkcijom prema EN 179.
Gornji zatvarač: s kliznom šinom.
Boje: sukladno Kauflandovoj paleti boja",1,kom,1590,1590
312.010.00155,,"x..IT12..x - požarna čelična 1-krilna vrata dimenzije 1,06 / 2,16","POZ B21
Vrata od čeličnog lima koja se sastoje od krila vrata i okvira, kao unutarnja vrata, uklj. sve brtve, okove, opreme, dodatke, itd., izraditi, isporučiti i montirati.

Referentna mjera za ugradnju: 1,06 / 2,16 m
Izvedba: Zaokretna vrata, 1-krilna, sa smjerom otvaranja ulijevo ili udesno
Okvir: Obuhvatni okvir od čeličnog lima, pocinčano i grundirano, sa širinom profila do 20 cm
Krilo vrata: Spojna konstrukcija od čeličnog lima i izolacijske ploče, pocinčana i grundirana, debljina krila min. 50 mm, debeli stepenasti rub
Protupožarni zahtjev: sprječava širenje vatre, nepropusna i sa samostalnim zatvaranjem, EI2 30 Sa C5 prema DIN EN 13501
Šarke: konstrukcijske šarke s kuglastim ležajevima
Garnitura: Garnitura s kvakom ili s kvakom i ručkom, od plastike s čeličnom jezgrom
Brava: Ugradbena brava sa zasunom, objektne kvalitete, pripremljena za profilni cilindar, s panik funkcijom prema EN 179.
Gornji zatvarač: s kliznom šinom.
Boje: sukladno Kauflandovoj paleti boja",1,kom,1380,1380
312.010.00160,,"x..IT12.4..x - protuprovalna i požarna čelična 1-krilna vrata dimenzije 1,06 / 2,16 m","POZ F03
Vrata od čeličnog lima koja se sastoje od krila vrata i okvira, kao unutarnja vrata, uklj. sve brtve, okove, opreme, dodatke, itd., izraditi, isporučiti i montirati.

Referentna mjera za ugradnju: 1,06 / 2,16 m
Izvedba: Zaokretna vrata, 1-krilna, sa smjerom otvaranja ulijevo ili udesno
Okvir: Obuhvatni okvir od čeličnog lima, pocinčano i grundirano, sa širinom profila do 20 cm
Krilo vrata: Spojna konstrukcija od čeličnog lima i izolacijske ploče, pocinčana i grundirana, debljina krila min. 50 mm, debeli stepenasti rub
Protupožarni zahtjev: sprječava širenje vatre, nepropusna i sa samostalnim zatvaranjem, EI2 90 Sa C5 prema DIN EN 13501
Proutuprovalna zaštita: Razred otpornosti RC2 prema DIN EN 1627
Šarke: konstrukcijske šarke s kuglastim ležajevima
Garnitura: Garnitura s kvakom i ručkom, s kratkim okvirom i zaštitom kod povlačenja, od aluminija, s eloksiranom površinom
Brava: Ugradbena brava sa zasunom, objektne kvalitete, pripremljena za profilni cilindar, s panik funkcijom prema EN 179
Gornji zatvarač: s kliznom šinom
Boje: sukladno Kauflandovoj paleti boja",1,kom,1590,1590
312.010.00165,,"x..IT15..x - čelična dvokrilna vrata dimenzije u otvorenom položaju 2,17 / 2,53 m","POZ B16
Vrata od čeličnog lima koja se sastoje od krila vrata i okvira, kao unutarnja vrata, uklj. sve brtve, okove, opreme, dodatke, itd., izraditi, isporučiti i montirati.

Referentna mjera za ugradnju: 2,17 / 2,53 m
Izvedba: Zaokretna vrata, 2-krilna, sa smjerom otvaranja ulijevo ili udesno
Okvir: Obuhvatni okvir od čeličnog lima, pocinčano i grundirano, sa širinom profila do 20 cm
Krilo vrata: Spojna konstrukcija od čeličnog lima i izolacijske ploče, pocinčana i grundirana, debljina krila min. 50 mm, 3 zaštitna klina
Protupožarni zahtjev: sprječava širenje vatre, nepropusna i sa samostalnim zatvaranjem, EI2 30 Sa C5 prema DIN EN 13501.
Šarke: konstrukcijske šarke s kuglastim ležajevima
Garnitura: Garnitura s kvakom, s ručkom za aktivaciju pogonskog zasuna, od plastike s čeličnom jezgrom
Brava na pomičnoj strani vrata: Ugradbena brava sa zasunom, objektne kvalitete, pripremljena za profilni cilindar
Brava na nepomičnoj strani vrata: skrivena bravica zasuna i objektne kvalitete
Kontrola: Magnetni kontakti za kontrolu otvorenosti (2 na pomičnoj strani, 1 na nepomičnoj strani), kontrola zatvorenosti integrirana u bravu, kontakt za zatvoreno stanje na pogonskom zasunu, VdS razred C, prekrivena ugradnja
Gornji zatvarač: s kliznom šinom i regulacijom redoslijeda zatvaranja
Ostalo: Zadržavanje u otvorenom položaju pomoću magneta, vatrodojavna centrala, detektori dima s obje strane, tipka za zatvaranje vrata
Boje: sukladno Kauflandovoj paleti boja",1,kom,3890,3890
312.010.00170,,"x..IT15..x - požarna čelična dvokrilna vrata dimenzije u otvorenom položaju 2,17 / 2,53 m","POZ F05, POZ F07, POZ F11
Vrata od čeličnog lima koja se sastoje od krila vrata i okvira, kao unutarnja vrata, uklj. sve brtve, okove, opreme, dodatke, itd., izraditi, isporučiti i montirati.

Referentna mjera za ugradnju: 2,17 / 2,53 m
Izvedba: Zaokretna vrata, 2-krilna, sa smjerom otvaranja ulijevo ili udesno
Okvir: Obuhvatni okvir od čeličnog lima, pocinčano i grundirano, sa širinom profila do 20 cm
Krilo vrata: Spojna konstrukcija od čeličnog lima i izolacijske ploče, pocinčana i grundirana, debljina krila min. 50 mm, 3 zaštitna klina
Protupožarni zahtjev: sprječava širenje vatre, nepropusna i sa samostalnim zatvaranjem, EI2 90 Sa C5 prema DIN EN 13501
Šarke: konstrukcijske šarke s kuglastim ležajevima
Garnitura: Garnitura s kvakom, s ručkom za aktivaciju pogonskog zasuna, od plastike s čeličnom jezgrom
Brava na pomičnoj strani vrata: Ugradbena brava sa zasunom, objektne kvalitete, pripremljena za profilni cilindar, s panik funkcijom prema EN 179
Brava na nepomičnoj strani vrata: skrivena bravica zasuna i objektne kvalitete
Kontrola: Magnetni kontakti za kontrolu otvorenosti (2 na pomičnoj strani, 1 na nepomičnoj strani), kontrola zatvorenosti integrirana u bravu, kontakt za zatvoreno stanje na pogonskom zasunu, VdS razred C, prekrivena ugradnja
Gornji zatvarač: s kliznom šinom i regulacijom redoslijeda zatvaranja
Ostalo: Zadržavanje u otvorenom položaju pomoću magneta, vatrodojavna centrala, detektori dima s obje strane, tipka za zatvaranje vrata
Boje: sukladno Kauflandovoj paleti boja",3,kom,4250,12750
312.020,,Vanjska vrata,,,,,
312.020.00100,,"x..AT4..x čelična dvokrilna vrata dimenzije 2,17 / 2,16 m, izlaz u nuždi EN 1125","POZ B10, POZ B11
Vrata od čeličnog lima koja se sastoje od krila vrata i okvira, kao vanjska vrata, uklj. sve brtve, okove, opreme, dodatke, itd., izraditi, isporučiti i montirati.

Referentna mjera za ugradnju: 2,17 / 2,16 m
Izvedba: Zaokretna vrata, 2-krilna, sa smjerom otvaranja ulijevo ili udesno
Okvir: Obuhvatni okvir od čeličnog lima, pocinčano i grundirano, sa širinom profila do 30 cm
Krilo vrata: Spojna konstrukcija od čeličnog lima i izolacijske ploče, pocinčana i grundirana, debljina krila min. 50 mm, s donjim rubom na ca. 15 mm, 3 zaštitna klina
Koeficijent toplinske provodljivosti: min. 1,7 W/m2K
Šarke: konstrukcijske šarke s kuglastim ležajevima
Garnitura: glatko bez rozeta s vanjske strane, s unutarnje strane šipka na pomičnoj i nepomičnoj strani, od plastike s čeličnom jezgrom
Brava na pomičnoj strani vrata: Ugradbena brava sa zasunom, objektne kvalitete, pripremljena za profilni cilindar, s panik funkcijom prema EN 1125, sa samostalnim zaključavanjem
Brava na nepomičnoj strani vrata: skrivena bravica zasuna i objektne kvalitete, s panik funkcijom prema EN 1125
Kontrola: Magnetni kontakti za kontrolu otvorenosti (2 na pomičnoj strani, 1 na nepomičnoj strani), kontrola zatvorenosti integrirana u bravu, kontakt za zatvoreno stanje na pogonskom zasunu, VdS razred C, prekrivena ugradnja
Ostalo: Profil za zaštitu do kiše
Boje: sukladno Kauflandovoj paleti boja",2,kom,5850,11700
312.020.00105,,"x..AT8..x - čelična vrata dvokrilna dimenzije 2,18/ 2,16 m, NEA","POZ B01
Vrata od čeličnog lima koja se sastoje od krila vrata i okvira, kao vanjska vrata, uklj. sve brtve, okove, opreme, dodatke, itd., izraditi, isporučiti i montirati.

Referentna mjera za ugradnju: 2,18 / 2,16 m
Izvedba: Zaokretna vrata, 2-krilna, sa smjerom otvaranja ulijevo ili udesno
Okvir: Obuhvatni okvir od čeličnog lima, pocinčano i grundirano, sa širinom profila do 30 cm
Krilo vrata: Spojna konstrukcija od čeličnog lima i izolacijske ploče, pocinčana i grundirana, debljina krila min. 50 mm, s donjim rubom na ca. 15 mm, 3 zaštitna klina
Koeficijent toplinske provodljivosti: min. 1,7 W/m2K
Šarke: konstrukcijske šarke s kuglastim ležajevima
Garnitura: Garnitura s kvakom i ručkom, s ručkom za aktivaciju pogonskog zasuna, od plastike s čeličnom jezgrom
Brava na pomičnoj strani vrata: Ugradbena brava sa zasunom, objektne kvalitete, pripremljena za profilni cilindar, s panik funkcijom prema EN 179, sa samostalnim zaključavanjem
Brava na nepomičnoj strani vrata: skrivena bravica zasuna i objektne kvalitete, s panik funkcijom prema EN 179
Kontrola: Magnetni kontakti za kontrolu otvorenosti (2 na pomičnoj strani, 1 na nepomičnoj strani), kontrola zatvorenosti integrirana u bravu, kontakt za zatvoreno stanje na pogonskom zasunu, VdS razred C, prekrivena ugradnja
Ostalo: Profil za zaštitu do kiše, podni držač za vrata, kukica
Boje: sukladno Kauflandovoj paleti boja",1,kom,3280,3280
312.020.00110,,"x..AT9.1..x -  čelična vrata dvokrilna dimenzije 1,57 / 2,53 m, KKV","POZ B05
Vrata od čeličnog lima koja se sastoje od krila vrata i okvira, kao vanjska vrata, uklj. sve brtve, okove, opreme, dodatke, itd., izraditi, isporučiti i montirati.

Referentna mjera za ugradnju: 1,57 / 2,53 m
Izvedba: Zaokretna vrata, 2-krilna, sa smjerom otvaranja ulijevo ili udesno
Okvir: Obuhvatni okvir od čeličnog lima, pocinčano i grundirano, sa širinom profila do 30 cm
Krilo vrata: Spojna konstrukcija od čeličnog lima i izolacijske ploče, pocinčana i grundirana, debljina krila min. 50 mm, s donjim rubom na ca. 15 mm, 3 zaštitna klina

Koeficijent toplinske provodljivosti: min. 1,7 W/m2K
Šarke: konstrukcijske šarke s kuglastim ležajevima
Garnitura: Garnitura s kvakom i ručkom, s ručkom za aktivaciju pogonskog zasuna, od plastike s čeličnom jezgrom
Brava na pomičnoj strani vrata: Ugradbena brava sa zasunom, objektne kvalitete, pripremljena za profilni cilindar, s panik funkcijom prema EN 179, sa samostalnim zaključavanjem
Brava na nepomičnoj strani vrata: skrivena bravica zasuna i objektne kvalitete, s panik funkcijom prema EN 179
Kontrola: Magnetni kontakti za kontrolu otvorenosti (2 na pomičnoj strani, 1 na nepomičnoj strani), kontrola zatvorenosti integrirana u bravu, kontakt za zatvoreno stanje na pogonskom zasunu, VdS razred C, prekrivena ugradnja
Gornji zatvarač: s kliznom šinom, na strani na kojoj se ne nalaze šarke, regulacija redoslijeda zatvaranja
Ostalo: Profil za zaštitu do kiše, podni držač za vrata, kukica
Marka brave: Dorma SVP5000.
Boje: sukladno Kauflandovoj paleti boja",1,kom,3280,3280
312.020.00115,,"x..AT10..x - čelična 1-krilna vrata dimenzije 1,27 / 2,16 m","POZ B04
Vrata od čeličnog lima koja se sastoje od krila vrata i okvira, kao vanjska vrata, uklj. sve brtve, okove, opreme, dodatke, itd., izraditi, isporučiti i montirati.

Referentna mjera za ugradnju: 1,27 / 2,16 m
Izvedba: Zaokretna vrata, 1-krilna, sa smjerom otvaranja ulijevo ili udesno
Okvir: Obuhvatni okvir od čeličnog lima, pocinčano i grundirano, sa širinom profila do 30 cm
Krilo vrata: Spojna konstrukcija od čeličnog lima i izolacijske ploče, pocinčana i grundirana, debljina krila min. 50 mm, s donjim rubom na ca. 15 mm, 3 zaštitna klina
Koeficijent toplinske provodljivosti: min. 1,7 W/m2K
Šarke: konstrukcijske šarke s kuglastim ležajevima
Garnitura: Kvaka i ručka, od plastike s čeličnom jezgrom
Brava: Ugradbena brava sa zasunom, objektne kvalitete, pripremljena za profilni cilindar, s panik funkcijom prema EN 179, sa samostalnim zaključavanjem
Kontrola: Magnetni kontakti za kontrolu otvorenosti (2 na pomičnoj strani), kontakt na zasunu za kontrolu zatvorenosti, VdS razred C, prekrivena ugradnja
Ostalo: Profil za zaštitu do kiše, podni držač za vrata, kukica
Podni fiksator. Marka brave: Dorma SVP5000.
Boje: sukladno Kauflandovoj paleti boja",1,kom,1780,1780
312.020.00120,,"x..AT10..x - čelična 1-krilna vrata dimenzije 1,07 /  2,16 m","POZ B02, POZ B03
Vrata od čeličnog lima koja se sastoje od krila vrata i okvira, kao vanjska vrata, uklj. sve brtve, okove, opreme, dodatke, itd., izraditi, isporučiti i montirati.

Referentna mjera za ugradnju: 1,07 / 2,16 m
Izvedba: Zaokretna vrata, 1-krilna, sa smjerom otvaranja ulijevo ili udesno
Okvir: Obuhvatni okvir od čeličnog lima, pocinčano i grundirano, sa širinom profila do 30 cm
Krilo vrata: Spojna konstrukcija od čeličnog lima i izolacijske ploče, pocinčana i grundirana, debljina krila min. 50 mm, s donjim rubom na ca. 15 mm, 3 zaštitna klina
Koeficijent toplinske provodljivosti: min. 1,7 W/m2K
Šarke: konstrukcijske šarke s kuglastim ležajevima
Garnitura: Kvaka i ručka, od plastike s čeličnom jezgrom
Brava: Ugradbena brava sa zasunom, objektne kvalitete, pripremljena za profilni cilindar, s panik funkcijom prema EN 179, sa samostalnim zaključavanjem, Podna blokada.
Kontrola: Magnetni kontakti za kontrolu otvorenosti (2 na pomičnoj strani), kontakt na zasunu za kontrolu zatvorenosti, VdS razred C, prekrivena ugradnja
Marka brave: Dorma SVP5000.
Ostalo: Profil za zaštitu do kiše, podni držač za vrata, kukica
Priključak na alarmni uređaj, oprema sa zasunskim i magnetnim kontaktom, unutarnja prazna cijev za kabel. Na strani panta 3 trna, prilikom skidanja panta vrata se ne smiju ovjesiti.
Boje: sukladno Kauflandovoj paleti boja",2,kom,1780,3560
312.020.00125,,"x..AT17..x - čelična 1-krilna vrata dimenzije 1,18 / 2,16 m, izlaz u nuždi EN 179","POZ B06
Vrata od čeličnog lima koja se sastoje od krila vrata i okvira, kao vanjska vrata, uklj. sve brtve, okove, opreme, dodatke, itd., izraditi, isporučiti i montirati.

Referentna mjera za ugradnju: 1,18 / 2,16 m
Izvedba: Zaokretna vrata, 1-krilna, sa smjerom otvaranja ulijevo ili udesno
Okvir: Obuhvatni okvir od čeličnog lima, pocinčano i grundirano, sa širinom profila do 30 cm
Krilo vrata: Spojna konstrukcija od čeličnog lima i izolacijske ploče, pocinčana i grundirana, debljina krila min. 50 mm, s donjim rubom na ca. 15 mm, 3 zaštitna klina, s debelim stepenastim rubom
Koeficijent toplinske provodljivosti: min. 1,7 W/m2K
Šarke: konstrukcijske šarke s kuglastim ležajevima
Garnitura: Garnitura s kvakom i ručkom, od aluminija, eloksirana površina
Brava: Ugradbena brava sa zasunom, objektne kvalitete, pripremljena za profilni polucilindar, s panik funkcijom prema EN 179, sa samostalnim zaključavanjem
Kontrola: Magnetni kontakti za kontrolu otvorenosti (2 na pomičnoj strani), kontakt na zasunu za kontrolu zatvorenosti, VdS razred C, prekrivena ugradnja
Gornji zatvarač: s kliznom šinom, na strani na kojoj se ne nalaze šarke
Ostalo: Profil za zaštitu od kiše, podni držač za vrata
Boje: sukladno Kauflandovoj paleti boja
Marka brave: Dorma SVP5000.",1,kom,1780,1780
312.020.00130,,"x..AT28..x - Vanjska 1-krilna vrata, dimenzije 1,37/ 1,16 m","POZ B09
Višenamjenka vrata od čeličnog lima koja se sastoje od krila vrata i steznog okvira za PU sendvič panele, kao vanjska vrata, uklj. sve brtve, okove, opreme, dodatke, itd., izraditi, isporučiti i montirati.

Referentna mjera za ugradnju: 1,37/1,16 m
Izvedba: Zaokretna vrata, 1-krilna, sa smjerom otvaranja ulijevo ili udesno prema unutra
Krilo vrata: Spojna konstrukcija od čeličnog lima i izolacijske ploče, pocinčana i grundirana, debljina krila min. 50 mm
Koeficijent toplinske provodljivosti: min. 1,8 W/m2K
Šarke: konstrukcijske šarke s kuglastim ležajevima
Garnitura: ručka od aluminija, eloksirana površina, s vanjske strana glatka
Brava: pripremljena za polucilindar
Protuprovala: Povezivanje s alarmnim sustavom putem pričvršćenih magnetskih kontakata i prekidača s ključem za dnevni alarm.
Ostalo: Održavanje vrata otvorenima pomoću kuke za pričvršćivanje ili preklopne poluge, za zidnu montažu, npr. tip KWS 1011 ili KWS 1073, kako bi se izbjeglo oštećenje ručke vrata, po mogućnosti s odstojnim nosačem.
Kanal za smeće: pričvršćen izvana na fasadu, od vruće pocinčanog lima, min. 2 mm debljine, s bočnim podignutim rubovima visine otprilike 30 cm, s nosačem za učvršćenje/ podupiranje na fasadi. Širina u skladu s ugradnim otvorom cca. 1200 mm, dubina i kosina prikladne za vanjski kontejner za smeće.
Boje: sukladno Kauflandovoj paleti boja",1,kom,1150,1150
312.030,,Revizijska vratašca,,,,,
312.030.00100,,"-  protupožarna revizijska čelična 1-krilna vrata dimenzije 1,00/1,00 m","Dobava i postava tipskih protupožarnih čeličnih revizijskih vratašca u gk zidove dimenzija prema projektu. Ugradnja prema uputama proizvođača.

Svijetle dimenzije: [ 1,00/1,00 ] m
Protupožarni zahtjev: EI2 90 Sa C5 prema DIN EN 13501
Boje: sukladno Kauflandovoj paleti boja",2,kom,1050,2100
312.040,,Ostalo,,,,,0
312.040.00100,,- zidni odbojnik za vrata,"Zidni zaustavljač vrata od mekane plastike, okrugli, promjera ca. 40 mm, s držačem od nehrđajućeg čelika, uklj. sredstva za pričvršćivanje, isporučiti i montirati.",7,kom,,0
312.040.00105,,- podni odbojnik za vrata,"Podni zaustavljač vrata od mekane plastike, okrugli, promjera ca. 40 mm, s držačem od nehrđajućeg čelika, uklj. sredstva za pričvršćivanje, isporučiti i montirati.",7,kom,,0
312.050,,Prijem / puštanje u rad,,,,,0
312.050.00100,,- puštanje u rad i upute,"Puštanje u rad i obučavanje djelatnika poslovnice za vrata kao što su protupožarna vrata, vrata pod dnevnim alarmom i automatska vrata.",1,paušal,,0
312.050.00105,,- početno ispitivanje od strane stučnih osoba,"Inicijalno ispitivanje prema EN 12635 gore navedenih ručno upravljanim vratima i vratima s automatskim zatvaranjem u slučaju nužde od strane ovlaštene i priznate stručne osobe prema važećim propisima o ispitivanju u pojedinoj državi, uklj. izradu knjige o ispitivanju, potrebne naknadne provjere, ponovo vraćanje u rad.",1,paušal,,0
312.060,,održavanje,,,,,0
312.060.00100,,- godišnje održavanje,"Godišnje održavanje gore navedenih Sustava vrata, prema smjernicama zakonodavca i proizvođača sustava, s ugovorom o održavanju na 5 godina, s mogućnošću otkazivanja svake godine.",1,paušal,,0
313,,Drvena vrata,,,,,0
313.000,,Prethodne napomene,,,,,0
,,ZTV - Dodatni tehnički uvjeti ugovora,"1.) Dodatni ugovoreni tehnički uvjeti dio su troškovnika te u slučaju ugovaranja postaju dio ugovora. Izvođač radova se dakle obavezuje na sve radove i primjene koje proizlaze iz ovih uvjeta te su one uračunate u cijenu, ukoliko nisu zasebno ponuđene.

2.) Cijene stavki se prikazuju kao neto iznos u državnoj valuti. Važeći zakonski propisani porez na dodanu vrijednost obračunava se zasebno.

3.) U slučaju proturječnosti dodatnih ugovorenih tehničkih uvjeta vrijede prvenstveno podaci iz troškovnika. U slučaju proturječnosti između troškovnika i tehničke dokumentacije koja se predaje prilikom natječaja, vrijedi tehnička dokumentacija.

4.) Prije početka davanja ponude, ponuditelj je dužan pažljivo pročitati kompletan tekst općih uvjeta uz troškovnik, općih i posebnih uvjeta uz svaku grupu radova, tekst samog troškovnika i ostale dijelove tehničke dokumentacije. Ako opis bilo koje stavke u troškovniku dovodi do sumnje o načinu izvedbe ili upotrebu gradiva zahtijevane kvalitete, treba prije predaje ponude zatražiti pojašnjenje od ovlaštene osobe Investitora. Naknadno pozivanje na manjkavost ili nepoznavanje projektno-tehničke dokumentacije ili opisa u troškovniku neće se uzeti u obzir, niti smatrati razlogom za produženje roka izvedbe, a niti će se priznati bilo kakva razlika u cijeni s tog naslova.

5.) Tehnička dokumentacija koja se predaje prilikom natječaja informativnog je karaktera, a ponuđač je dužan u svom trošku izvršiti kontrolu projektno tehničke dokumentacije u smislu točnosti, tehničke ispravnosti, izvedivosti i međusobne usklađenosti. Sve eventualne primjedbe ponuditelj/izvoditelj dužan je pravovremeno uz ponudu, a u svakom slučaju prije izvedbe u pisanom obliku dostaviti Nadzoru i Naručitelju

6.) Ponuditelj je dužan provesti i kontrolu lokacije na licu mjesta prije davanja ponude. Jedinične cijene za pojedine vrste radova sadrže i sve one posredne troškove koji nisu iskazani u troškovniku, ali su neminovni za izvršenje radova predviđenih projektom.

7.) Organizacija gradilišta uračunata je u cijenu, ukoliko nije ponuđena kao zasebna stavka.

8.) Dizalice za podizanje, skele, strojevi, alati, pomoćna sredstva i konstrukcije uzeti su u obzir te su uračunati u jediničnu cijenu.

9.) Skele za radove na fasadi i radove na krovu predmet su ovog natječaja. Ponuditelj smije koristiti postojeće skele uz poštivanje sigurnosnih uvjeta i na vlastitu odgovornost. Preinake na skelama nisu dozvoljene te se one moraju predati u ispravnom stanju u kojem su i preuzete.

10.) Kompletnu režiju gradilišta usigurava i rješava ponuditelj/izvođač i i uključena je u jediničnu cijenu.

11.) Ponuditelj je obvezan redovno prikupljati i ,pravilno skladištiti i odvoziti na ovlašteni deponij sve otpadne materijale, ostatke, krhotine, građevinski otpad, ambalaže, obični otpad i slično o vlastitom trošku. Kod odlaganja otpada potrebno je pridržavati se svih javnopravnih uputa i propisa.

12.) Onečišćenja koja uslijed radova nastaju na susjednim terenima, zgradama, putovima, cestama, trgovima i slično, izvođač radova treba svakodnevno čistiti.

13.) Izvođač preuzima odgovornost za osiguravanje, skladištenje i spremanje vlastite građevinske opreme, strojeva, uređaja, alata i slično. Jednako vrijedi i za građevinske materijale, elemente i za ugradnju određenih uređaja i objekata sve do primopredaje obavljenih građevinskih radova.

14.) Prilikom izvođenja radova, izvoditelj treba zaštititi sve susjedne plohe, dijelove konstrukcije i prethodno izvedene radove na prikladan način a u skladu sa pravilima zaštite na radu, tako da ne dođe do oštećenja istih. Troškove zaštite treba izvoditelj ukalkulirati u ponudbenu cijenu izvođenja radova. Ukoliko ipak dođe do oštećenja prethodno izvedenih radova za koje je odgovoran izvoditelj ili njegov kooperant, dužan je iste o svom trošku dovesti u stanje prije oštećenja ili naručiti iste radove kod drugog izvoditelja na svoj teret.

15.) Sve potrebne mjere prema javnopravnim uputama i propisima za sigurnost i zaštitu zdravlja trebaju se uzeti u obzir te ih se treba pridržavati prilikom izvođenja radova.

16.) Prilikom davanja ponude i izvođenja radova treba se uzeti u obzir, uračunati i pridržavati se
- svih državnih i javnopravnih zakona, smjernica i propisa
- svih odgovarajućih tehničkih standarda, pravila i smjernica
- općeprihvaćenih pravila tehnike
- uputa, propisa i napomena proizvođača za ugradnju i obradu
- Kauflandovih građevinskih opisa, ugovorenih uvjeta i ostalih Kauflandovih dokumenata i planova.

17.) Stavke troškovnika obuhvačaju konačno dovršenje radova definiranih po količini i kvaliteti, onosno podrazumijevaju se kao gotove, potpune i funkcionirajuće, uklj. sve potrebne male dijelove i sredstva za pričvršćivanje, pomoćne materijale i sredstva, podkonstrukcije itd., kao i sve dodatne i posebne usluge - čak i kada one nisu detaljno opisane.

18.) Ako su treće stranke uključene u izvođenje predradnji, izvođač radova ih treba provjeravati. U slučaju nepravilnosti ili prigovora pravovremeno treba informirati naručitelja, tako da može tehnički i organizacijski dovršiti poslove.

19.) Obavezno se treba pridržavati svih Kauflandovih proizvodnih uputa, osim ako postoje opravdani razlozi za odstupanje (npr. dostupnost). U tom slučaju izvođač treba ponuditi istovjetni proizvod ili sustav te potvrditi istovjetnost. O njoj odlučuje naručitelj.

20.) Sustavi se izvode isključivo pomoću komponenata koje su predviđene od strane proizvođača sustava.

21.) Svi materijali, građevinski elementi i uređaji koji neposredno utječu na izgled i funkcionalnost prije ugradnje se trebaju provjeriti. Ugrađuju se tek nakon što naručitelj ili ovlaštena osoba odobri ugradnju na gradilištu. O vrsti i obliku uzorka odlučuje naručitelj.

22.) Ako nije drukčije propisano, izmjene postojećih projektnih rješenja od strane ponuditelja/izvođača a koje utječu na mehaničku stabilnost, ponuditelj/izvođač je dužan u svom trošku ishoditi sve suglasnosti, dozvole i sl.
Projekt izvedenog stanja ukalkulirati u jedničnu cijenu te dostaviti Kauflandu u pisanom i digitalnom obliku.

23.) Svi radovi na objektu te primjenjeni sistemi gradnje moraju biti izvedeni prema pravilu struke, odnosnu u granicama dopuštenih tolerancija.

24.) Ukoliko je ugovoreni termin izvršenja objekta uključen i zimski odnosno ljetni period, to se neće posebno izvođaču priznavati na ime naknade za rad pri niskoj temperaturi, zaštita konstrukcija od hladnoće i vrućine, te atmosferskih nepogoda, sve mora biti uključeno u jediničnu cijenu. Za vrijeme zime objekat se mora zaštititi. Svi eventualni smrznuti dijelovi moraju se ukloniti i izvesti ponovo bez bilo kakve naplate. Ukoliko je temperatura niža od temperature pri kojoj je dozvoljen dotični rad, a Investitor ipak traži da se radi, Izvođač si ima pravo zaračunati naknadu po normi 6,006 ali u tom slučaju Izvođač snosi punu odgovornost za ispravnost i kvalitetu rada. To isto vrijedi i za zaštitu radova tokom ljeta od prebrzog sušenja uslijed visoke temperature.

25.) U jediničnu cijenu rada izvođač treba obuhvatiti i slijedeće radove, koji se neće zasebno platiti kao naknadni rad, čak i ako nisu izričito navedenei u troškovniku:
- sve vrste transporta građevinskih materijala, elemenata, uređaja, objekata itd. do mjesta ugradnje
- potrebne i uobičajene pripreme i predobrade tla
- sve vrste bušenja, zavarivanja, lijepljenja, malih dijelova, sredstava za pričvršćivanje, međupoložaja, izolacije, brtvljenja, folija, spojeva itd. koje su potrebne za priključak, montažu i pričvršćivanje građevinskih dijelova i elemenata
- stručna priprema i priključak na sve okolne dijelove, ugradbene i nadgradne elemente i propuste
- sve izrade kutova, spojnih površina i elemenata, završnih elemenata, slobodnih krajeva itd.
- sve podloge za montažu, priključak i pričvršćivanje kao što su beton, zidani elementi, čelik, aluminij, limovi, gips karton, itd.
- potrebne spojne, kose i okrugle rezove te ostatke rezanja
- Izrada otvora i proreza za instalacije i ugradbene elemente drugih izvođača
- interno povezivanje kablovima i priključak objekata, dovod prema električnim trošilima na gradilištu od strane elektro izvođača",,,,
,,Ograničenje usluga za drvena vrata,"U sljedećim pozicijama potrebno je uzeti u obzir i uračunati sljedeće usluge, čak i ako nisu izričito navedene:
- Ugradnju u sve vrste zidove od betona, zidanih elemenata, gips kartona, čelične konstrukcije, itd.
- Ispune okvira kod ugradnje u masivne zidove, ispuna u kvaliteti vidljivih površina
- Boju plastičnih garnitura prema Kauflandovoj paleti boja
- Primopredaju okvira za ugradnju od strane odjeljka za suhogradnju",,,,
313.010,,unutarnja vrata,,,,,0
313.010.00100,,"x..IT26..x - PVC 1-krilna vrata dimenzije [ 0,86 / 2,16 ] m","POZ P19, POZ P20
Izrada i postava unutarnjih jednokrilnih vrata PVC izvedbe bez praga. Okvir vrata od pvc profila sa pocinčanim metalnim ojačanjem od čelika

Referentna mjera za ugradnju: [ 0,86 / 2,16 ] m
Izvedba: Zaokretna vrata, 1-krilna, sa smjerom otvaranja ulijevo ili udesno
Okvir: pvc profila sa pocinčanim metalnim ojačanjem od čelika
Krilo vrata: izvedeno od pvc sendvić panela debljine 40mm.
Izvedba rubova: savijeni
Šarke: od nehrđajućeg čelika
Garnitura: Kvaka od plastike s čeličnom jezgrom, U-oblik s okruglim okvirima kvake i brave
Brava: Ugradbena brava sa zasunom, objektne kvalitete, pripremljena za profilni cilindar
Boje: sukladno Kauflandovoj paleti boja",2,kom,,0
313.010.00105,,"x..IT26..x - PVC 1-krilna vrata dimenzije [ 0,96 / 2,16 ] m","POZ P21, POZ P22, POZ P23, POZ P24
Izrada i postava unutarnjih jednokrilnih vrata PVC izvedbe bez praga. Okvir vrata od pvc profila sa pocinčanim metalnim ojačanjem od čelika

Referentna mjera za ugradnju: [ 0,96 / 2,16 ] m
Izvedba: Zaokretna vrata, 1-krilna, sa smjerom otvaranja ulijevo ili udesno
Okvir: pvc profila sa pocinčanim metalnim ojačanjem od čelika
Krilo vrata: izvedeno od pvc sendvić panela debljine 40mm.
Izvedba rubova: savijeni
Šarke: od nehrđajućeg čelika
Garnitura: Kvaka od plastike s čeličnom jezgrom, U-oblik s okruglim okvirima kvake i brave
Brava: Ugradbena brava sa zasunom, objektne kvalitete, pripremljena za profilni cilindar
Boje: sukladno Kauflandovoj paleti boja",4,kom,,0
313.010.00110,,"x..IT26..x - PVC 1-krilna vrata dimenzije [ 1,06 / 2,16 ] m","POZ P25
Izrada i postava unutarnjih jednokrilnih vrata PVC izvedbe bez praga. Okvir vrata od pvc profila sa pocinčanim metalnim ojačanjem od čelika

Referentna mjera za ugradnju: [ 1,06 / 2,16 ] m
Izvedba: Zaokretna vrata, 1-krilna, sa smjerom otvaranja ulijevo ili udesno
Okvir: pvc profila sa pocinčanim metalnim ojačanjem od čelika
Krilo vrata: izvedeno od pvc sendvić panela debljine 40mm.
Izvedba rubova: savijeni
Šarke: od nehrđajućeg čelika
Garnitura: Kvaka od plastike s čeličnom jezgrom, U-oblik s okruglim okvirima kvake i brave
Brava: Ugradbena brava sa zasunom, objektne kvalitete, pripremljena za profilni cilindar
Boje: sukladno Kauflandovoj paleti boja",1,kom,,0
313.010.00115,,"x..IT27..x - drvena 1-krilna vrata dimenzije - ured voditelja [ 1,06 / 2,16 ] m, 47 dB","POZ D01
Vrata koja se sastoje do drvenog krila i čeličnog okvira, uklj. sve okove, sitne dijelove, sredstva za pričvršćivanje i ispunu, isporučiti, ugraditi, odnosno montirati i podesiti.

Referentna mjera za ugradnju: 1,06 / 2,16 m
Izvedba: Zaokretna vrata, 1-krilna, sa smjerom otvaranja ulijevo ili udesno
Zahtjevi zvučne izolacije: Rw,p >= 47 dB
Protuprovalna izvedba (RC2)
Okvir: Obuhvatni okvir od čeličnog lima, pocinčan i grundiran
Zid: Zid od gips kartona, debljina zida 12,5 cm
Krilo vrata: okvir od masivnog drveta ispune od cjevaste iverice
Površina: HPL ploča
Izvedba rubova: savijeni, s drvenom prevlakom, plastični rub
Šarke: od nehrđajućeg čelika
Garnitura: Kvaka od plastike s čeličnom jezgrom, U-oblik s okruglim okvirima kvake i brave
Brava: Ugradbena brava sa zasunom, objektne kvalitete, pripremljena za profilni cilindar
Boje: sukladno Kauflandovoj paleti boja",1,kom,,0
313.010.00120,,"x..IT27..x - drvena 1-krilna vrata dimenzije [ 1,06 / 2,16 ] m, 37 dB","POZ D02, POZ D03
Vrata koja se sastoje do drvenog krila i čeličnog okvira, uklj. sve okove, sitne dijelove, sredstva za pričvršćivanje i ispunu, isporučiti, ugraditi, odnosno montirati i podesiti.

Referentna mjera za ugradnju: 1,06 / 2,16 m
Izvedba: Zaokretna vrata, 1-krilna, sa smjerom otvaranja ulijevo ili udesno
Zahtjevi zvučne izolacije: Rw,p >= 37 dB
Okvir: Obuhvatni okvir od čeličnog lima, pocinčan i grundiran
Zid: Zid od gips kartona, debljina zida 12,5 cm
Krilo vrata: okvir od masivnog drveta ispune od cjevaste iverice
Površina: HPL ploča
Izvedba rubova: savijeni, s drvenom prevlakom, plastični rub
Šarke: od nehrđajućeg čelika
Garnitura: Kvaka od plastike s čeličnom jezgrom, U-oblik s okruglim okvirima kvake i brave
Brava: Ugradbena brava sa zasunom, objektne kvalitete, pripremljena za profilni cilindar
Boje: sukladno Kauflandovoj paleti boja",2,kom,,0
313.010.00125,,"x..IT27..x - drvena 1-krilna vrata za garderobe dimenzije [ 1,06 / 2,16 ] m, 37 dB","POZ D04, POZ D05
Vrata koja se sastoje do drvenog krila i čeličnog okvira, uklj. sve okove, sitne dijelove, sredstva za pričvršćivanje i ispunu, isporučiti, ugraditi, odnosno montirati i podesiti.

Referentna mjera za ugradnju: 1,06 / 2,16 m
Izvedba: Okretna vrata, 1-krilna, sa smjerom otvaranja ulijevo ili udesno
Zahtjevi zvučne izolacije: Rw,p >= 37 dB
Okvir: Obuhvatni okvir od čeličnog lima, pocinčan i grundiran
Zid: Zid od gips kartona, debljina zida 12,5 cm
Krilo vrata: okvir od masivnog drveta ispune od cjevaste iverice
Površina: HPL ploča
Izvedba rubova: savijeni, s drvenom prevlakom, plastični rub
Šarke: od nehrđajućeg čelika
Garnitura: Ručka od plastike, s okruglim okvirima brave
Brava: Ugradbena brava sa zasunom, objektne kvalitete, pripremljena za profilni cilindar, bez izbočenja s valjkastim zasunom
Marka brave: Dorma 484
Gornji zatvarač: s kliznom šinom, na strani na kojoj se ne nalaze šarke
Ostalo: Lim od nehrđajućeg čelika, debljine 2 mm, visine 200 mm, s brušenom (granulacija 240) i četkanom površinom, s jedne strane na donjoj strani krila kao nagazni lim
Boje: sukladno Kauflandovoj paleti boja",2,kom,,0
313.010.00130,,"x..IT28..x - drvena 1-krilna vrata dimenzije 0,96 / 2,16 m","POZ D06, POZ D07, POZ D08
Vrata koja se sastoje od drvenog krila i čeličnog okvira, uklj. sve okove, sitne dijelove, sredstva za pričvršćivanje i ispunu, isporučiti, ugraditi, odnosno montirati i podesiti.

Referentna mjera za ugradnju: 0,96 / 2,16 m
Izvedba: Zaokretna vrata, 1-krilna, sa smjerom otvaranja ulijevo ili udesno
Zahtjev: prikladna za vlažna područja
Okvir: Obuhvatni okvir od čeličnog lima, pocinčan i grundiran
Zid: Zid od gips kartona, debljina zida 12,5 cm
Krilo vrata: okvir od masivnog drveta, puna ispuna od iverice
Površina: HPL ploča
Izvedba rubova: savijeni, s plastičnom prevlakom
Šarke: od nehrđajućeg čelika
Garnitura: Ručka od plastike, s okruglim okvirima brave
Gornji zatvarač: s kliznom šinom, na strani na kojoj se ne nalaze šarke
Brava: Ugradbena brava sa zasunom, objektne kvalitete, pripremljena za profilni cilindar, bez izbočenja s valjkastim zasunom
Ostalo: Lim od nehrđajućeg čelika, debljine 2 mm, visine 200 mm, s brušenom (granulacija 240) površinom, s obje strane na donjoj strani krila kao nagaznim limom
Boje: sukladno Kauflandovoj paleti boja",3,kom,,0
313.020,,Ostali,,,,,0
313.020.00100,,- odbojnik zidnih vrata,"Zidni zaustavljač vrata od mekane plastike, okrugli, promjera ca. 40 mm, s držačem od nehrđajućeg čelika, uklj. sredstva za pričvršćivanje, isporučiti i montirati.",5,kom,,0
313.020.00105,,- odbojnik podnih vrata,"Podni zaustavljač vrata od mekane plastike, okrugli, promjera ca. 40 mm, s držačem od nehrđajućeg čelika, uklj. sredstva za pričvršćivanje, isporučiti i montirati.",5,kom,,0
314,,Vrata,,,,,0
314.000,,Prethodne napomene,,,,,0
,,ZTV - Dodatni tehnički uvjeti ugovora,"1.) Dodatni ugovoreni tehnički uvjeti dio su troškovnika te u slučaju ugovaranja postaju dio ugovora. Izvođač radova se dakle obavezuje na sve radove i primjene koje proizlaze iz ovih uvjeta te su one uračunate u cijenu, ukoliko nisu zasebno ponuđene.

2.) Cijene stavki se prikazuju kao neto iznos u državnoj valuti. Važeći zakonski propisani porez na dodanu vrijednost obračunava se zasebno.

3.) U slučaju proturječnosti dodatnih ugovorenih tehničkih uvjeta vrijede prvenstveno podaci iz troškovnika. U slučaju proturječnosti između troškovnika i tehničke dokumentacije koja se predaje prilikom natječaja, vrijedi tehnička dokumentacija.

4.) Prije početka davanja ponude, ponuditelj je dužan pažljivo pročitati kompletan tekst općih uvjeta uz troškovnik, općih i posebnih uvjeta uz svaku grupu radova, tekst samog troškovnika i ostale dijelove tehničke dokumentacije. Ako opis bilo koje stavke u troškovniku dovodi do sumnje o načinu izvedbe ili upotrebu gradiva zahtijevane kvalitete, treba prije predaje ponude zatražiti pojašnjenje od ovlaštene osobe Investitora. Naknadno pozivanje na manjkavost ili nepoznavanje projektno-tehničke dokumentacije ili opisa u troškovniku neće se uzeti u obzir, niti smatrati razlogom za produženje roka izvedbe, a niti će se priznati bilo kakva razlika u cijeni s tog naslova.

5.) Tehnička dokumentacija koja se predaje prilikom natječaja informativnog je karaktera, a ponuđač je dužan u svom trošku izvršiti kontrolu projektno tehničke dokumentacije u smislu točnosti, tehničke ispravnosti, izvedivosti i međusobne usklađenosti. Sve eventualne primjedbe ponuditelj/izvoditelj dužan je pravovremeno uz ponudu, a u svakom slučaju prije izvedbe u pisanom obliku dostaviti Nadzoru i Naručitelju

6.) Ponuditelj je dužan provesti i kontrolu lokacije na licu mjesta prije davanja ponude. Jedinične cijene za pojedine vrste radova sadrže i sve one posredne troškove koji nisu iskazani u troškovniku, ali su neminovni za izvršenje radova predviđenih projektom.

7.) Organizacija gradilišta uračunata je u cijenu, ukoliko nije ponuđena kao zasebna stavka.

8.) Dizalice za podizanje, skele, strojevi, alati, pomoćna sredstva i konstrukcije uzeti su u obzir te su uračunati u jediničnu cijenu.

9.) Skele za radove na fasadi i radove na krovu predmet su ovog natječaja. Ponuditelj smije koristiti postojeće skele uz poštivanje sigurnosnih uvjeta i na vlastitu odgovornost. Preinake na skelama nisu dozvoljene te se one moraju predati u ispravnom stanju u kojem su i preuzete.

10.) Kompletnu režiju gradilišta usigurava i rješava ponuditelj/izvođač i i uključena je u jediničnu cijenu.

11.) Ponuditelj je obvezan redovno prikupljati i ,pravilno skladištiti i odvoziti na ovlašteni deponij sve otpadne materijale, ostatke, krhotine, građevinski otpad, ambalaže, obični otpad i slično o vlastitom trošku. Kod odlaganja otpada potrebno je pridržavati se svih javnopravnih uputa i propisa.

12.) Onečišćenja koja uslijed radova nastaju na susjednim terenima, zgradama, putovima, cestama, trgovima i slično, izvođač radova treba svakodnevno čistiti.

13.) Izvođač preuzima odgovornost za osiguravanje, skladištenje i spremanje vlastite građevinske opreme, strojeva, uređaja, alata i slično. Jednako vrijedi i za građevinske materijale, elemente i za ugradnju određenih uređaja i objekata sve do primopredaje obavljenih građevinskih radova.

14.) Prilikom izvođenja radova, izvoditelj treba zaštititi sve susjedne plohe, dijelove konstrukcije i prethodno izvedene radove na prikladan način a u skladu sa pravilima zaštite na radu, tako da ne dođe do oštećenja istih. Troškove zaštite treba izvoditelj ukalkulirati u ponudbenu cijenu izvođenja radova. Ukoliko ipak dođe do oštećenja prethodno izvedenih radova za koje je odgovoran izvoditelj ili njegov kooperant, dužan je iste o svom trošku dovesti u stanje prije oštećenja ili naručiti iste radove kod drugog izvoditelja na svoj teret.

15.) Sve potrebne mjere prema javnopravnim uputama i propisima za sigurnost i zaštitu zdravlja trebaju se uzeti u obzir te ih se treba pridržavati prilikom izvođenja radova.

16.) Prilikom davanja ponude i izvođenja radova treba se uzeti u obzir, uračunati i pridržavati se
- svih državnih i javnopravnih zakona, smjernica i propisa
- svih odgovarajućih tehničkih standarda, pravila i smjernica
- općeprihvaćenih pravila tehnike
- uputa, propisa i napomena proizvođača za ugradnju i obradu
- Kauflandovih građevinskih opisa, ugovorenih uvjeta i ostalih Kauflandovih dokumenata i planova.

17.) Stavke troškovnika obuhvačaju konačno dovršenje radova definiranih po količini i kvaliteti, onosno podrazumijevaju se kao gotove, potpune i funkcionirajuće, uklj. sve potrebne male dijelove i sredstva za pričvršćivanje, pomoćne materijale i sredstva, podkonstrukcije itd., kao i sve dodatne i posebne usluge - čak i kada one nisu detaljno opisane.

18.) Ako su treće stranke uključene u izvođenje predradnji, izvođač radova ih treba provjeravati. U slučaju nepravilnosti ili prigovora pravovremeno treba informirati naručitelja, tako da može tehnički i organizacijski dovršiti poslove.

19.) Obavezno se treba pridržavati svih Kauflandovih proizvodnih uputa, osim ako postoje opravdani razlozi za odstupanje (npr. dostupnost). U tom slučaju izvođač treba ponuditi istovjetni proizvod ili sustav te potvrditi istovjetnost. O njoj odlučuje naručitelj.

20.) Sustavi se izvode isključivo pomoću komponenata koje su predviđene od strane proizvođača sustava.

21.) Svi materijali, građevinski elementi i uređaji koji neposredno utječu na izgled i funkcionalnost prije ugradnje se trebaju provjeriti. Ugrađuju se tek nakon što naručitelj ili ovlaštena osoba odobri ugradnju na gradilištu. O vrsti i obliku uzorka odlučuje naručitelj.

22.) Ako nije drukčije propisano, izmjene postojećih projektnih rješenja od strane ponuditelja/izvođača a koje utječu na mehaničku stabilnost, ponuditelj/izvođač je dužan u svom trošku ishoditi sve suglasnosti, dozvole i sl.
Projekt izvedenog stanja ukalkulirati u jedničnu cijenu te dostaviti Kauflandu u pisanom i digitalnom obliku.

23.) Svi radovi na objektu te primjenjeni sistemi gradnje moraju biti izvedeni prema pravilu struke, odnosnu u granicama dopuštenih tolerancija.

24.) Ukoliko je ugovoreni termin izvršenja objekta uključen i zimski odnosno ljetni period, to se neće posebno izvođaču priznavati na ime naknade za rad pri niskoj temperaturi, zaštita konstrukcija od hladnoće i vrućine, te atmosferskih nepogoda, sve mora biti uključeno u jediničnu cijenu. Za vrijeme zime objekat se mora zaštititi. Svi eventualni smrznuti dijelovi moraju se ukloniti i izvesti ponovo bez bilo kakve naplate. Ukoliko je temperatura niža od temperature pri kojoj je dozvoljen dotični rad, a Investitor ipak traži da se radi, Izvođač si ima pravo zaračunati naknadu po normi 6,006 ali u tom slučaju Izvođač snosi punu odgovornost za ispravnost i kvalitetu rada. To isto vrijedi i za zaštitu radova tokom ljeta od prebrzog sušenja uslijed visoke temperature.

25.) U jediničnu cijenu rada izvođač treba obuhvatiti i slijedeće radove, koji se neće zasebno platiti kao naknadni rad, čak i ako nisu izričito navedenei u troškovniku:
- sve vrste transporta građevinskih materijala, elemenata, uređaja, objekata itd. do mjesta ugradnje
- potrebne i uobičajene pripreme i predobrade tla
- sve vrste bušenja, zavarivanja, lijepljenja, malih dijelova, sredstava za pričvršćivanje, međupoložaja, izolacije, brtvljenja, folija, spojeva itd. koje su potrebne za priključak, montažu i pričvršćivanje građevinskih dijelova i elemenata
- stručna priprema i priključak na sve okolne dijelove, ugradbene i nadgradne elemente i propuste
- sve izrade kutova, spojnih površina i elemenata, završnih elemenata, slobodnih krajeva itd.
- sve podloge za montažu, priključak i pričvršćivanje kao što su beton, zidani elementi, čelik, aluminij, limovi, gips karton, itd.
- potrebne spojne, kose i okrugle rezove te ostatke rezanja
- Izrada otvora i proreza za instalacije i ugradbene elemente drugih izvođača
- interno povezivanje kablovima i priključak objekata, dovod prema električnim trošilima na gradilištu od strane elektro izvođača",,,,
,,Opseg ciljeva izvedbe,"U sljedećim pozicijama potrebno je uzeti u obzir i uračunati sljedeće usluge, čak i ako nisu izričito navedene:
-",,,,
314.010,,Brzopodizna vrata,,,,,0
314.010.00100,,"x..IT29..x - unutarnja brzopodizna vrata dimenzije 1,5 / 2,5 m","POZ B27
Brza vrata za unutarnji prostor s električnim pogonom, na sljedeći način izraditi, isporučiti, montirati i spojiti:

Krilo: Plastično krilo, boja prema Kauflandovoj paleti boja, zatvoreno bez prozora, donji dio sa zaštitom protiv miševa
Obloge: Bočni elementi i oklop vratila od pocinčanog čeličnog lima, lako uklonjivi
Boje: Vodilice, okvir, limene obloge i oklop za pogonsku jedinicu u RAL boji prema Kauflandovoj paleti boja
Pogon: Upravljačka jedinica s frekvencijskim pretvaračem, za nježno ubrzavanje i usporavanje u krajnjim položajima, ručica za upravljanje bez ljestvi, ručno otključavanje i upravljanje u slučaju nužde bez skidanja obloga
Sigurnosne funkcije: Zaštita od sudara odnosno zaštitna mehanika s automatskim vraćanjem u vodilice, električnom kontaktnom letvom, sigurnosnom svjetlosnom barijerom
Brzine: Brzina otvaranja min. 2,0 m/s, brzina zatvaranja min. 0,5 m/s, programabilno vrijeme otvorenosti (kod prvog puštanja u rad min. 12 s)
Izjednačavanje tereta pomoću protuutega u bočnim dijelovima

Svijetla širina prolaza: 1,5 m
Svijetla visina prolaza: 2,5 m

Referentni proizvodi: sukladno Kauflandovom opisu gradnje",1,kom,,0
314.010.00105,,"x..IT29..x - unutarnja brzopodizna vrata dimenzija 2,17 / 2,50 m","POZ B28, POZ B29
Brza vrata za unutarnji prostor s električnim pogonom, na sljedeći način izraditi, isporučiti, montirati i spojiti:

Krilo: Plastično krilo, boja prema Kauflandovoj paleti boja, zatvoreno bez prozora, donji dio sa zaštitom protiv miševa
Obloge: Bočni elementi i oklop vratila od pocinčanog čeličnog lima, lako uklonjivi
Boje: Vodilice, okvir, limene obloge i oklop za pogonsku jedinicu u RAL boji prema Kauflandovoj paleti boja
Pogon: Upravljačka jedinica s frekvencijskim pretvaračem, za nježno ubrzavanje i usporavanje u krajnjim položajima, ručica za upravljanje bez ljestvi, ručno otključavanje i upravljanje u slučaju nužde bez skidanja obloga
Sigurnosne funkcije: Zaštita od sudara odnosno zaštitna mehanika s automatskim vraćanjem u vodilice, električnom kontaktnom letvom, sigurnosnom svjetlosnom barijerom
Brzine: Brzina otvaranja min. 2,0 m/s, brzina zatvaranja min. 0,5 m/s, programabilno vrijeme otvorenosti (kod prvog puštanja u rad min. 12 s)
Izjednačavanje tereta pomoću protuutega u bočnim dijelovima

Svijetla širina prolaza: 2,17 m
Svijetla visina prolaza: 2,50 m

Referentni proizvodi: sukladno Kauflandovom opisu gradnje",2,kom,,0
314.010.00110,,"x..IT29..x - unutarnja brzopodizna vrata dimenzija 2,01 / 2,50 m","POZ B17
Brza vrata za unutarnji prostor s električnim pogonom, na sljedeći način izraditi, isporučiti, montirati i spojiti:

Krilo: Plastično krilo, boja prema Kauflandovoj paleti boja, zatvoreno bez prozora, donji dio sa zaštitom protiv miševa
Obloge: Bočni elementi i oklop vratila od pocinčanog čeličnog lima, lako uklonjivi
Boje: Vodilice, okvir, limene obloge i oklop za pogonsku jedinicu u RAL boji prema Kauflandovoj paleti boja
Pogon: Upravljačka jedinica s frekvencijskim pretvaračem, za nježno ubrzavanje i usporavanje u krajnjim položajima, ručica za upravljanje bez ljestvi, ručno otključavanje i upravljanje u slučaju nužde bez skidanja obloga
Sigurnosne funkcije: Zaštita od sudara odnosno zaštitna mehanika s automatskim vraćanjem u vodilice, električnom kontaktnom letvom, sigurnosnom svjetlosnom barijerom
Brzine: Brzina otvaranja min. 2,0 m/s, brzina zatvaranja min. 0,5 m/s, programabilno vrijeme otvorenosti (kod prvog puštanja u rad min. 12 s)
Izjednačavanje tereta pomoću protuutega u bočnim dijelovima

Svijetla širina prolaza: 2,01 m
Svijetla visina prolaza: 2,50 m

Referentni proizvodi: sukladno Kauflandovom opisu gradnje",1,kom,,0
314.010.00115,,"-Dodatna oprema za brzopodizna vrata, svjetlosna barijera","Dodatna opema za gore Navedena brzopodizna vrata: aktivacijua putem svjetlosne barijere, montaža na pod.",4,kom,,0
314.010.00120,,"- Dodatna oprema brzopodizna vrata, radarski detektori pokreta","Dodatna oprema za gore Navedena brzopodizna vrata: aktivacija putem radarskog detektora pokreta, vertikalna/zidna montaža.",4,kom,,0
314.010.00125,,"- Dodatna oprema za brzopodizna vrata, tipke","Dodatna oprema za gore Navedena brzopodizna vrata: aktivacija putem tipke, zidna montaža, ca. 1,2 m iznad poda.",4,kom,,0
314.010.00130,,"- Dodatak za brzopodizna vrata, tiskanje motiva","Dodatak za gore Navedena brza vrata, za tiskanje motiva prema Kauflandovima uputama na jednu stranu vrata, u postupku koji isključuje oštećenje, starenje i izblijeđivanje natpisa.",4,kom,,0
314.020,,Sekcijska vrata,,,,,0
314.020.00100,,"- Sekcijska vanjska vrata, dimenzije 2,8 / 2,6 m, ručna","POZ B07
Sekcijska vrata za vanjski prostor, na sljedeći način izraditi, isporučiti, montirati i spojiti:

Krilo vrata: dvostruke sekcije, od pocinčanog čeličnog lima s ispunom od PU pjene, s premazom u prahu, s prozirnim dijelom podijeljenim u sredini i dvostrukim pločama od polikarbonata, otporno na udarce i provalu, visina sekcija ca. 500 mm
Boja: Krilo s unutarnje strane slično RAL 9002 (sivo-bijelo), s vanjske strane prema Kauflandovoj paleti boja
Vrsta okova: okovi za visoko vođenje, od pocinčanog čeličnog lima
Koeficijent toplinske provodnosti: prema državnim propisima i direktivama, min. 1,8 W/m2K
Pogon: ručni s lancem od okruglog čelika
Zaključavanje i nadzor vrata: Zasun s kontaktom, magnetni kontakt montiran u okvir

Svijetla širina prolaza: 2,8 m
Svijetla visina prolaza: 2,5 m, nisko vođenje vrata do visine priključka (-1,2 m u odnosu na visinu gotovog poda), visina vrata ca. 3,7 m",1,kom,,0
314.020.00105,,"x..AT27..x - sekcijska vanjska vrata, dimenzije 2,8 / 2,6 m, električni pogon","POZ B07
Sekcijska vrata za vanjski prostor s električnim pogonom, na sljedeći način izraditi, isporučiti, montirati i spojiti:

Krilo vrata: dvostruke sekcije, od pocinčanog čeličnog lima s ispunom od PU pjene, s premazom u prahu, s prozirnim dijelom podijeljenim u sredini i dvostrukim pločama od polikarbonata, otporno na udarce i provalu, visina sekcija ca. 500 mm
Boja: Krilo s unutarnje strane slično RAL 9002 (sivo-bijelo), s vanjske strane prema Kauflandovoj paleti boja
Vrsta okova: okovi za visoko vođenje, od pocinčanog čeličnog lima
Koeficijent toplinske provodnosti: prema državnim propisima i direktivama, min. 1,8 W/m2K
Pogon: Električni pogon s vratilom, vrsta zaštite min. IP 44, s upravljanjem pomoću frekvencijskog pretvarača, elektronički krajnji prekidač, rukovanje u nuždi pomoću ručnog lanca
Sigurnosne funkcije: Sigurnosna oprema odabire se prema državnim propisima i direktivama, ali minimalno je potrebna zaštita rubova zatvaranja
Brzine: Brzina otvaranja min. 0,3 m/s, brzina zatvaranja min. 0,5 m/s
Zaključavanje i nadzor vrata: Zasun s kontaktom, magnetni kontakt montiran u okvir

Svijetla širina prolaza: 2,8 m
Svijetla visina prolaza: 2,5 m, nisko vođenje vrata do visine priključka (-1,2 m u odnosu na visinu gotovog poda), visina vrata ca. 3,7 m",1,kom,,0
314.020.00110,,"- Dodatna oprema za sekcijska vrata, otključavanje u slučaju požara","Dodatna oprema za gore Navedena sekcijska vrata, koja uključuje otključavanje u slučaju požara, prirpremljena za profilni cilindar.",1,kom,,0
314.030,,Rolo vrata,,,,,0
314.040,,Ostali,,,,,0
314.040.00100,,x..FT2..x - transportna tehnika,"Elektrohidraulička pretovarna rampa s pogonom, nosivosti 60 kN, prema DIN EN 1398 pretovarne rampe.

Ugradbena duljina 2000 mm, širina 1750 mm.
bezstupanjski pogon 1000 mm.
viseći dizajn za pristupačnost sa stražnjim dizalima.
Krug zaključavanja sekcijskih vrata i pretovarne rampe s osjetnikom svjetla, pomicanje rampe samo kada su sekcijska vrata otvorena, montaža osjetnika na okvir sekcijskih vrata, V = 1,50 m iznad gotovog poda, alternativno se pretovarna rampa aktivira preko dvosmjernog magnetskog prekidača.
Rukovanje putem upravljanja s tri ili četiri gumba (podizanje, pomak naprijed/natrag, gumb za automatsko vraćanje). Raspored komandi za pretovarnu rampu, donji rub 1,20 m.
Krug zaključavanja sekcijskih vrata i pretovarne rampe s osjetnikom svjetla, pomicanje rampe samo kada su sekcijska vrata otvorena, montaža osjetnika na okvir sekcijskih vrata, V = 1,50 m iznad gotovog poda, alternativno se pretovarna rampa aktivira preko dvosmjernog magnetskog prekidača.
Rubna zaštita
Odbojnik od sintetičkog kaučuka ili gume, visina/širina/dubina: 500/250/140 mm, boja crna, lako izmjenjiv, s čeličnom pločom za držanje. Odbojnik uvijen navojnim šipkama u rubnim zaštitnim kutnicima od punog čelika s unutarnjim navojem.
Rubni zaštitni kut otpr. 160/80/10 mm usidreni sidrima za beton u montažnu betonsku konstrukciju mjesta za pretovar.
Dodatna zaštita od udara (čelični odbojnik), izrađena od punog, pocinčanog čelika, debljine minimalno 8 mm.
Poseban slučaj specifičan za projekt: Ako je nagib između dostavnog dvorišta i zgrade veći od 2%, postoji rizik da će kamion oštetiti vanjski zid zgrade. Za svakih 1 % povećanja nagiba, vertikalni nagib kamiona povećava se za otprilike 2,5 cm u smjeru zgrade. Ova promjena u nagibu može se kompenzirati zavarivanjem odgovarajućih čeličnih odstojnih profila između vanjskog zida i udarnog odbojnika. Odstupanje od standarda (nagib 2%) uvijek je potrebno dogovoriti s Kauflandom.",1,kom,,0
314.040.00105,,"x..TA2..x - ""dock shelter"" na sekcijskim vratima skladišta","Dobava i postava DOCK SHELTERA:
Standardne dimenzije: širina 3,35 m, ugradbena dubina 0,6 m, visina montaže: gornji rub brtve vratiju 3,38 m.
Širina prednje maske od cerade 600 mm, visina gornje maske (gornja površina) 800 mm.

Debljina mateijala PVC-cerade najmanje 3,5 mm. Boja cerade crna. Duljina gornje maske od cerade) se po potrebi prilagođava visini kamiona i provjerava prema specifičnostima projekta. Montaža se izvodi tako da donji rub brtve vratiju završava cca. 30 cm ispod razine poda skladišta. Gornja cerada se djelomično razdjeljuje lamelnim oblicima. Bijele orijentacijske pruge kao pomoć kod ulaska ugrađuju se u obje prednje maske od cerade, 100 mm širine, 750 mm duljine.

Na svakoj brtvi vratiju su 2 dodatne brtve (branici) za zaštitu od povlačenja/prodora hladnoće/ulaska toplog zraka, s poteznom užadi i oprugama ovješene na gornjem okviru brtve vratiju. Kutni brtveni jastuci u obliku cilindra s punjenjem od pjene (bez FCKW) i omotom otpornim na habanje, ojačanim mrežom od PVC-cerade s poliesterskom nosivim tkanjem.

Način izvedbe 1
Fleksibilna brtva vratiju sa zonama nabiranja, koje se bočno mogu izbjeći, konstrukcija s aluminijskim okvirom, prednji i stražnji elementi okvira spojeni zglobnim krakom s fleksibilnim opružnim vijcima. Brtva vratiju u zidnoj montaži s ugrađenim olukom za kišnicu na gornjoj plohi. Veličina usklađena s veličinom zabrtvljenog otvora. Gornje i bočne obloge od crnih PVC-cerada i mrežnih sustava otpornih na trenje i habanje.",1,kom,,0
314.050,,Prijem / puštanje u rad,,,,,0
314.050.00100,,- puštanje u rad i upute,Puštanje u rad i obučavanje o gore navedenim Sustavima vrata.,1,paušal,,0
314.050.00105,,- početno ispitivanje od strane stručnjaka,"Inicijalno ispitivanje prema EN 12635 gore navedenih sustava vrata u slučaju nužde od strane ovlaštene i priznate stručne osobe prema važećim propisima o ispitivanju u pojedinoj državi, uklj. izradu knjige o ispitivanju, potrebne naknadne provjere, ponovo vraćanje u rad.",1,paušal,,0
314.060,,održavanje,,,,,0
314.060.00100,,- godišnje održavanje,"Godišnje održavanje gore navedenih Sustava vrata, prema smjernicama zakonodavca i proizvođača sustava, s ugovorom o održavanju na 5 godina, s mogućnošću otkazivanja svake godine.",1,paušal,,0
