,,,,,,,,,,
Bill of Quantities,,,,,,,,,,
02/24/2025 12:58:24,,,,,,,,,,
,,,,,,,,,,
Kaufland Hrvatska k.d.,,,,,,,,,,
"Donje svetice 14 10000 Zagreb, Croatia",,,,,,,,,,
Phone: 0994344287,,,,,,,,,,
,,,,,,,,,,
Project: Osijek-Retfala,,,,,,,,,,
"Construction site: Svilajska ul., 31000 Osijek",,,,,,,,,,
Bid package: Građevinsko- obrtnički radovi (S2),,,,,,,,,,
,,,,,,,,,,
,,,,,,,,,,
,,Net total,,,,,265000,,,
,,Discount,0%,,,,0,,,
,,Total amount incl. discount,,,,,265000,,,
,,Statutory VAT,0%,,,,0,,,
,,Gross total,,,,,265000,,,
,,Cash discount/Deadline in days,0%,0,,,0,,,
,,Gross total (cash discount applied),,,,,265000,,,
,,,,,,,,,,
,,,,,,,,,,
Code,Type,Short description,Long description,Quantity,Unit,Unit price,Net total,bidderInputLabels,,
,,,,,,,,,,
200,,Građevinski i niskogradnja,,,,,,,,
201,,Oprema gradilišta,,,,,0,,,
201.000,,Opći uvjeti i napomene,,,,,0,,,
,,ZTV - Dodatni tehnički uvjeti ugovora,"1.) Dodatni ugovoreni tehnički uvjeti dio su troškovnika te u slučaju ugovaranja postaju dio ugovora. Izvođač radova se dakle obavezuje na sve radove i primjene koje proizlaze iz ovih uvjeta te su one uračunate u cijenu, ukoliko nisu zasebno ponuđene.

2.) Cijene stavki se prikazuju kao neto iznos u državnoj valuti. Važeći zakonski propisani porez na dodanu vrijednost obračunava se zasebno.

3.) U slučaju proturječnosti dodatnih ugovorenih tehničkih uvjeta vrijede prvenstveno podaci iz troškovnika. U slučaju proturječnosti između troškovnika i tehničke dokumentacije koja se predaje prilikom natječaja, vrijedi tehnička dokumentacija.

4.) Prije početka davanja ponude, ponuditelj je dužan pažljivo pročitati kompletan tekst općih uvjeta uz troškovnik, općih i posebnih uvjeta uz svaku grupu radova, tekst samog troškovnika i ostale dijelove tehničke dokumentacije. Ako opis bilo koje stavke u troškovniku dovodi do sumnje o načinu izvedbe ili upotrebu gradiva zahtijevane kvalitete, treba prije predaje ponude zatražiti pojašnjenje od ovlaštene osobe Investitora. Naknadno pozivanje na manjkavost ili nepoznavanje projektno-tehničke dokumentacije ili opisa u troškovniku neće se uzeti u obzir, niti smatrati razlogom za produženje roka izvedbe, a niti će se priznati bilo kakva razlika u cijeni s tog naslova.

5.) Tehnička dokumentacija koja se predaje prilikom natječaja informativnog je karaktera, a ponuđač je dužan u svom trošku izvršiti kontrolu projektno tehničke dokumentacije u smislu točnosti, tehničke ispravnosti, izvedivosti i međusobne usklađenosti. Sve eventualne primjedbe ponuditelj/izvoditelj dužan je pravovremeno uz ponudu, a u svakom slučaju prije izvedbe u pisanom obliku dostaviti Nadzoru i Naručitelju

6.) Ponuditelj je dužan provesti i kontrolu lokacije na licu mjesta prije davanja ponude. Jedinične cijene za pojedine vrste radova sadrže i sve one posredne troškove koji nisu iskazani u troškovniku, ali su neminovni za izvršenje radova predviđenih projektom.

7.) Organizacija gradilišta uračunata je u cijenu, ukoliko nije ponuđena kao zasebna stavka.

8.) Dizalice za podizanje, skele, strojevi, alati, pomoćna sredstva i konstrukcije uzeti su u obzir te su uračunati u jediničnu cijenu.

9.) Skele za radove na fasadi i radove na krovu predmet su ovog natječaja. Ponuditelj smije koristiti postojeće skele uz poštivanje sigurnosnih uvjeta i na vlastitu odgovornost. Preinake na skelama nisu dozvoljene te se one moraju predati u ispravnom stanju u kojem su i preuzete.

10.) Kompletnu režiju gradilišta usigurava i rješava ponuditelj/izvođač i i uključena je u jediničnu cijenu.

11.) Ponuditelj je obvezan redovno prikupljati i ,pravilno skladištiti i odvoziti na ovlašteni deponij sve otpadne materijale, ostatke, krhotine, građevinski otpad, ambalaže, obični otpad i slično o vlastitom trošku. Kod odlaganja otpada potrebno je pridržavati se svih javnopravnih uputa i propisa.

12.) Onečišćenja koja uslijed radova nastaju na susjednim terenima, zgradama, putovima, cestama, trgovima i slično, izvođač radova treba svakodnevno čistiti.

13.) Izvođač preuzima odgovornost za osiguravanje, skladištenje i spremanje vlastite građevinske opreme, strojeva, uređaja, alata i slično. Jednako vrijedi i za građevinske materijale, elemente i za ugradnju određenih uređaja i objekata sve do primopredaje obavljenih građevinskih radova.

14.) Prilikom izvođenja radova, izvoditelj treba zaštititi sve susjedne plohe, dijelove konstrukcije i prethodno izvedene radove na prikladan način a u skladu sa pravilima zaštite na radu, tako da ne dođe do oštećenja istih. Troškove zaštite treba izvoditelj ukalkulirati u ponudbenu cijenu izvođenja radova. Ukoliko ipak dođe do oštećenja prethodno izvedenih radova za koje je odgovoran izvoditelj ili njegov kooperant, dužan je iste o svom trošku dovesti u stanje prije oštećenja ili naručiti iste radove kod drugog izvoditelja na svoj teret.

15.) Sve potrebne mjere prema javnopravnim uputama i propisima za sigurnost i zaštitu zdravlja trebaju se uzeti u obzir te ih se treba pridržavati prilikom izvođenja radova.

16.) Prilikom davanja ponude i izvođenja radova treba se uzeti u obzir, uračunati i pridržavati se
- svih državnih i javnopravnih zakona, smjernica i propisa
- svih odgovarajućih tehničkih standarda, pravila i smjernica
- općeprihvaćenih pravila tehnike
- uputa, propisa i napomena proizvođača za ugradnju i obradu
- Kauflandovih građevinskih opisa, ugovorenih uvjeta i ostalih Kauflandovih dokumenata i planova.

17.) Stavke troškovnika obuhvačaju konačno dovršenje radova definiranih po količini i kvaliteti, onosno podrazumijevaju se kao gotove, potpune i funkcionirajuće, uklj. sve potrebne male dijelove i sredstva za pričvršćivanje, pomoćne materijale i sredstva, podkonstrukcije itd., kao i sve dodatne i posebne usluge - čak i kada one nisu detaljno opisane.

18.) Ako su treće stranke uključene u izvođenje predradnji, izvođač radova ih treba provjeravati. U slučaju nepravilnosti ili prigovora pravovremeno treba informirati naručitelja, tako da može tehnički i organizacijski dovršiti poslove.

19.) Obavezno se treba pridržavati svih Kauflandovih proizvodnih uputa, osim ako postoje opravdani razlozi za odstupanje (npr. dostupnost). U tom slučaju izvođač treba ponuditi istovjetni proizvod ili sustav te potvrditi istovjetnost. O njoj odlučuje naručitelj.

20.) Sustavi se izvode isključivo pomoću komponenata koje su predviđene od strane proizvođača sustava.

21.) Svi materijali, građevinski elementi i uređaji koji neposredno utječu na izgled i funkcionalnost prije ugradnje se trebaju provjeriti. Ugrađuju se tek nakon što naručitelj ili ovlaštena osoba odobri ugradnju na gradilištu. O vrsti i obliku uzorka odlučuje naručitelj.

22.) Ako nije drukčije propisano, izmjene postojećih projektnih rješenja od strane ponuditelja/izvođača a koje utječu na mehaničku stabilnost, ponuditelj/izvođač je dužan u svom trošku ishoditi sve suglasnosti, dozvole i sl.
Projekt izvedenog stanja ukalkulirati u jedničnu cijenu te dostaviti Kauflandu u pisanom i digitalnom obliku.

23.) Svi radovi na objektu te primjenjeni sistemi gradnje moraju biti izvedeni prema pravilu struke, odnosnu u granicama dopuštenih tolerancija.

24.) Ukoliko je ugovoreni termin izvršenja objekta uključen i zimski odnosno ljetni period, to se neće posebno izvođaču priznavati na ime naknade za rad pri niskoj temperaturi, zaštita konstrukcija od hladnoće i vrućine, te atmosferskih nepogoda, sve mora biti uključeno u jediničnu cijenu. Za vrijeme zime objekat se mora zaštititi. Svi eventualni smrznuti dijelovi moraju se ukloniti i izvesti ponovo bez bilo kakve naplate. Ukoliko je temperatura niža od temperature pri kojoj je dozvoljen dotični rad, a Investitor ipak traži da se radi, Izvođač si ima pravo zaračunati naknadu po normi 6,006 ali u tom slučaju Izvođač snosi punu odgovornost za ispravnost i kvalitetu rada. To isto vrijedi i za zaštitu radova tokom ljeta od prebrzog sušenja uslijed visoke temperature.

25.) U jediničnu cijenu rada izvođač treba obuhvatiti i slijedeće radove, koji se neće zasebno platiti kao naknadni rad, čak i ako nisu izričito navedenei u troškovniku:
- sve vrste transporta građevinskih materijala, elemenata, uređaja, objekata itd. do mjesta ugradnje
- potrebne i uobičajene pripreme i predobrade tla
- sve vrste bušenja, zavarivanja, lijepljenja, malih dijelova, sredstava za pričvršćivanje, međupoložaja, izolacije, brtvljenja, folija, spojeva itd. koje su potrebne za priključak, montažu i pričvršćivanje građevinskih dijelova i elemenata
- stručna priprema i priključak na sve okolne dijelove, ugradbene i nadgradne elemente i propuste
- sve izrade kutova, spojnih površina i elemenata, završnih elemenata, slobodnih krajeva itd.
- sve podloge za montažu, priključak i pričvršćivanje kao što su beton, zidani elementi, čelik, aluminij, limovi, gips karton, itd.
- potrebne spojne, kose i okrugle rezove te ostatke rezanja
- Izrada otvora i proreza za instalacije i ugradbene elemente drugih izvođača
- interno povezivanje kablovima i priključak objekata, dovod prema električnim trošilima na gradilištu od strane elektro izvođača",,,,,,,
,,Dodatne opće informacije,"Ukoliko unutar opisa stavke nije navedeno drukčije, jediničnom cijenom obuhvatiti i:
- Proizvodnju odnosno dostavu
- Sastavljanje odnosno montažu
- Priključak
- Pripravnost i održavanje tijekom cijelog perioda izvođenja radova ili tijekom trajanja pojedine mjere
- Rastavljanje nakon završetka građevinske ili pojedine mjere, nakon što više nema potrebe ili nakon naredbe naručitelja
- Odvoz odnosno odlaganje
- sanitarni kontejner",,,,,,,
201.010,,Opći objekt na gradilištu,,,,,0,,,
201.010.00100,,- Općenita organizacija gradilišta,"Općenita organizacija gradilišta za sve radove koje su navedene u ovom troškovniku ili samo za one koje se odnose na izvođača, tijekom cijelog trajanja građevinskih radova do primopredaje, sastoji se od:
- Pripreme i izrade potrebnih pristupnih puteva unutar gradilišta i na spoju sa postojećom infrastrukturom, skladišnih površina i površina za postavljanje kontejnera na gradilištu
- Osiguravanja pristupa i izlaza s gradilišta, ishođenja svih potrebnih javnopravnih dozvola i realizacije odgovarajućih mjera i propisa
- Uređaja, kranova, dizala, alata i pomoćnih sredstava, itd. koji su potrebni za izvođenje radova izvođača i podizvođača.
- Skela, dizalica, radnih platformi, itd. koji su potrebni za izvođenje radova izvođača i podizvođača - ukoliko nisu zasebno navedeni u opisu stavke
- Čišćenja prometnih putova na terenu, javnih prometnica i pješačkih putova na terenu od nečistoća odnosno onečišćenja koje proizlaze iz radova, svakodnevno ili po potrebi
- Sigurnosnih prometnih mjera, pogotovo na prometnim putovima na terenu, javnim prometnicama i pješačkim putovima na terenu, uklj. čišćenje snijega
- Dnevnih smještaja, sanitarnih čvorova, kontejnera za skladištenje radnog materijala i alata za izvođača i njegove podizvođače
- Uklanjanje oštećenja koje nastaje tijekom izvođenja radova na susjednim ili javnim terenima, cestama, pješačkim putovima, itd.
- pribavljanja i pripreme dodatnih površina za organizaciju gradilišta koje će se nakon završetka radova ponovo vratiti u prvotno stanje - ukoliko površine koje je pripremio naručitelj nisu dovoljne
- Svih sigurnosnih mjera koje su potrebne prema državnim zakonskim propisima, kao što su pregrade, zaštite od propadanja ili pada, kako bi se osigurala opasna područja
- Izrade stepenica za hitne slučajeve, platforma, itd., kako bi se osigurao siguran pristup svim područjima na gradilištu
- Imenovanja voditelja gradilišta i osobe odgovorne za sigurnost na radu u skladu s državnim zakonskim propisima za sve usluge naručitelja i njegovih podizvođača
- Mjera za sprječavanje nezgoda na terenu, susjednim terenima, javnim prometnicama i putovima za kupce
- Oprema za prvu pomoć u skladu s javnopravnim propisima za naručitelja i sve njegove podizvođače te za treće stranke i naručitelja
- dodatne usluge i mjere koje su potrebne prema državnim zakonskim propisima i javnopravnim uputama
- Planiranje i provedba mogućih potrebnih mjera za sprječavanje buke",1,paušal,,,,0,
201.020,,Opskrba strujom i vodom na gradilištu,,,,,0,,,
201.020.00100,,- mrežno napajanje,"Potpuno spreman sustav opskrbe struje na gradilištu koji se sastoji od:
- Priključni ormar
- Ormara s brojilom
- Razvodi struje za gradilište (minimalno 6 x 16A/230V, 2 x 16A/400V, 1 x 32A/400V)
- Priključnih vodova
uklj. usklađivanje s distributerima, mrežne i priključne troškove, potrošnju i redovne tehničke provjere.
Izvedba u vanjskim prostorima s 2 komada, u unutarnjim prostorima na svakom katu na maksimalnoj udaljenosti od 50 m na vanjskom zidu te za opskrbu kontejnera.
Priključak na javnu mrežu s maksimalnim razmakom od 50 m počevši od granice terena.",1,paušal,,,,0,
201.020.00110,,- gradilišna vodoopskrba,"Potpuno spreman sustav opskrbe vode na gradilištu koji se sastoji od:
- Brojila za vodu
- Mjesta za crpljenje
- Priključnih vodova
uklj. usklađivanje s distributerima, mrežne i priključne troškove te potrošnju.
Izvedba u vanjskim i unutarnjim prostorima s po 2 komada kao i za opskrbu kontejnera.
Priključak na javnu mrežu s maksimalnim razmakom od 10 m počevši od granice terena.",1,paušal,,,,0,
201.030,,Gradilišna rasvjeta,,,,,0,,,
201.030.00100,,- unutarnja rasvjeta zgrade,"Potpuno spreman sustav rasvjete u zgradi koji se sastoji se od:
- Svjetiljki
- Električne mreže
- prema potrebi dodatnih razvodnih kutija
- Upravljačkog sustava rasvjete
za rasvjetu cestovnih priključaka i svih drugih područja koje bez rasvjete nije moguće koristiti na siguran način. Intenzitet rasvjete u skladu s državnim propisima.",1,paušal,,,,0,
201.030.00105,,- Vanjska rasvjeta zgrade,"Potpuno spreman sustav rasvjete u vanjskim prostorima koji se sastoji se od:
- Svjetiljki
- Električne mreže
- prema potrebi dodatnih razvodnih kutija
- Upravljačkog sustava rasvjete
za rasvjetu kolnih prilaza, cestovnih priključaka i svih drugih područja koje bez rasvjete nije moguće koristiti na siguran način. Intenzitet rasvjete u skladu s državnim propisima.
-Drveni impregnirani rasvjetni stup od 8m na rubu parcele (Kapelska ulica)- 3 kom. Stavka uključuje dobavu i montažu. Rasvjetno tijelo dobavlja naručitelj",1,paušal,,,,0,
201.040,,Građevinski kontejner,,,,,0,,,
201.040.00105,,- kontejner za ured / sastanak,"Minimalna oprema kombiniranog kontejnera za ured / sastanke koji koristi isključivo naručitelj uključuje:
- Ulazna vrata izvedena kao sigurnosna vrata s bravom
- Prozor izveden kao sigurnosni prozor s preklopnim zastorima ili roletama
- Rasvjeta
- električno grijanje
- Telefonski i faks priključak, telefon i faks, pisač u boji / fotokopirni uređaj do DIN A3
- Mala kuhinja sa sudoperom, hladnjakom, 2 električne ploče i bojlerom
- Pojedinačni zahod s umivaonikom, ogledalom, držačem, kukicom za ručnik i bojlerom
- 2 radna mjesta s radnim stolom, lampom, pomoćnim stolićem, ormarom s bravom i okretnom stolicom na kotačima
- Prostor za sastanke s 4 stola, 10 stolica, 2 ormara za dokumente, flipchart pločom i magnetskim zidom
- Letve za pričvršćivanje planova s magnetima
Održavanje uključuje tjedno čišćenje i punjenje potrošnih materijala (zahod i uredski uređaji). Potrošnja vode, otpadnih voda i struje treba biti uračunata u troškove opskrbe struje odnosno vode na gradilištu.",1,kom,,,,0,
201.050,,Građevinski znak,,,,,0,,,
201.050.00110,,"- građevinska tabla tip 3; 5,0x2,8m","Građevinska tabla tipa 3, sastoji se od:
- Glavne ploče, dimenzije 5,0 x 2,8 m, od Dibond aluminija, otporna na savijanje
- Dodatne ploče, dimenzije 5,0 x 0,8 m, od Dibond aluminija, otporna na savijanje
- Dodatne ploče, dimenzije 5,0 x 0,5 m, od Dibond aluminija, otporna na savijanje
- Teksta i grafike, otporni na UV zrake i vremenske uvjete s postojanim bojama
- Sadržaj i tlocrt prema uputama i odobrenju naručitelja
- Temelja i podkonstrukcija prema odabiru izvođača, čvrsti i otporni na olujne uvjete, jednostavno skidanje
Način postavljanja i skidanja te lokacija plakata dogovaraju se s Kauflandom.",1,kom,,,,0,
201.060,,Ograda gradilišta,,,,,0,,,
201.060.00100,,- građevinska ograda,"Građevinska ograda od mobilnih čeličnih elemenata s rešetkom, uklj. potporne noge od betona i vijčane spojeve između elemenata, izvedba na granici terena.

Visina ograde ca. 2,0 m",380,m,,,,0,
201.070,,Zaštitne mjere,,,,,0,,,
201.080,,Zimski građevinski radovi,,,,,0,,,
201.090,,Privremena rješenja,,,,,0,,,
201.100,,Ostali,,,,,0,,,
202,,Rušilaćki radovi,,,,,0,,,
202.000,,Prethodne napomene,,,,,0,,,
,,ZTV - Dodatni tehnički uvjeti ugovora,"1.) Dodatni ugovoreni tehnički uvjeti su dio opisa usluga te u slučaju narudžbe postaju dio ugovora. Izvođač radova se dakle obavezuje na sve usluge i primjene koje proizlaze iz ovih uvjeta te su one uračunate u cijenu, ukoliko nisu zasebno ponuđene.

2.) Usluge se prikazuju kao neto iznos u državnoj valuti. Važeći zakonski propisani porez na dodanu vrijednost obračunava se zasebno.

3.) U slučaju proturječnosti dodatnih ugovorenih tehničkih uvjeta vrijede prvenstveno podaci iz popisa usluga. U slučaju proturječnosti između popisa usluga i planske dokumentacije koja se predaje prilikom natječaja, vrijedi planska dokumentacija.

4.) Ponuditelj se prije izdavanja ponude detaljno informirao o građevinskim zadaćama koje treba izvesti, ukoliko su povezane s ponuđenim i planiranim uslugama, tako da na temelju popisa usluga nema nikakvih nejasnoća kod obračuna. Naknadne reklamacije koje proizlaze iz nepoznavanja natječajne dokumentacije neće se uvažavati.

5.) Planovi i u njima navedeni objekti koji se izdaju prilikom natječaja služe za informaciju. Ta dokumentacija ponuditelja ne oslobađa od obveze za vlastitim pribavljanjem svih potrebnih informacija za određivanje cijene detaljnim pregledavanjem planskih dokumenata.

6.) Ponuditelj je posjetio lokacije kako bi procijenio sve potrebne usluge. Svi vidljivi uvjeti koji utječu na formiranje cijene uzeti su u obzir prilikom određivanja jedinične cijene.

7.) Organizacija gradilišta za vlastite potrebe uračunata je u cijenu, ukoliko nije ponuđena kao zasebna stavka.

8.) Sve potrebne naprave za podizanje, skele, strojevi, alati, pomoćna sredstva i konstrukcije uzeti su u obzir te su uračunati u cijenu.

9.) Skele za radove na fasadi i radove na krovu predmet su ovog natječaja. Ponuditelj smije koristiti postojeće skele uz poštivanje sigurnosnih uvjeta i na vlastitu odgovornost. Preinake na skelama nisu dozvoljene te se one moraju predati u ispravnom stanju u kojem su i preuzete.

10.) Struju i vodu na gradilištu osigurava odjeljak za organizaciju gradilišta od mjesta distribucije odnosno crpljenja za sve ostale usluge i radove.

11.) Ponuditelj je obvezan redovno prikupljati i pravilno odložiti sve otpadne materijale, ostatke, krhotine, građevinski otpad, ambalaže, obični otpad i slično o vlastitom trošku. Kod odlaganja otpada potrebno je pridržavati se svih javnopravnih uputa i propisa.

12.) Onečišćenja koja uslijed radova nastaju na susjednim terenima, zgradama, putovima, cestama, trgovima i slično, izvođač radova svakodnevno treba očistiti.

13.) Izvođač preuzima odgovornost za osiguravanje, skladištenje i spremanje vlastitih građevinskih naprava, strojeva, uređaja, alata i slično. Jednako vrijedi i za građevinske materijale, elemente i za ugradnju određenih uređaja i objekata sve do primopredaje obavljenih građevinskih usluga.

14.) Građevinski i konstrukcijski elementi se prilikom izvođenja radova odgovarajućim mjerama trebaju zaštititi od onečišćenja i oštećenja. Jednako tako i izvođač treba zaštititi vlastite usluge sve do primopredaje obavljenih građevinskih usluga.

15.) Sve potrebne mjere prema javnopravnim uputama i propisima za sigurnost i zaštitu zdravlja trebaju se uzeti u obzir te ih se treba pridržavati prilikom izvođenja radova.

16.) Prilikom izdavanja ponude i izvođenja radova treba se uzeti u obzir, uračunati i pridržavati se
- svih državnih i javnopravnih zakona, smjernica i propisa
- svih odgovarajućih tehničkih standarda, pravila i smjernica
- općeprihvaćenih pravila tehnike
- uputa, propisa i napomena proizvođača za ugradnju i obradu
- Kauflandovih građevinskih opisa, ugovorenih uvjeta i ostalih Kauflandovih dokumenata i planova
.

17.) Navedene usluge podrazumijevaju se kao gotove, potpune i funkcionirajuće, uklj. sve potrebne male dijelove i sredstva za pričvršćivanje, pomoćne materijale i sredstva, podkonstrukcije itd., kao i sve dodatne i posebne usluge - čak i kada one nisu detaljno opisane.

18.) Ako su treće stranke uključene u izvođenje predradnji, izvođač radova ih treba provjeravati. U slučaju nepravilnosti ili prigovora pravovremeno treba informirati naručitelja, tako da može tehnički i organizacijski dovršiti poslove.

19.) Obavezno se treba pridržavati svih Kauflandovih proizvodnih uputa, osim ako postoje opravdani razlozi za odstupanje (npr. dostupnost). U tom slučaju izvođač treba ponuditi istovjetni proizvod ili sustav te potvrditi istovjetnost. O njoj odlučuje naručitelj.

20.) Sustavi se izvode isključivo pomoću komponenata koje su predviđene od strane proizvođača sustava.

21.) Svi materijali, građevinski elementi i uređaji koji neposredno utječu na izgled i funkcionalnost prije ugradnje se trebaju provjeriti. Ugrađuju se tek nakon što naručitelj ili ovlaštena osoba odobri ugradnju na gradilištu. O vrsti i obliku predloška odlučuje naručitelj.

22.) Ukoliko nisu ponuđene kao posebne stavke, troškovi za projektiranje usluga trebaju se uračunati u cijene pojedinih radova. Opseg projektiranja ovisno o radnji i potrebi može uključivati lokalno mjerenje, statičke proračune, planiranje radova, proizvodnje, detalja i montaže na temelju Kauflandovih podataka i izradu revizijskih dokumenata.

23.) Sve konstrukcije, načini gradnje i sustavi moraju biti izvedeni tako da mogu prihvatiti odnosno kompenzirati uobičajene i dozvoljene tolerancije u pripremnim radovima odnosno u tlu.

24.) Otežane okolnosti koje su uvjetovane godišnjim dobom ili vremenskim uvjetima i koje se u normalnim uvjetima trebaju uzeti u obzir, ne predstavljaju opravdan razlog za dodatne troškove ili produženje rokova izvođenja. U slučaju dvojbe izvođač mora dokazati prisutnost izvanrednih okolnosti.

25.) Ovisno o gradilištu i uslugama potrebno je uzeti u obzir i uračunati sljedeće primjene i usluge, čak i ako nisu izričito navedene u popisu usluga:
- sve vrste transporta građevinskih materijala, elemenata, uređaja, objekata itd. do mjesta ugradnje
- potrebne i uobičajene pripreme i predobrade tla
- sve vrste bušenja, zavarivanja, lijepljenja, malih dijelova, sredstava za pričvršćivanje, međupoložaja, izolacije, brtvljenja, folija, spojeva itd. koje su potrebne za priključak, montažu i pričvršćivanje građevinskih dijelova i elemenata
- stručna priprema i priključak na sve okolne dijelove, ugradbene i nadgradne elemente i propuste
- sve izrade kutova, spojnih površina i elemenata, završnih elemenata, slobodnih krajeva itd.
- sve podloge za montažu, priključak i pričvršćivanje kao što su beton, zidani elementi, čelik, aluminij, limovi, gips karton, itd.
- potrebne spojne, kose i okrugle rezove te ostatke rezanja
- Izrada otvora i proreza za instalacije i ugradbene elemente drugih izvođača
- interno povezivanje kablovima i priključak objekata, dovod prema električnim trošilima na gradilištu od strane elektro izvođača",,,,,,,
,,Posao rušenja,"Ukoliko u nastavku nije navedeno drugačije, sve usluge uključuju:
- Rušenje, demontažu i rastavljanje, uklj. svih radova ugradnje, pripreme i dogradnje na konstrukciji
- Razdvajanje rezova u slučaju djelomičnog rušenja ili djelomičnog rastavljanja
- Usitnjavanje
- Razdvajanje svih građevinskih elemenata i materijala u otpad i korisne materijale
- Utovar, odvoz i ispravno odlaganje prema javnopravnim propisima
- Spremanje svih izvađenih građevinskih elemenata i materijala na hrpe, u jarke ili kontejnere unutar gradilišta
- Zaštitu skladištenih građevinskih elemenata i materijala od oborina sve do trenutka odvoza
- Provjeru materijala kako bi se ispravno odložili prema javnopravnim propisima
- Pažnju, zaštitu i skladištenje dijelova koji se trebaju sačuvati, kako bi se spriječila ili koliko je moguće izbjegla oštećenja i onečišćenja",,,,,,,
202.010,,Cijela zgrada,,,,,0,,,
202.020,,Nosiva konstrukcija,,,,,0,,,
202.030,,Fasade,,,,,0,,,
202.040,,Krovopokrivački,,,,,0,,,
202.050,,Parkirna platforma,,,,,0,,,
202.050.00100,,- rušenje asfalta,Rušenje ulaznog asfalta debljine cca 10 cm,40,m2,,,,0,
202.060,,Unutarnji radovi,,,,,0,,,
202.060.00100,,- strojno zascjecanje postojećeg asfalta na mjestu spoja sa novim asfaltom/rubnjakom,Strojno zasijecanje asfaltnih slojeva postojećeg kolnika na mjestima spoja novih i postojećih asfaltnih površina. Uključujući zasijecanje za potrebe spoja kanalizacijske cijevi na postojeću oborinsku u ul. Ivana Gundulića (O.T.U. 1-03.2 - Knjiga I),96,m,,,,0,
202.060.00105,,- Lokalno izmještanje vertikalne prometne signalizacije A14,"Postojeći prometni stup s postojećim prometnim znakom A14 koji se premješta lokalno na novu poziciju udaljenu 3 m od postojeće pozicije. Stavka uključuje sve potrebne radove za premještaj FeZn stupa Ø 60,3 mm dužine 2,1 m, s prometnim znakom, lokalno na novu poziciju, uključujući izradu novog betonskog temelja prema detalju iz projekta. Sve prema Pravilniku o prometnim znakovima, singalizaciji i opremi na cestama.",1,kom,,,,0,
202.070,,Strojarski sustavi,,,,,0,,,
202.080,,Vanjski sadržaji,,,,,0,,,
202.080.00100,,- Rušenje rubnjaka,"Rušenje rubnih ovojnica od betona kao što su visoki i spušteni rubnici, itd., s različitim pojedinačnim dimenzijama, uklj. temelj odnosno stražnji potporanj. - na ulazu u parcelu",14,m,,,,0,
203,,Zemljani radovi,,,,,0,,,
203.000,,Prethodne napomene,,,,,0,,,
,,ZTV - Dodatni tehnički uvjeti ugovora,"1.) Dodatni ugovoreni tehnički uvjeti dio su troškovnika te u slučaju ugovaranja postaju dio ugovora. Izvođač radova se dakle obavezuje na sve radove i primjene koje proizlaze iz ovih uvjeta te su one uračunate u cijenu, ukoliko nisu zasebno ponuđene.

2.) Cijene stavki se prikazuju kao neto iznos u državnoj valuti. Važeći zakonski propisani porez na dodanu vrijednost obračunava se zasebno.

3.) U slučaju proturječnosti dodatnih ugovorenih tehničkih uvjeta vrijede prvenstveno podaci iz troškovnika. U slučaju proturječnosti između troškovnika i tehničke dokumentacije koja se predaje prilikom natječaja, vrijedi tehnička dokumentacija.

4.) Prije početka davanja ponude, ponuditelj je dužan pažljivo pročitati kompletan tekst općih uvjeta uz troškovnik, općih i posebnih uvjeta uz svaku grupu radova, tekst samog troškovnika i ostale dijelove tehničke dokumentacije. Ako opis bilo koje stavke u troškovniku dovodi do sumnje o načinu izvedbe ili upotrebu gradiva zahtijevane kvalitete, treba prije predaje ponude zatražiti pojašnjenje od ovlaštene osobe Investitora. Naknadno pozivanje na manjkavost ili nepoznavanje projektno-tehničke dokumentacije ili opisa u troškovniku neće se uzeti u obzir, niti smatrati razlogom za produženje roka izvedbe, a niti će se priznati bilo kakva razlika u cijeni s tog naslova.

5.) Tehnička dokumentacija koja se predaje prilikom natječaja informativnog je karaktera, a ponuđač je dužan u svom trošku izvršiti kontrolu projektno tehničke dokumentacije u smislu točnosti, tehničke ispravnosti, izvedivosti i međusobne usklađenosti. Sve eventualne primjedbe ponuditelj/izvoditelj dužan je pravovremeno uz ponudu, a u svakom slučaju prije izvedbe u pisanom obliku dostaviti Nadzoru i Naručitelju

6.) Ponuditelj je dužan provesti i kontrolu lokacije na licu mjesta prije davanja ponude. Jedinične cijene za pojedine vrste radova sadrže i sve one posredne troškove koji nisu iskazani u troškovniku, ali su neminovni za izvršenje radova predviđenih projektom.

7.) Organizacija gradilišta uračunata je u cijenu, ukoliko nije ponuđena kao zasebna stavka.

8.) Dizalice za podizanje, skele, strojevi, alati, pomoćna sredstva i konstrukcije uzeti su u obzir te su uračunati u jediničnu cijenu.

9.) Skele za radove na fasadi i radove na krovu predmet su ovog natječaja. Ponuditelj smije koristiti postojeće skele uz poštivanje sigurnosnih uvjeta i na vlastitu odgovornost. Preinake na skelama nisu dozvoljene te se one moraju predati u ispravnom stanju u kojem su i preuzete.

10.) Kompletnu režiju gradilišta usigurava i rješava ponuditelj/izvođač i i uključena je u jediničnu cijenu.

11.) Ponuditelj je obvezan redovno prikupljati i ,pravilno skladištiti i odvoziti na ovlašteni deponij sve otpadne materijale, ostatke, krhotine, građevinski otpad, ambalaže, obični otpad i slično o vlastitom trošku. Kod odlaganja otpada potrebno je pridržavati se svih javnopravnih uputa i propisa.

12.) Onečišćenja koja uslijed radova nastaju na susjednim terenima, zgradama, putovima, cestama, trgovima i slično, izvođač radova treba svakodnevno čistiti.

13.) Izvođač preuzima odgovornost za osiguravanje, skladištenje i spremanje vlastite građevinske opreme, strojeva, uređaja, alata i slično. Jednako vrijedi i za građevinske materijale, elemente i za ugradnju određenih uređaja i objekata sve do primopredaje obavljenih građevinskih radova.

14.) Prilikom izvođenja radova, izvoditelj treba zaštititi sve susjedne plohe, dijelove konstrukcije i prethodno izvedene radove na prikladan način a u skladu sa pravilima zaštite na radu, tako da ne dođe do oštećenja istih. Troškove zaštite treba izvoditelj ukalkulirati u ponudbenu cijenu izvođenja radova. Ukoliko ipak dođe do oštećenja prethodno izvedenih radova za koje je odgovoran izvoditelj ili njegov kooperant, dužan je iste o svom trošku dovesti u stanje prije oštećenja ili naručiti iste radove kod drugog izvoditelja na svoj teret.

15.) Sve potrebne mjere prema javnopravnim uputama i propisima za sigurnost i zaštitu zdravlja trebaju se uzeti u obzir te ih se treba pridržavati prilikom izvođenja radova.

16.) Prilikom davanja ponude i izvođenja radova treba se uzeti u obzir, uračunati i pridržavati se
- svih državnih i javnopravnih zakona, smjernica i propisa
- svih odgovarajućih tehničkih standarda, pravila i smjernica
- općeprihvaćenih pravila tehnike
- uputa, propisa i napomena proizvođača za ugradnju i obradu
- Kauflandovih građevinskih opisa, ugovorenih uvjeta i ostalih Kauflandovih dokumenata i planova.

17.) Stavke troškovnika obuhvačaju konačno dovršenje radova definiranih po količini i kvaliteti, onosno podrazumijevaju se kao gotove, potpune i funkcionirajuće, uklj. sve potrebne male dijelove i sredstva za pričvršćivanje, pomoćne materijale i sredstva, podkonstrukcije itd., kao i sve dodatne i posebne usluge - čak i kada one nisu detaljno opisane.

18.) Ako su treće stranke uključene u izvođenje predradnji, izvođač radova ih treba provjeravati. U slučaju nepravilnosti ili prigovora pravovremeno treba informirati naručitelja, tako da može tehnički i organizacijski dovršiti poslove.

19.) Obavezno se treba pridržavati svih Kauflandovih proizvodnih uputa, osim ako postoje opravdani razlozi za odstupanje (npr. dostupnost). U tom slučaju izvođač treba ponuditi istovjetni proizvod ili sustav te potvrditi istovjetnost. O njoj odlučuje naručitelj.

20.) Sustavi se izvode isključivo pomoću komponenata koje su predviđene od strane proizvođača sustava.

21.) Svi materijali, građevinski elementi i uređaji koji neposredno utječu na izgled i funkcionalnost prije ugradnje se trebaju provjeriti. Ugrađuju se tek nakon što naručitelj ili ovlaštena osoba odobri ugradnju na gradilištu. O vrsti i obliku uzorka odlučuje naručitelj.

22.) Ako nije drukčije propisano, izmjene postojećih projektnih rješenja od strane ponuditelja/izvođača a koje utječu na mehaničku stabilnost, ponuditelj/izvođač je dužan u svom trošku ishoditi sve suglasnosti, dozvole i sl.
Projekt izvedenog stanja ukalkulirati u jedničnu cijenu te dostaviti Kauflandu u pisanom i digitalnom obliku.

23.) Svi radovi na objektu te primjenjeni sistemi gradnje moraju biti izvedeni prema pravilu struke, odnosnu u granicama dopuštenih tolerancija.

24.) Ukoliko je ugovoreni termin izvršenja objekta uključen i zimski odnosno ljetni period, to se neće posebno izvođaču priznavati na ime naknade za rad pri niskoj temperaturi, zaštita konstrukcija od hladnoće i vrućine, te atmosferskih nepogoda, sve mora biti uključeno u jediničnu cijenu. Za vrijeme zime objekat se mora zaštititi. Svi eventualni smrznuti dijelovi moraju se ukloniti i izvesti ponovo bez bilo kakve naplate. Ukoliko je temperatura niža od temperature pri kojoj je dozvoljen dotični rad, a Investitor ipak traži da se radi, Izvođač si ima pravo zaračunati naknadu po normi 6,006 ali u tom slučaju Izvođač snosi punu odgovornost za ispravnost i kvalitetu rada. To isto vrijedi i za zaštitu radova tokom ljeta od prebrzog sušenja uslijed visoke temperature.

25.) U jediničnu cijenu rada izvođač treba obuhvatiti i slijedeće radove, koji se neće zasebno platiti kao naknadni rad, čak i ako nisu izričito navedenei u troškovniku:
- sve vrste transporta građevinskih materijala, elemenata, uređaja, objekata itd. do mjesta ugradnje
- potrebne i uobičajene pripreme i predobrade tla
- sve vrste bušenja, zavarivanja, lijepljenja, malih dijelova, sredstava za pričvršćivanje, međupoložaja, izolacije, brtvljenja, folija, spojeva itd. koje su potrebne za priključak, montažu i pričvršćivanje građevinskih dijelova i elemenata
- stručna priprema i priključak na sve okolne dijelove, ugradbene i nadgradne elemente i propuste
- sve izrade kutova, spojnih površina i elemenata, završnih elemenata, slobodnih krajeva itd.
- sve podloge za montažu, priključak i pričvršćivanje kao što su beton, zidani elementi, čelik, aluminij, limovi, gips karton, itd.
- potrebne spojne, kose i okrugle rezove te ostatke rezanja
- Izrada otvora i proreza za instalacije i ugradbene elemente drugih izvođača
- interno povezivanje kablovima i priključak objekata, dovod prema električnim trošilima na gradilištu od strane elektro izvođača",,,,,,,
,,Kategorije tla prema OTU,"Kategorija tla A - podrazumijevaju se svi čvrsti materijali gdje je potrebno
miniranje kod cijelog iskopa i/ili uporaba strojeva s hidrauličkim čekićem.
Toj skupini pripadaju sve vrste čvrstih i veoma čvrstih kamenih tala , kompaktnih stijena (eruptivnih, metamorfnih i sedimentnih) u zdravom stanju, uključujući i moguće tanje slojeve rastresitog materijala na površini ili takve stijene s mjestimičnim gnijezdima ilovače i lokalnim trošnim ili zdrobljenim zonama

Kategorija tla B - podrazumijevaju se polučvrsta kamenita tla gdje je
potrebno djelomično miniranje , odnosno uporaba strojeva s hidrauličkim čekićem, a
ostali se dio iskopa obavlja izravnim strojnim radom. Toj skupini materijala pripadaju: flišni materijali, uključujući i rastresiti materijal, homogeni lapori, trošni pješčenjaci i mješavine lapora i pješčenjaka, većina dolomita (osim vrlo kompaktnih), raspadnute stijene na površini u debljim slojevima s miješanim raspadnutim zonama, jako zdrobljeni vapnenac, sve vrste škriljaca, neki konglomerati i slični materijali.

Kategorija tla C - podrazumijevaju se svi materijali koje nije potrebno
minirati, nego se mogu kopati izravno, uporabom pogodnih strojeva - buldožerom,
bagerom, ili skrejperom. U ovu kategoriju spadala bi:
● sitnozrnata vezana (koherentna) tla kao što su gline, prašine, prašinaste gline
(ilovače), pjeskovite prašine i les,
● krupnozrnata nevezana (nekoherentna) tla kao što su pijesak, šljunak ,odnosno
njihove mješavine, prirodne kamene drobine - siparišni ili slični materijali,
●mješovita tla koja su mješavina krupnozrnatih nevezanih i sitnozrnatih vezanih
materijala .",,,,,,,
,,Opseg usluga zemljani radovi,"Jediničnom cijenom obuhvatiti i slijedeće radove, koji se neće zasebno platiti kao naknadni rad, i to:
- sve podatke i informacije o građevinskom terenu i podzemnim vodama koji su navedeni u procjeni građevinskog terena
- Utvrđivanje stanja okolnih terena, objekata, putova, cesta, trgova i slično, uključujući protokoliranje
- Uklanjanje oštećenja okolnih terena, objekata, putova, cesta, trgova i slično koji nastaju uslijed radova
- Zaštitu postojećih stabala i grmlja
- Utvrđivanje i razmatranje potrebnih mjera za zaštitu (podzemnih) voda
- lokalizaciju i po potrebi osiguravanje postojećih vodova i kanala u radnom području izvođača
- lokalizaciju i po potrebi osiguravanje građevinskih objekata u radnom području izvođača
- lokalizaciju i po potrebi osiguravanje iskolčenja, graničnih kamenja, referentnih točaka, visinskih oznaka, itd. u radnom području izvođača
- ishođenje potrebnih dozvola za iskop kod nadležnih tijela
- Međutransporte i skladištenja radnog materijala izvođača, npr. za stvaranje slobodnog prostora za druge radove
- Ručne radove ukoliko nije moguće koristiti strojeve
- stručni priključak na okolne terene, objekte, putove, ceste, trgove i slično
- Stvaranje pomoćnih pristupnih putova i prilaza - ukoliko nisu uključeni u opseg organizacije gradilišta
- Mjere za odvođenje oborinskih voda kako bi se spriječilo vlaženje i smekšavanje podloge za gradnju i temelje
- Ispumpavanje površinskih i oborinskih voda
- Ishođenje potrebnih javnopravnih dozvola za materijale, građevinske elemente i dodatke koji se trebaju ugraditi u objekt.
- Stvaranje površina za postavljanje bagera",,,,,,,
203.010,,Priprema gradilišta,,,,,0,,,
203.020,,Površinski sloj,,,,,0,,,
203.030,,Zemljani radovi,,,,,0,,,
203.040,,Građevinski iskop,,,,,0,,,
203.040.00100,,"- strojni široki iskop, objekt","Iskop površine terena do dubine (do apsolutne kote +89,74mnv)
pri površini, nasip od tucanika ili šljunka te nasip od gline smeđe boje
- u bušotinama B-2 i B-4 u intervalu 0,5-1,0 m odnosno 0,8-1,4 m registriran je proslojak anorganske
glina srednje plastičnosti CI (ClI) nasipnog karaktera, teško gnječivog konzistentnog stanja, smeđe
boje
qu = 325-350 kPa (džepni penetrometar)
- na dubini prosječno 1,0 - 4,0 m (u bušotini B-5 do dubine bušenja 2,0 m) nalazi se glinoviti prah
srednje plastičnosti MI (SiI), teško gnječivog do polučvrstog konzistentnog stanja, s primjesama
konkrecija karbonata te tragovima sitnih ostataka školjki, obojan željeznim oksidom, žuto-smeđe
do žuto-sive boje
Broj udaraca NSPP = 12-13
qu = 175-325 kPa (džepni penetrometar)
cu = 45-94 kPa (džepna krilna sonda)
w0 = 21,2 %, wL = 37-38 %, wP = 26-27 %, IP = 11 %, IK = 1,53Izvedba radova,
k = 1,6*10-7 cm/s
qu = 205 kPa
c = 11,8-19,8 kPa, φ = 28,2-30,2° (izravni posmik)
Eoed, 25-50 = 3,1 MPa
Eoed, 50-100 = 4,9 MPa
Eoed, 100-200 = 7,8 MPa
Eoed, 200-400 = 13,4 MPa
- na dubini prosječno 4,0-6,0 m registrirana je anorganska glina srednje plastičnosti CI/MI (ClI/SiI),
teško gnječivog do čvrstog konzistentnog stanja, s prekomjerno praha, s tragovima konkrecija
karbonata, u bušotinama B-1 i B-2 s tragovima sitnih ostataka školjki, obojana željeznim oksidom,
žuto-smeđe i smeđe-sive do sive boje
Broj udaraca NSPP = 10
qu = 175-300 kPa (džepni penetrometar)
cu = 40-175 kPa (džepna krilna sonda)
w0 = 22,8 %, wL = 38 %, wP = 25 %, IP = 13 %, IK = 1,17
k = 1,92*10-7 cm/s
Eoed, 25-50 = 3,7 MPa
Eoed, 50-100 = 4,5 MPa
Eoed, 100-200 = 7,3 MPa
Eoed, 200-400 = 11,4 MPa
Eoed, 400-800 = 18,1 MPa
- na dubini prosječno 6,0-8,6 m registrirana je anorganska glina srednje plastičnosti CI (ClI), teško
gnječivog do polučvrstog konzistentnog stanja, s prekomjerno praha i tragovima sitnog pijeska, u
bušotinama B-1 i B-2 s tragovima sitnih ostataka školjki, obojana željeznim oksidom, smeđe-sive
boje
Broj udaraca NSPP = 7-12
qu = 125-300 kPa (džepni penetrometar)
cu = 40-100 kPa (džepna krilna sonda)
wL = 38 %, wP = 22 %, IP = 16 %
- u bušotinama B-1 (interval 8,8-9,7 m) i B-2 (interval 8,5-8,9 m) registrirana je organska glina niske
plastičnosti OL/CL (Or/ClL), lako gnječivog konzistentnog stanja, s proslojkom treseta u intervalima
8,9-8,95 m (B-1) i 8,5-8,55 m (B-2), tamnosive boje
qu = 150-200 kPa (džepni penetrometar)
cu = 45 kPa (džepna krilna sonda)
org. tvari 1,38%
w0 = 23,4 %, wL = 34 %, wP = 22 %, IP = 12 %, IK = 0,92
- na dubini 9,7 m do dubine bušenja 10,0 m u bušotini B-1 registrirana je prašinasta gline niske
plastičnosti CL/ML (ClL/SiL) s primjesama konkrecija karbonata
qu = 275 kPa (džepni penetrometar)
wL = 35 %, wP = 24 %, IP = 11 %
- na dubini 8,9 m do dubine bušenja 9,0 m u bušotini B-2 registriran je pjeskoviti prah sive bojeIzvedba radova, obračun radova I kontrola kvalitete prema OTU t. 2-01. i 2-02.
U jediničnu cijenu uračunati su svi radovi na iskopu materijala u sraslom stanju sa utovarnom u prijevozna sredstva , odvozom i zbrinjavanjem na ugovorenoj deponiji te sve mjere sigurnosti pri radu i sva potrebna osiguranja postojećih objekata i komunikacija te osiguranje kosina iskopa. Obračunato po m3 otkopanog materijala mjereno u sraslom stanju prema poprečnim profilima sve do potpune pogonske gotovosti.
- iskop ispod objekta do kote -0.86m (+89,54m.n.v.)

Mjesto iskopa: glavna građevina",405,m3,,,,0,
203.040.00105,,"- strojni široki iskop, sprinkler bazen","obračun radova I kontrola kvalitete prema OTU t. 2-01. i 2-02.
U jediničnu cijenu uračunati su svi radovi na iskopu materijala u sraslom stanju sa utovarnom u prijevozna sredstva , odvozom i zbrinjavanjem na ugovorenoj deponiji te sve mjere sigurnosti pri radu i sva potrebna osiguranja postojećih objekata i komunikacija te osiguranje kosina iskopa. Obračunato po m3 otkopanog materijala mjereno u sraslom stanju prema poprečnim profilima sve do potpune pogonske gotovosti.
- iskop ispod objekta od najniže kote +85,17m.n.v. do kote +89,65m.n.v.

Mjesto iskopa: sprinkler bazen",1565,m3,,,,0,
203.040.00110,,- ravnanje i sabijanje građevinske jame,"Dno građevne jame treba nakon iskapanja poravnati i sabiti. Izvođenje neposredno prije unošenja čistog sloja kao ravne površine s maksimalnom visinskom razlikom od +/-2 cm na duljini od 5,0 m, uključujući vibriranje odgovarajućim uređajem. Sabijanje na najmanje 97 % traženog stupnja sabijenosti Dpr. Višak materijal treba zbrinuti.",4015,m2,,,,0,
203.040.00115,,"- strojni široki iskop, zona zahvata prometnih površina i okoliša","Strojni široki iskop u zoni zahvata prometnih površina i okoliša, betonske dostavne rampe, trafostanice, EKW box-a, reklamnog pilona, reklamnog totema i cestovne oborinske kanalizacijske cijevi, u materijalu kategorije C prema OTU.
Izvedba radova, obračun radova I kontrola kvalitete prema OTU t. 2-01. i 2-02.
U jediničnu cijenu uračunati su svi radovi na iskopu materijala u sraslom stanju sa utovarnom u prijevozna sredstva , odvozom i zbrinjavanjem na ugovorenoj deponiji te sve mjere sigurnosti pri radu i sva potrebna osiguranja postojećih objekata i komunikacija te osiguranje kosina iskopa. Obračunato po m3 otkopanog materijala mjereno u sraslom stanju prema poprečnim profilima sve do potpune pogonske gotovosti.",1800,m3,,,,0,
203.050,,Iskop temelja,,,,,0,,,
203.050.00100,,"- Iskop za temeljne stope, temeljne čašice i temeljne ploče","Strojni široki iskop za temeljnu konstrukciju u materijalu jednakom kao u stavci 203.040.00210
Izvedba radova, obračun radova I kontrola kvalitete prema OTU t. 2-01. i 2-02.
U jediničnu cijenu uračunati su svi radovi na iskopu materijala u sraslom stanju sa utovarnom u prijevozna sredstva , odvozom i zbrinjavanjem na ugovorenoj deponiji te sve mjere sigurnosti pri radu i sva potrebna osiguranja postojećih objekata i komunikacija te osiguranje kosina iskopa. Obračunato po m3 otkopanog materijala mjereno u sraslom stanju prema poprečnim profilima sve do potpune pogonske gotovosti.

Donja kota iskopa za temeljnje čašice ovisi o poziciji temelja:
- +87,75 m.n.v. (standardna dubina)
- +87,54 m.n.v. (u križanju osi 16D)
- +86,63 m.n.v. (na mjestu ulaza dostave)
- +87,41 m.n.v. (na križanju osi 11A)
- +89,25 m.n.v. (ispod temelja ulaznih vrata)
- +89,18 m.n.v. (ispod hladnjače za duboko zamrzavanje)
- +89,31 m.n.v. (ispod rashladnih prostorija za nareske)",3014.85,m3,,,,0,
203.050.00105,,- Iskop za temeljne grede,"Strojni široki iskop za temeljnu konstrukciju u materijalu jednakom kao u stavci 203.040.00210
Izvedba radova, obračun radova I kontrola kvalitete prema OTU t. 2-01. i 2-02.
U jediničnu cijenu uračunati su svi radovi na iskopu materijala u sraslom stanju sa utovarnom u prijevozna sredstva , odvozom i zbrinjavanjem na ugovorenoj deponiji te sve mjere sigurnosti pri radu i sva potrebna osiguranja postojećih objekata i komunikacija te osiguranje kosina iskopa. Obračunato po m3 otkopanog materijala mjereno u sraslom stanju prema poprečnim profilima sve do potpune pogonske gotovosti.

Dubina iskopa do +89,05 m.n.v.",50,m3,,,,0,
203.050.00110,,- ravnanje i sabijanje građevinske jame,"Dno građevne jame treba nakon iskapanja poravnati i sabiti. Izvođenje neposredno prije unošenja čistog sloja kao ravne površine s maksimalnom visinskom razlikom od +/-2 cm na duljini od 5,0 m, uključujući vibriranje odgovarajućim uređajem. Sabijanje na najmanje 97 % traženog stupnja sabijenosti Dpr. Višak materijal treba zbrinuti.",1278,m2,,,,0,
203.060,,Iskop cijevnog rova,,,,,0,,,
203.060.00100,,- Iskop zemlje svih kategorija ili nasipanog materijala za rovove. Obračun po m3.,"Iskop zemlje svih kategorija ili nasipanog materijala za polaganje kanalizacijskih i vodovodnih cijevi. Širina rova je od 0.80 do 1,20 m, a dubina od 0,6 do 2,0 m. Uzima se prosječna dubina iskopa (1,3m) na ukupnoj trasi od izvedenog skidanja postojećeg materijala na terenu obrađeno u pripremi građevinskog zemljišta do nivelete cjevovoda.
'Iskop vršiti na dubini nivelete uvećanoj za 10 cm radi izvedbe ležaja cijevi, s pravilnim odsijecanjem bočnih strana i dna, te odbacivanjem iskopanog materijala na udaljenost 2,0 m od ruba rova.
_oborinska kanalizacija
_fekalna kanalizacija
_vodovodna i hidrantska mreža
_hidrantska mreža
_odvodnja masne kanalizacije
_odvodnja kondenzata
U stavku je uključen i odvoz i zbrinjavanje viška materijala iz iskopa po nalogu investitora. Obračun po m3.",650,m3,,,,0,
203.060.00105,,"- Iskop zemlje svih kategorija za podzemne građevine. 
Obračun po m3.","Iskop zemlje svih kategorija za podzemne građevine: kontrolno mjerno okno, reviziona okna, prepumpna okno, separator masti i separator ulja, vodomjerno okno te hidrante. Obračun se vrši po 1,0 m3 iskopanog materijala, ostalo kao opis iz predhodne stavke
_Reviziona okna (12+7+3+2)*8m3
_Separator ulja -
_Mastolov 1*28m3
_Vodomjerno okno 1*60m3
_Vanjski hidrant 3*3m3
_Retencija 1122m3
U stavku je uključen i odvoz i zbrinjavanje viška materijala iz iskopa po nalogu investitora. Obračun po m3.",1411,m3,,,,0,
203.060.00110,,"- Planiranje dna rova za polaganje cijevi u rov.
Obračun po m2.",Grubo i fino planiranje dna rova za polaganje cijevi temeljne odvodnje i vodovoda s naročitom točnošću da se osigura pravilno nalijeganje cijevi.,650,m2,,,,0,
203.060.00115,,"- Pijesak za polaganje instalacija.
Obračun po m3.","Nabava, doprema i razastiranje čistog suhog pijeska za polaganje kanalizacijskih i vodovodnih cijevi. Šljunčana posteljica za ležaj PVC cijevi od oblih zrna veličine 8-16 mm, bez organskih primjesa, s dimenzijama danim u nacrtu kanalskog rova i produbljenima na mjestu spojeva cijevi. Uključivo nabava, doprema i ugradnja šljunka, uz strojno nabijanje do min. 90 % prirodne zbijenosti. Posteljica natkrivanja cijevi cca 5 cm od tjemena cijevi. Obračun se vrši po 1,0 m3 ugrađenog pijeska.
_kanalizacija 340 m
_vodovod 160 m",250,m3,,,,0,
203.060.00120,,"- Pijesak za polaganje retencije.
Obračun po m3.","Nabava, doprema i razastiranje čistog suhog pijeska za polaganje kanalizacijskih i vodovodnih cijevi. Šljunčana posteljica za ležaj PVC cijevi od oblih zrna veličine 8-16 mm, bez organskih primjesa, s dimenzijama danim u nacrtu kanalskog rova i produbljenima na mjestu spojeva cijevi. Uključivo nabava, doprema i ugradnja šljunka, uz strojno nabijanje do min. 90 % prirodne zbijenosti. Posteljica natkrivanja cijevi cca 5 cm od tjemena cijevi. Obračun se vrši po 1,0 m3 ugrađenog pijeska.
_kanalizacija 340 m
_vodovod 160 m",51,m3,,,,0,
203.060.00125,,"- Zatrpavanje rova.
Obračun po m3.","Zatrpavanje rova nakon montaže nasipnim materijalom i ispitivanje kanalskih cijevi. Prvi sloj iznad cijevi treba biti od sitnog materijala da ne bi došlo do oštećenja cijevi. Nasipavanje vršiti u slojevima od 20 cm uz pažljivo nabijanje. Zatrpavanje izvoditi nakon izvedbe obloge cijevi pijeskom, a izvodi se do kote skinutog postojećeg materijala. Zatrpavanje do konačne kote uređenog terena obrađeno je u uređenju okoliša. Obračun se vrši po 1,0 m3 stvarno ugrađenog materijala.",400,m3,,,,0,
203.060.00130,,"- Zatrpavanje retencije.
Obračun po m3.","Zatrpavanje rova nakon montaže nasipnim materijalom i ispitivanje kanalskih cijevi. Prvi sloj iznad cijevi treba biti od sitnog materijala da ne bi došlo do oštećenja cijevi. Nasipavanje vršiti u slojevima od 20 cm uz pažljivo nabijanje. Zatrpavanje izvoditi nakon izvedbe obloge cijevi pijeskom, a izvodi se do kote skinutog postojećeg materijala. Zatrpavanje do konačne kote uređenog terena obrađeno je u uređenju okoliša. Obračun se vrši po 1,0 m3 stvarno ugrađenog materijala.",906,m3,,,,0,
203.070,,Poboljšanja tla,,,,,0,,,
203.070.00100,,- zamjena tla šljunčanim materijalom,"Zamjena materijala tla do debljine 10cm sa postojećim materijalom na gradilištu, na mjestu gdje gdje se ne može postići propisana zbijenost temeljnog tla, posteljice i tampona. Prema Izvješću IGH broj: 72501-001/25 od 01.02.2025. U jediničnoj cijeni stavke obuhvaćeni su slijedeći materijali i radovi:
a) ugradnja postojećeg materijala koji se nalazi na gradilištu Dmax 45mm
b) razastiranje, planiranje do točnosti ±3 cm i zbijanje na Ms≥20 MN/m2
c) dobava atesta o kvaliteti šljunka ili kamena i postignutoj zbijenosti
Obračunato po 1 m3 ugrađenog materijala zbijenog na Ms=20 MN/m2, prema nagibu iz projekta Sz ≥ 100%, sve do potpune pogonske gotovosti.",669,m3,,,,0,
203.080,,Osnovni slojevi,,,,,0,,,
203.080.00100,,- tampon od drobljenog kamena za stope,"Izrada tampona drobljenim kamenim materijalom 0/63mm. Nasipavanje vršiti u debljini od 15cm na potrebni modul. U cijenu uključena i doprema potrebnog alata i strojeva te ispitivanje zbijenosti drobljenog kamena sa izradom i dostavom elaborata o ispitivanju.

Mjesto ugradnje: ispod temeljnih stopa
Debljina tampona: 15 cm
Modul zbijanja: 30 MN/m2
Dozvoljena visinska odstupanja: +/- 1 cm od zadane vrijednosti na ispitnoj dionici od 4 m

Kvalitetu ugradnje treba potvrditi u opsegu od [1 puta za svakih 1.000 m2, a najmanje 3 puta].",194,m3,,,,0,
203.080.00105,,- tampon od drobljenog kamena za stope,"Izrada tampona drobljenim kamenim materijalom 0/32mm. Nasipavanje vršiti u debljini od 15cm na potrebni modul. U cijenu uključena i doprema potrebnog alata i strojeva te ispitivanje zbijenosti drobljenog kamena sa izradom i dostavom elaborata o ispitivanju.

Mjesto ugradnje: ispod temeljnih stopa
Debljina tampona: 15 cm
Modul zbijanja: 60 MN/m2
Dozvoljena visinska odstupanja: +/- 1 cm od zadane vrijednosti na ispitnoj dionici od 4 m

Kvalitetu ugradnje treba potvrditi u opsegu od [1 puta za svakih 1.000 m2, a najmanje 3 puta].",194,m3,,,,0,
203.080.00110,,- tampon od drobljenog kamena za ploču,"Izrada tampona drobljenim kamenim materijalom 0/63mm. Nasipavanje vršiti u debljini od 30cm na potrebni modul. U cijenu uključena i doprema potrebnog alata i strojeva te ispitivanje zbijenosti drobljenog kamena sa izradom i dostavom elaborata o ispitivanju.

Mjesto ugradnje: ispod podne ploče
Debljina tampona: 20 cm
Modul zbijanja: 40 MN/m2
Dozvoljena visinska odstupanja: +/- 1 cm od zadane vrijednosti na ispitnoj dionici od 4 m

Kvalitetu ugradnje treba potvrditi u opsegu od [1 puta za svakih 1.000 m2, a najmanje 3 puta].",860,m3,,,,0,
203.080.00115,,- tampon od drobljenog kamena za ploču,"Izrada tampona drobljenim kamenim materijalom 0/32mm. Nasipavanje vršiti u debljini od 30cm na potrebni modul. U cijenu uključena i doprema potrebnog alata i strojeva te ispitivanje zbijenosti drobljenog kamena sa izradom i dostavom elaborata o ispitivanju.

Mjesto ugradnje: ispod podne ploče
Debljina tampona: 20 cm
Modul zbijanja: 80 MN/m2
Dozvoljena visinska odstupanja: +/- 1 cm od zadane vrijednosti na ispitnoj dionici od 4 m

Kvalitetu ugradnje treba potvrditi u opsegu od [1 puta za svakih 1.000 m2, a najmanje 3 puta].",860,m3,,,,0,
203.080.00120,,- tampon od drobljenog kamena za sprinkler bazen,"Izrada tampona drobljenim kamenim materijalom 0/63mm. Nasipavanje vršiti u debljini od 15cm na potrebni modul. U cijenu uključena i doprema potrebnog alata i strojeva te ispitivanje zbijenosti drobljenog kamena sa izradom i dostavom elaborata o ispitivanju.

Mjesto ugradnje: ispod sprinkler bazena
Debljina tampona: 15 cm
Modul zbijanja: 40 MN/m2
Dozvoljena visinska odstupanja: +/- 1 cm od zadane vrijednosti na ispitnoj dionici od 4 m

Kvalitetu ugradnje treba potvrditi u opsegu od [1 puta za svakih 1.000 m2, a najmanje 3 puta].",50,m3,,,,0,
203.080.00125,,- tampon od drobljenog kamena za sprinkler bazen,"Izrada tampona drobljenim kamenim materijalom 0/63mm. Nasipavanje vršiti u debljini od 15cm na potrebni modul. U cijenu uključena i doprema potrebnog alata i strojeva te ispitivanje zbijenosti drobljenog kamena sa izradom i dostavom elaborata o ispitivanju.

Mjesto ugradnje: ispod sprinkler bazena
Debljina tampona: 15 cm
Modul zbijanja: 80 MN/m2
Dozvoljena visinska odstupanja: +/- 1 cm od zadane vrijednosti na ispitnoj dionici od 4 m

Kvalitetu ugradnje treba potvrditi u opsegu od [1 puta za svakih 1.000 m2, a najmanje 3 puta].",50,m3,,,,0,
203.080.00130,,- zatrpavanje po obrubu građevine materijalom iz iskopa,"Zatrpavanje materijalom iz iskopa. Nasipavanje vršiti u slojevima od 30cm na potrebni modul. U cijenu uključena i doprema potrebnog alata i strojeva te ispitivanje zbijenosti kamena sa izradom i dostavom elaborata o ispitivanju. Obračun po m3 ugrađenog materijala.

Mjesto ugradnje: obrub glavne građevine
Modul zbijanja: 60 MN/m2
Dozvoljena visinska odstupanja: +/- 1 cm od zadane vrijednosti na ispitnoj dionici od 4 m",1511.53,m3,,,,0,
203.080.00135,,- zatrpavanje između temelja glavne građevine materijalom iz iskopa,"Zatrpavanje materijalom iz iskopa. Nasipavanje vršiti u slojevima od 30cm na potrebni modul. U cijenu uključena i doprema potrebnog alata i strojeva te ispitivanje zbijenosti kamena sa izradom i dostavom elaborata o ispitivanju. Obračun po m3 ugrađenog materijala.

Mjesto ugradnje: zatrpavanje iskopa za temeljne stope i čašice sve do kote -0,86m (apsolutna kota +89,54m.n.v.)
Modul zbijanja: 60 MN/m2
Dozvoljena visinska odstupanja: +/- 1 cm od zadane vrijednosti na ispitnoj dionici od 4 m",1544.59,m3,,,,0,
203.080.00140,,- zatrpavanje  iskopa za sprinkler bazen materijalom iz iskopa,"Zatrpavanje materijalom iz iskopa. Nasipavanje vršiti u slojevima od 30cm na potrebni modul. U cijenu uključena i doprema potrebnog alata i strojeva te ispitivanje zbijenosti kamena sa izradom i dostavom elaborata o ispitivanju. Obračun po m3 ugrađenog materijala.

Mjesto ugradnje: iskop za sprinkler bazen
Modul zbijanja: 30 MN/m2
Dozvoljena visinska odstupanja: +/- 1 cm od zadane vrijednosti na ispitnoj dionici od 4 m",642.56,m3,,,,0,
203.080.00145,,- geotekstil glavna građevina,"Geotekstil od polipropilenskih vlakana isporučiti te bez rupa i uz preklapanja na rubovima postaviti po cijeloj zemljanoj površini. Tekstil mora biti prikladan za postavljanje gore navedenih slojeva Za zaštitu od mraza i nosivih šljunčanih slojeva.

Površinska težina: 300 g/m2",5294,m2,,,,0,
203.080.00150,,- geotekstil sprinkler bazen,"Geotekstil od polipropilenskih vlakana isporučiti te bez rupa i uz preklapanja na rubovima postaviti po cijeloj zemljanoj površini. Tekstil mora biti prikladan za postavljanje gore navedenih slojeva Za zaštitu od mraza i nosivih šljunčanih slojeva.

Površinska težina: 300 g/m2",521,m2,,,,0,
203.080.00155,,"- Uređenje posteljice na prostoru kolničke konstrukcije, pješačkih površina, betonske rampe, travnate rešetke, betonske rešetke, trafostanice i EKW boxa","Uređenje posteljice na prostoru kolničke konstrukcije, pješačkih površina, betonske rampe, travnate rešetke, betonske rešetke, trafostanice i EKW boxa, tj. grubo i fino planiranje materijala i nabijanje do tražene zbijenosti. Posteljicu treba izraditi prema kotama iz projekta. Sabiti posteljicu na Ms ≥ 20 MN/m2. Tekuća i kontrolna ispitivanja izvršiti sukladno projektu.",6690.26,m2,,,,0,
203.080.00160,,- tampon od drobljenog kamena 0/32 mm,"Izrada tampona drobljenim kamenim materijalom 0/32mm. U cijenu uključena i doprema potrebnog alata i strojeva te ispitivanje zbijenosti drobljenog kamena sa izradom i dostavom elaborata o ispitivanju.

Mjesto ugradnje: kolnik, betonski opločnici, travnata rešetka, betonska rampa, trafostanica
Debljina tampona:prema projektu
Modul zbijanja: prema projektu
Dozvoljena visinska odstupanja: +/- 1 cm od zadane vrijednosti na ispitnoj dionici od 4 m

Kvalitetu ugradnje treba potvrditi u opsegu od [1 puta za svakih 1.000 m2, a najmanje 3 puta].",1100,m3,,,,0,
203.080.00165,,- tampon od drobljenog kamena 0/63 mm,"Izrada tampona drobljenim kamenim materijalom 0/63mm. U cijenu uključena i doprema potrebnog alata i strojeva te ispitivanje zbijenosti drobljenog kamena sa izradom i dostavom elaborata o ispitivanju.

Mjesto ugradnje: kolnik, EKW box, travnata rešetka, betonska rampa
Debljina tampona:prema projektu
Modul zbijanja: prema projektu
Dozvoljena visinska odstupanja: +/- 1 cm od zadane vrijednosti na ispitnoj dionici od 4 m

Kvalitetu ugradnje treba potvrditi u opsegu od [1 puta za svakih 1.000 m2, a najmanje 3 puta].",1800,m3,,,,0,
203.080.00170,,- izrada podložnog sloja kanalizacijskih cijevi cestovne oborinske odvodnje pješčanim materijalom 0/8 mm,"Zatrpavanje rova kanalizacijskih cijevi oborinske odvodnje pješčanim materijalom 30cm iznad cijevi oborinske odvodnje. Nabava, dobava i ugradnja pijeska (0-22mm) prema uvjetima i dimenzijama iz projekta - detalj polaganja kanalizacijskih cijevi, za izradu obloge i nadsloja 30cm iznad kanalizacijske cijevi uz pažljivo nabijanje pijeska u zoni oko i iznad cijevi. Stavka uključuje dobavu materijala u koju je uključen utovar, prijevoz, istovar, razastiranje s nabijanjem u rovu u zadanu debljinu i oblik prema rješenju iz projekta. Stavkom se obračunava i sav potreban pomoćni pribor, materijal i rad koji se koristi za osiguranje položaja cijevi.",55,m3,,,,0,
203.080.00175,,- zatrpavanje kanalizacijske cijevi cestovne oborinske odvodnje pješčanim materijalom 0/22mm,"Zatrpavanje rova kanalizacijskih cijevi oborinske odvodnje pješčanim materijalom 30cm iznad cijevi oborinske odvodnje. Nabava, dobava i ugradnja pijeska (0-22mm) prema uvjetima i dimenzijama iz projekta - detalj polaganja kanalizacijskih cijevi, za izradu obloge i nadsloja 30cm iznad kanalizacijske cijevi uz pažljivo nabijanje pijeska u zoni oko i iznad cijevi. Stavka uključuje dobavu materijala u koju je uključen utovar, prijevoz, istovar, razastiranje s nabijanjem u rovu u zadanu debljinu i oblik prema rješenju iz projekta. Stavkom se obračunava i sav potreban pomoćni pribor, materijal i rad koji se koristi za osiguranje položaja cijevi.",152,m3,,,,0,
203.080.00180,,- geotekstil,"Geotekstil na prostoru kolnika, betonske rampe, tafostanice i EKW box-a, od polipropilenskih vlakana isporučiti te bez rupa i uz preklapanja na rubovima postaviti po cijeloj zemljanoj površini. Tekstil mora biti prikladan za postavljanje gore navedenih slojeva Za zaštitu od mraza i nosivih šljunčanih slojeva.

Površinska težina: 300 g/m2",5975,m2,,,,0,
203.080.00185,,-geotekstil retencije,"Geotekstil koji se koristi kao vanjski zaštitni sloj geomembrane treba imati sljedeće karkateristike:
- min. gustoće (EN ISO 9864) 300 gr/m2;
- otpornosti na CBR proboj (EN ISO 12236) ≥ 1,5 kN
- vlačna čvrstoča (EN ISO 10319) ≥ 6,5 kN/m.
- min. deklariranog životnog vijeka trajanja u normalnim pH uvjetima tla 100 god.
Hidroizolacijska membrana kao brveni sloj retencije treba imati sljedeće karkateristike:
- materijal PVC-P,
- min. debljina 2,00 mm.
- vlačna čvrstoća (EN 527-3) ≥ 16 N/mm2;
- otpornosti na CBR proboj (EN ISO 12236) ≥ 2,4 kN.
Geotekstil koji se koristi kao vanjski zaštitni sloj geomembrane ima sljedeće karkateristike:
- min. gustoće (EN ISO 9864) 200 gr/m2.",1100,m2,,,,0,
203.090,,Ostali,,,,,0,,,
204,,Posebni temelj,,,,,16000,,,
204.000,,Prethodne napomene,,,,,0,,,
,,ZTV - Dodatni tehnički uvjeti ugovora,"1.) Dodatni ugovoreni tehnički uvjeti su dio opisa usluga te u slučaju narudžbe postaju dio ugovora. Izvođač radova se dakle obavezuje na sve usluge i primjene koje proizlaze iz ovih uvjeta te su one uračunate u cijenu, ukoliko nisu zasebno ponuđene.

2.) Usluge se prikazuju kao neto iznos u državnoj valuti. Važeći zakonski propisani porez na dodanu vrijednost obračunava se zasebno.

3.) U slučaju proturječnosti dodatnih ugovorenih tehničkih uvjeta vrijede prvenstveno podaci iz popisa usluga. U slučaju proturječnosti između popisa usluga i planske dokumentacije koja se predaje prilikom natječaja, vrijedi planska dokumentacija.

4.) Ponuditelj se prije izdavanja ponude detaljno informirao o građevinskim zadaćama koje treba izvesti, ukoliko su povezane s ponuđenim i planiranim uslugama, tako da na temelju popisa usluga nema nikakvih nejasnoća kod obračuna. Naknadne reklamacije koje proizlaze iz nepoznavanja natječajne dokumentacije neće se uvažavati.

5.) Planovi i u njima navedeni objekti koji se izdaju prilikom natječaja služe za informaciju. Ta dokumentacija ponuditelja ne oslobađa od obveze za vlastitim pribavljanjem svih potrebnih informacija za određivanje cijene detaljnim pregledavanjem planskih dokumenata.

6.) Ponuditelj je posjetio lokacije kako bi procijenio sve potrebne usluge. Svi vidljivi uvjeti koji utječu na formiranje cijene uzeti su u obzir prilikom određivanja jedinične cijene.

7.) Organizacija gradilišta za vlastite potrebe uračunata je u cijenu, ukoliko nije ponuđena kao zasebna stavka.

8.) Sve potrebne naprave za podizanje, skele, strojevi, alati, pomoćna sredstva i konstrukcije uzeti su u obzir te su uračunati u cijenu.

9.) Skele za radove na fasadi i radove na krovu predmet su ovog natječaja. Ponuditelj smije koristiti postojeće skele uz poštivanje sigurnosnih uvjeta i na vlastitu odgovornost. Preinake na skelama nisu dozvoljene te se one moraju predati u ispravnom stanju u kojem su i preuzete.

10.) Struju i vodu na gradilištu osigurava odjeljak za organizaciju gradilišta od mjesta distribucije odnosno crpljenja za sve ostale usluge i radove.

11.) Ponuditelj je obvezan redovno prikupljati i pravilno odložiti sve otpadne materijale, ostatke, krhotine, građevinski otpad, ambalaže, obični otpad i slično o vlastitom trošku. Kod odlaganja otpada potrebno je pridržavati se svih javnopravnih uputa i propisa.

12.) Onečišćenja koja uslijed radova nastaju na susjednim terenima, zgradama, putovima, cestama, trgovima i slično, izvođač radova svakodnevno treba očistiti.

13.) Izvođač preuzima odgovornost za osiguravanje, skladištenje i spremanje vlastitih građevinskih naprava, strojeva, uređaja, alata i slično. Jednako vrijedi i za građevinske materijale, elemente i za ugradnju određenih uređaja i objekata sve do primopredaje obavljenih građevinskih usluga.

14.) Građevinski i konstrukcijski elementi se prilikom izvođenja radova odgovarajućim mjerama trebaju zaštititi od onečišćenja i oštećenja. Jednako tako i izvođač treba zaštititi vlastite usluge sve do primopredaje obavljenih građevinskih usluga.

15.) Sve potrebne mjere prema javnopravnim uputama i propisima za sigurnost i zaštitu zdravlja trebaju se uzeti u obzir te ih se treba pridržavati prilikom izvođenja radova.

16.) Prilikom izdavanja ponude i izvođenja radova treba se uzeti u obzir, uračunati i pridržavati se
- svih državnih i javnopravnih zakona, smjernica i propisa
- svih odgovarajućih tehničkih standarda, pravila i smjernica
- općeprihvaćenih pravila tehnike
- uputa, propisa i napomena proizvođača za ugradnju i obradu
- Kauflandovih građevinskih opisa, ugovorenih uvjeta i ostalih Kauflandovih dokumenata i planova
.

17.) Navedene usluge podrazumijevaju se kao gotove, potpune i funkcionirajuće, uklj. sve potrebne male dijelove i sredstva za pričvršćivanje, pomoćne materijale i sredstva, podkonstrukcije itd., kao i sve dodatne i posebne usluge - čak i kada one nisu detaljno opisane.

18.) Ako su treće stranke uključene u izvođenje predradnji, izvođač radova ih treba provjeravati. U slučaju nepravilnosti ili prigovora pravovremeno treba informirati naručitelja, tako da može tehnički i organizacijski dovršiti poslove.

19.) Obavezno se treba pridržavati svih Kauflandovih proizvodnih uputa, osim ako postoje opravdani razlozi za odstupanje (npr. dostupnost). U tom slučaju izvođač treba ponuditi istovjetni proizvod ili sustav te potvrditi istovjetnost. O njoj odlučuje naručitelj.

20.) Sustavi se izvode isključivo pomoću komponenata koje su predviđene od strane proizvođača sustava.

21.) Svi materijali, građevinski elementi i uređaji koji neposredno utječu na izgled i funkcionalnost prije ugradnje se trebaju provjeriti. Ugrađuju se tek nakon što naručitelj ili ovlaštena osoba odobri ugradnju na gradilištu. O vrsti i obliku predloška odlučuje naručitelj.

22.) Ukoliko nisu ponuđene kao posebne stavke, troškovi za projektiranje usluga trebaju se uračunati u cijene pojedinih radova. Opseg projektiranja ovisno o radnji i potrebi može uključivati lokalno mjerenje, statičke proračune, planiranje radova, proizvodnje, detalja i montaže na temelju Kauflandovih podataka i izradu revizijskih dokumenata.

23.) Sve konstrukcije, načini gradnje i sustavi moraju biti izvedeni tako da mogu prihvatiti odnosno kompenzirati uobičajene i dozvoljene tolerancije u pripremnim radovima odnosno u tlu.

24.) Otežane okolnosti koje su uvjetovane godišnjim dobom ili vremenskim uvjetima i koje se u normalnim uvjetima trebaju uzeti u obzir, ne predstavljaju opravdan razlog za dodatne troškove ili produženje rokova izvođenja. U slučaju dvojbe izvođač mora dokazati prisutnost izvanrednih okolnosti.

25.) Ovisno o gradilištu i uslugama potrebno je uzeti u obzir i uračunati sljedeće primjene i usluge, čak i ako nisu izričito navedene u popisu usluga:
- sve vrste transporta građevinskih materijala, elemenata, uređaja, objekata itd. do mjesta ugradnje
- potrebne i uobičajene pripreme i predobrade tla
- sve vrste bušenja, zavarivanja, lijepljenja, malih dijelova, sredstava za pričvršćivanje, međupoložaja, izolacije, brtvljenja, folija, spojeva itd. koje su potrebne za priključak, montažu i pričvršćivanje građevinskih dijelova i elemenata
- stručna priprema i priključak na sve okolne dijelove, ugradbene i nadgradne elemente i propuste
- sve izrade kutova, spojnih površina i elemenata, završnih elemenata, slobodnih krajeva itd.
- sve podloge za montažu, priključak i pričvršćivanje kao što su beton, zidani elementi, čelik, aluminij, limovi, gips karton, itd.
- potrebne spojne, kose i okrugle rezove te ostatke rezanja
- Izrada otvora i proreza za instalacije i ugradbene elemente drugih izvođača
- interno povezivanje kablovima i priključak objekata, dovod prema električnim trošilima na gradilištu od strane elektro izvođača",,,,,,,
,,Razredi tla,"Razredi tla koji se navode u pozicijama definiraju se na sljedeći način:
Razred tla 1: Gornji pod
Razred tla 2: Tekuće vrste poda
Razred tla 3: Lako odvojive podne obloge
Razred tla 4: Srednje topljive vrste poda
Razred tla 5: Teško topljive vrste poda
Razred tla 6: Lako odvojivi kamen i slične vrste poda
Razred tla 7: Teško topljivi kamen

Vrijednosti štetnih tvari u tlu koje se navode u pozicijama definiraju se na sljedeći način:
Z0: neopterećen pod, ugradnja je moguća bez ograničenja
Z1: Mogućnost ugradnje je ograničena
Z2: Mogućnost ugradnje je vrlo ograničena

Razredi deponija za otpad koji se navode u pozicijama definiraju se na sljedeći način:
DK0: Deponij za mineralni otpad s niskim udjelom štetnih tvari. Radi se o redovnom deponiju za neopterećeni iskopni materijal i eventualni građevinski otpad ili usporedivi mineralni industrijski ili komercijalni otpad.
DKI: Deponij za srednje opterećeni (bezopasni) otpad. Radi se o redovnom deponiju za srednje opterećni iskopni materijal i građevinski otpad te usporedivi mineralni komercijalni otpad.
DKII: Deponij za opterećeni, ali bezopasni otpad. Radi se o redovnom deponiju za odlaganje predobrađenog kućnog otpada i usporedivog mineralnog komercijalnog otpada.",,,,,,,
,,Podaci i informacije o građevinskom terenu,"U sljedećim pozicijama potrebno je uzeti u obzir i uračunati sljedeće usluge, čak i ako nisu izričito navedene:
- sve podatke i informacije o građevinskom terenu i podzemnim vodama koji su navedeni u procjeni građevinskog terena
- Utvrđivanje stanja okolnih terena, objekata, putova, cesta, trgova i slično, uključujući protokoliranje
- Uklanjanje oštećenja okolnih terena, objekata, putova, cesta, trgova i slično koji nastaju uslijed radova
- Zaštitu postojećih stabala i grmlja
- Utvrđivanje i razmatranje potrebnih mjera za zaštitu (podzemnih) voda
- Utvrđivanje i razmatranje potrebnih mjera za zaštitu od buke
- lokalizaciju i po potrebi osiguravanje postojećih vodova i kanala u radnom području izvođača
- lokalizaciju i po potrebi osiguravanje građevinskih objekata u radnom području izvođača
- lokalizaciju i po potrebi osiguravanje iskolčenja, graničnih kamenja, referentnih točaka, visinskih oznaka, itd. u radnom području izvođača
- ishođenje potrebnih dozvola za iskop kod nadležnih tijela
- Međutransporte i skladištenja radnog materijala izvođača, npr. za stvaranje slobodnog prostora za druge radove
- Ručne radove ukoliko nije moguće koristiti strojeve
- Ishođenje potrebnih javnopravnih dozvola za postavljanje posebnih temelja
- Mjerenje i niveliranje usluga od zadanih mjernih točaka odnosno osi
- Vađenje ili rezanje pilota do planirane visine, uklj. spojnu armaturu
- Prihvat i odlaganje ostataka od bušenja
- Prihvat i odlaganje prekomjernog betona i žbuke
- Prihvat i odlaganje dodataka za bušenje i ispiranje
- stručna provedba svih potrebnih naknadnih obrada
- Zaštite na rubovima, zaštite od pada i propadanja u sklopu usluga, i nakon završetka provedbe",,,,,,,
204.010,,Bušenje pilota,,,,,0,,,
204.020,,Mikropiloti,,,,,0,,,
204.030,,Nodularni piloti od lijevanog željeza,,,,,0,,,
204.040,,Pa temelji,,,,,0,,,
204.050,,Šljunčani piloti,,,,,0,,,
204.060,,Ostali,,,,,16000,,,
204.060.00100,,Retencija,"Dobava i ugradnja modularnog sustava za RETENCIJU oborinskih voda iz polipropilenskih skladišnih elemenata. Sustav se sastoji od jediničnog modula dimenzija: Š×V×D=60x91x120cm.
Korišteni sustav svojim karakteristikama mora osiguravati da montirana infiltracijska građevina:
- ima najmanje 97% ukupnog korisnog volumena;
- ima inspekcijski tunel min. pop. presjeka Š×V=100×500mm kako bi se omogućio slobodno kretanje inspekcijskim kamerama i opremi za čiščenje kroz sustav po dvijema osima (po uzdužnoj i poprečnoj osi montirane infiltracijske građevine);
- omogućava vizualnu kontrolu kroz jedan sloj sustava bez zapreka (pregrada) za jednostavniju kontrolu kamerom i smanjenje potrebnog broja inspekcijskih priključaka;
- bude sastavljena međusobnim spajanjem osnovnih elemenata metodom zidarskog preklopa čijim se korištenjem dobiva čvrsta i stabilna veza među jediničnim elementima (blokovima) istog sloja i koji osigurava bolju horizontalnu distribuciju vertikalnih opterečenja koja djeluju na sustav time povečavajuči stabilnost i trajsnost sustava.
- bude sastavljena od jediničnih elemenata koji imaju minimalnu tlačnu čvrstoću od 350 kN/m2.
Dimenzije sustava trebaju biti Š×V×D= 9,06×0,91×33,82 m, a minimalna korisna zapremnina 270 m3.
Projektom predviđena upotreba 4 inspekcijska okna integriranih u sustav (minimalni svijetli promjer okna 30cm), te detaljom definirana količina inspekcijskih priključaka za pristup u sustav njegovu kontrolu i održavanje (minimalni svijetli promjer 15cm).
Sve kao ACO STORMBRIXX SD900 ili jednakovrijedan.
Stavka NE UKLJUČUJE potreban materijal za BRTVLJENJE OVOJNICE RETENCIJE, te cijevi za povišenje inspekcijskih okana i priključaka od vrha spremnika do kote terena.",1,kom,,,,0,
204.060.00105,,Vodonepropusno brtvljenje retencije,"VODONEPROPUSNO BRTVLJENJE RETENCIJE
Dobava i ugradnja brtvenog sustav retencije, koji se sastoji iz:
unutarnjeg sloja geotekstila položenog na blokove, hidroizolacijske mebrane te vanjskog sloja geotekstila za osiguranje membrane od mehaničkog oštečenja.
Geotekstili se polažu s preklopom od min. 30 do 50 cm u podložnom i pokrovnom sloju geomembrane.
Geomembrana se spaja prikladnom metodom za ostvariravanje vodonepropusnog sloja (npr. s preklopom min. 8 cm metodom vrućeg spajanja dvostrukim varom za što izvoditelj mora imati obučene i ovlaštene zavarivače od proizvođača membrane.
Obračun po m2 razvijne površine, a količina, tip i oblik spojeva za varenje geomembrane prema detaljima iz projekta. NUDIMO EPDM GEOMEMBRANU ELEVATE RUBBERGARD ",800,m2,20,16000,,0,
,,ZTV - Dodatni tehnički uvjeti ugovora,"1.) Dodatni ugovoreni tehnički uvjeti su dio opisa usluga te u slučaju narudžbe postaju dio ugovora. Izvođač radova se dakle obavezuje na sve usluge i primjene koje proizlaze iz ovih uvjeta te su one uračunate u cijenu, ukoliko nisu zasebno ponuđene.

2.) Usluge se prikazuju kao neto iznos u državnoj valuti. Važeći zakonski propisani porez na dodanu vrijednost obračunava se zasebno.

3.) U slučaju proturječnosti dodatnih ugovorenih tehničkih uvjeta vrijede prvenstveno podaci iz popisa usluga. U slučaju proturječnosti između popisa usluga i planske dokumentacije koja se predaje prilikom natječaja, vrijedi planska dokumentacija.

4.) Ponuditelj se prije izdavanja ponude detaljno informirao o građevinskim zadaćama koje treba izvesti, ukoliko su povezane s ponuđenim i planiranim uslugama, tako da na temelju popisa usluga nema nikakvih nejasnoća kod obračuna. Naknadne reklamacije koje proizlaze iz nepoznavanja natječajne dokumentacije neće se uvažavati.

5.) Planovi i u njima navedeni objekti koji se izdaju prilikom natječaja služe za informaciju. Ta dokumentacija ponuditelja ne oslobađa od obveze za vlastitim pribavljanjem svih potrebnih informacija za određivanje cijene detaljnim pregledavanjem planskih dokumenata.

6.) Ponuditelj je posjetio lokacije kako bi procijenio sve potrebne usluge. Svi vidljivi uvjeti koji utječu na formiranje cijene uzeti su u obzir prilikom određivanja jedinične cijene.

7.) Organizacija gradilišta za vlastite potrebe uračunata je u cijenu, ukoliko nije ponuđena kao zasebna stavka.

8.) Sve potrebne naprave za podizanje, skele, strojevi, alati, pomoćna sredstva i konstrukcije uzeti su u obzir te su uračunati u cijenu.

9.) Skele za radove na fasadi i radove na krovu predmet su ovog natječaja. Ponuditelj smije koristiti postojeće skele uz poštivanje sigurnosnih uvjeta i na vlastitu odgovornost. Preinake na skelama nisu dozvoljene te se one moraju predati u ispravnom stanju u kojem su i preuzete.

10.) Struju i vodu na gradilištu osigurava odjeljak za organizaciju gradilišta od mjesta distribucije odnosno crpljenja za sve ostale usluge i radove.

11.) Ponuditelj je obvezan redovno prikupljati i pravilno odložiti sve otpadne materijale, ostatke, krhotine, građevinski otpad, ambalaže, obični otpad i slično o vlastitom trošku. Kod odlaganja otpada potrebno je pridržavati se svih javnopravnih uputa i propisa.

12.) Onečišćenja koja uslijed radova nastaju na susjednim terenima, zgradama, putovima, cestama, trgovima i slično, izvođač radova svakodnevno treba očistiti.

13.) Izvođač preuzima odgovornost za osiguravanje, skladištenje i spremanje vlastitih građevinskih naprava, strojeva, uređaja, alata i slično. Jednako vrijedi i za građevinske materijale, elemente i za ugradnju određenih uređaja i objekata sve do primopredaje obavljenih građevinskih usluga.

14.) Građevinski i konstrukcijski elementi se prilikom izvođenja radova odgovarajućim mjerama trebaju zaštititi od onečišćenja i oštećenja. Jednako tako i izvođač treba zaštititi vlastite usluge sve do primopredaje obavljenih građevinskih usluga.

15.) Sve potrebne mjere prema javnopravnim uputama i propisima za sigurnost i zaštitu zdravlja trebaju se uzeti u obzir te ih se treba pridržavati prilikom izvođenja radova.

16.) Prilikom izdavanja ponude i izvođenja radova treba se uzeti u obzir, uračunati i pridržavati se
- svih državnih i javnopravnih zakona, smjernica i propisa
- svih odgovarajućih tehničkih standarda, pravila i smjernica
- općeprihvaćenih pravila tehnike
- uputa, propisa i napomena proizvođača za ugradnju i obradu
- Kauflandovih građevinskih opisa, ugovorenih uvjeta i ostalih Kauflandovih dokumenata i planova
.

17.) Navedene usluge podrazumijevaju se kao gotove, potpune i funkcionirajuće, uklj. sve potrebne male dijelove i sredstva za pričvršćivanje, pomoćne materijale i sredstva, podkonstrukcije itd., kao i sve dodatne i posebne usluge - čak i kada one nisu detaljno opisane.

18.) Ako su treće stranke uključene u izvođenje predradnji, izvođač radova ih treba provjeravati. U slučaju nepravilnosti ili prigovora pravovremeno treba informirati naručitelja, tako da može tehnički i organizacijski dovršiti poslove.

19.) Obavezno se treba pridržavati svih Kauflandovih proizvodnih uputa, osim ako postoje opravdani razlozi za odstupanje (npr. dostupnost). U tom slučaju izvođač treba ponuditi istovjetni proizvod ili sustav te potvrditi istovjetnost. O njoj odlučuje naručitelj.

20.) Sustavi se izvode isključivo pomoću komponenata koje su predviđene od strane proizvođača sustava.

21.) Svi materijali, građevinski elementi i uređaji koji neposredno utječu na izgled i funkcionalnost prije ugradnje se trebaju provjeriti. Ugrađuju se tek nakon što naručitelj ili ovlaštena osoba odobri ugradnju na gradilištu. O vrsti i obliku predloška odlučuje naručitelj.

22.) Ukoliko nisu ponuđene kao posebne stavke, troškovi za projektiranje usluga trebaju se uračunati u cijene pojedinih radova. Opseg projektiranja ovisno o radnji i potrebi može uključivati lokalno mjerenje, statičke proračune, planiranje radova, proizvodnje, detalja i montaže na temelju Kauflandovih podataka i izradu revizijskih dokumenata.

23.) Sve konstrukcije, načini gradnje i sustavi moraju biti izvedeni tako da mogu prihvatiti odnosno kompenzirati uobičajene i dozvoljene tolerancije u pripremnim radovima odnosno u tlu.

24.) Otežane okolnosti koje su uvjetovane godišnjim dobom ili vremenskim uvjetima i koje se u normalnim uvjetima trebaju uzeti u obzir, ne predstavljaju opravdan razlog za dodatne troškove ili produženje rokova izvođenja. U slučaju dvojbe izvođač mora dokazati prisutnost izvanrednih okolnosti.

25.) Ovisno o gradilištu i uslugama potrebno je uzeti u obzir i uračunati sljedeće primjene i usluge, čak i ako nisu izričito navedene u popisu usluga:
- sve vrste transporta građevinskih materijala, elemenata, uređaja, objekata itd. do mjesta ugradnje
- potrebne i uobičajene pripreme i predobrade tla
- sve vrste bušenja, zavarivanja, lijepljenja, malih dijelova, sredstava za pričvršćivanje, međupoložaja, izolacije, brtvljenja, folija, spojeva itd. koje su potrebne za priključak, montažu i pričvršćivanje građevinskih dijelova i elemenata
- stručna priprema i priključak na sve okolne dijelove, ugradbene i nadgradne elemente i propuste
- sve izrade kutova, spojnih površina i elemenata, završnih elemenata, slobodnih krajeva itd.
- sve podloge za montažu, priključak i pričvršćivanje kao što su beton, zidani elementi, čelik, aluminij, limovi, gips karton, itd.
- potrebne spojne, kose i okrugle rezove te ostatke rezanja
- Izrada otvora i proreza za instalacije i ugradbene elemente drugih izvođača
- interno povezivanje kablovima i priključak objekata, dovod prema električnim trošilima na gradilištu od strane elektro izvođača",,,,,,,
,,Razredi tla,"Razredi tla koji se navode u pozicijama definiraju se na sljedeći način:
Razred tla 1: Gornji pod
Razred tla 2: Tekuće vrste poda
Razred tla 3: Lako odvojive podne obloge
Razred tla 4: Srednje topljive vrste poda
Razred tla 5: Teško topljive vrste poda
Razred tla 6: Lako odvojivi kamen i slične vrste poda
Razred tla 7: Teško topljivi kamen

Vrijednosti štetnih tvari u tlu koje se navode u pozicijama definiraju se na sljedeći način:
Z0: neopterećen pod, ugradnja je moguća bez ograničenja
Z1: Mogućnost ugradnje je ograničena
Z2: Mogućnost ugradnje je vrlo ograničena

Razredi deponija za otpad koji se navode u pozicijama definiraju se na sljedeći način:
DK0: Deponij za mineralni otpad s niskim udjelom štetnih tvari. Radi se o redovnom deponiju za neopterećeni iskopni materijal i eventualni građevinski otpad ili usporedivi mineralni industrijski ili komercijalni otpad.
DKI: Deponij za srednje opterećeni (bezopasni) otpad. Radi se o redovnom deponiju za srednje opterećni iskopni materijal i građevinski otpad te usporedivi mineralni komercijalni otpad.
DKII: Deponij za opterećeni, ali bezopasni otpad. Radi se o redovnom deponiju za odlaganje predobrađenog kućnog otpada i usporedivog mineralnog komercijalnog otpada.",,,,,,,
,,Opseg usluga,"U sljedećim pozicijama potrebno je uzeti u obzir i uračunati sljedeće usluge, čak i ako nisu izričito navedene:
- sve podatke i informacije o građevinskom terenu i podzemnim vodama koji su navedeni u procjeni građevinskog terena
- Utvrđivanje stanja okolnih terena, objekata, putova, cesta, trgova i slično, uključujući protokoliranje
- Uklanjanje oštećenja okolnih terena, objekata, putova, cesta, trgova i slično koji nastaju uslijed radova
- Zaštitu postojećih stabala i grmlja
- Utvrđivanje i razmatranje potrebnih mjera za zaštitu (podzemnih) voda
- Utvrđivanje i razmatranje potrebnih mjera za zaštitu od buke
- lokalizaciju i po potrebi osiguravanje postojećih vodova i kanala u radnom području izvođača
- lokalizaciju i po potrebi osiguravanje građevinskih objekata u radnom području izvođača
- lokalizaciju i po potrebi osiguravanje iskolčenja, graničnih kamenja, referentnih točaka, visinskih oznaka, itd. u radnom području izvođača
- ishođenje potrebnih dozvola za iskop kod nadležnih tijela
- ishođenje potrebnih dozvola kod postavljanja sidra na susjednim terenima
- Međutransporte i skladištenja radnog materijala izvođača, npr. za stvaranje slobodnog prostora za druge radove
- Ručne radove ukoliko nije moguće koristiti strojeve
- Ishođenje potrebnih javnopravnih dozvola za radove ugradnje
- Mjerenje i niveliranje usluga od zadanih mjernih točaka odnosno osi
- Vađenje ili rezanje pilota do planirane visine, uklj. spojnu armaturu
- Prihvat i odlaganje ostataka od bušenja
- Prihvat i odlaganje prekomjernog betona i žbuke
- Prihvat i odlaganje dodataka za bušenje i ispiranje
- stručna provedba svih potrebnih naknadnih obrada
- Zaštite na rubovima, zaštite od pada i propadanja u sklopu usluga, i nakon završetka provedbe",,,,,,,
205.010,,Zidovi zaštitnih pregrada,,,,,0,,,
205.020,,Potporni zidovi,,,,,0,,,
205.030,,Zidovi od pilota,,,,,0,,,
205.040,,Žljebasti zidovi,,,,,0,,,
205.050,,Zidovi s klinovima,,,,,0,,,
205.060,,Podloge,,,,,0,,,
205.070,,Ostali,,,,,0,,,
206,,Drenaža,,,,,0,,,
206.000,,Prethodne napomene,,,,,0,,,
,,ZTV - Dodatni tehnički uvjeti ugovora,"1.) Dodatni ugovoreni tehnički uvjeti su dio opisa usluga te u slučaju narudžbe postaju dio ugovora. Izvođač radova se dakle obavezuje na sve usluge i primjene koje proizlaze iz ovih uvjeta te su one uračunate u cijenu, ukoliko nisu zasebno ponuđene.

2.) Usluge se prikazuju kao neto iznos u državnoj valuti. Važeći zakonski propisani porez na dodanu vrijednost obračunava se zasebno.

3.) U slučaju proturječnosti dodatnih ugovorenih tehničkih uvjeta vrijede prvenstveno podaci iz popisa usluga. U slučaju proturječnosti između popisa usluga i planske dokumentacije koja se predaje prilikom natječaja, vrijedi planska dokumentacija.

4.) Ponuditelj se prije izdavanja ponude detaljno informirao o građevinskim zadaćama koje treba izvesti, ukoliko su povezane s ponuđenim i planiranim uslugama, tako da na temelju popisa usluga nema nikakvih nejasnoća kod obračuna. Naknadne reklamacije koje proizlaze iz nepoznavanja natječajne dokumentacije neće se uvažavati.

5.) Planovi i u njima navedeni objekti koji se izdaju prilikom natječaja služe za informaciju. Ta dokumentacija ponuditelja ne oslobađa od obveze za vlastitim pribavljanjem svih potrebnih informacija za određivanje cijene detaljnim pregledavanjem planskih dokumenata.

6.) Ponuditelj je posjetio lokacije kako bi procijenio sve potrebne usluge. Svi vidljivi uvjeti koji utječu na formiranje cijene uzeti su u obzir prilikom određivanja jedinične cijene.

7.) Organizacija gradilišta za vlastite potrebe uračunata je u cijenu, ukoliko nije ponuđena kao zasebna stavka.

8.) Sve potrebne naprave za podizanje, skele, strojevi, alati, pomoćna sredstva i konstrukcije uzeti su u obzir te su uračunati u cijenu.

9.) Skele za radove na fasadi i radove na krovu predmet su ovog natječaja. Ponuditelj smije koristiti postojeće skele uz poštivanje sigurnosnih uvjeta i na vlastitu odgovornost. Preinake na skelama nisu dozvoljene te se one moraju predati u ispravnom stanju u kojem su i preuzete.

10.) Struju i vodu na gradilištu osigurava odjeljak za organizaciju gradilišta od mjesta distribucije odnosno crpljenja za sve ostale usluge i radove.

11.) Ponuditelj je obvezan redovno prikupljati i pravilno odložiti sve otpadne materijale, ostatke, krhotine, građevinski otpad, ambalaže, obični otpad i slično o vlastitom trošku. Kod odlaganja otpada potrebno je pridržavati se svih javnopravnih uputa i propisa.

12.) Onečišćenja koja uslijed radova nastaju na susjednim terenima, zgradama, putovima, cestama, trgovima i slično, izvođač radova svakodnevno treba očistiti.

13.) Izvođač preuzima odgovornost za osiguravanje, skladištenje i spremanje vlastitih građevinskih naprava, strojeva, uređaja, alata i slično. Jednako vrijedi i za građevinske materijale, elemente i za ugradnju određenih uređaja i objekata sve do primopredaje obavljenih građevinskih usluga.

14.) Građevinski i konstrukcijski elementi se prilikom izvođenja radova odgovarajućim mjerama trebaju zaštititi od onečišćenja i oštećenja. Jednako tako i izvođač treba zaštititi vlastite usluge sve do primopredaje obavljenih građevinskih usluga.

15.) Sve potrebne mjere prema javnopravnim uputama i propisima za sigurnost i zaštitu zdravlja trebaju se uzeti u obzir te ih se treba pridržavati prilikom izvođenja radova.

16.) Prilikom izdavanja ponude i izvođenja radova treba se uzeti u obzir, uračunati i pridržavati se
- svih državnih i javnopravnih zakona, smjernica i propisa
- svih odgovarajućih tehničkih standarda, pravila i smjernica
- općeprihvaćenih pravila tehnike
- uputa, propisa i napomena proizvođača za ugradnju i obradu
- Kauflandovih građevinskih opisa, ugovorenih uvjeta i ostalih Kauflandovih dokumenata i planova
.

17.) Navedene usluge podrazumijevaju se kao gotove, potpune i funkcionirajuće, uklj. sve potrebne male dijelove i sredstva za pričvršćivanje, pomoćne materijale i sredstva, podkonstrukcije itd., kao i sve dodatne i posebne usluge - čak i kada one nisu detaljno opisane.

18.) Ako su treće stranke uključene u izvođenje predradnji, izvođač radova ih treba provjeravati. U slučaju nepravilnosti ili prigovora pravovremeno treba informirati naručitelja, tako da može tehnički i organizacijski dovršiti poslove.

19.) Obavezno se treba pridržavati svih Kauflandovih proizvodnih uputa, osim ako postoje opravdani razlozi za odstupanje (npr. dostupnost). U tom slučaju izvođač treba ponuditi istovjetni proizvod ili sustav te potvrditi istovjetnost. O njoj odlučuje naručitelj.

20.) Sustavi se izvode isključivo pomoću komponenata koje su predviđene od strane proizvođača sustava.

21.) Svi materijali, građevinski elementi i uređaji koji neposredno utječu na izgled i funkcionalnost prije ugradnje se trebaju provjeriti. Ugrađuju se tek nakon što naručitelj ili ovlaštena osoba odobri ugradnju na gradilištu. O vrsti i obliku predloška odlučuje naručitelj.

22.) Ukoliko nisu ponuđene kao posebne stavke, troškovi za projektiranje usluga trebaju se uračunati u cijene pojedinih radova. Opseg projektiranja ovisno o radnji i potrebi može uključivati lokalno mjerenje, statičke proračune, planiranje radova, proizvodnje, detalja i montaže na temelju Kauflandovih podataka i izradu revizijskih dokumenata.

23.) Sve konstrukcije, načini gradnje i sustavi moraju biti izvedeni tako da mogu prihvatiti odnosno kompenzirati uobičajene i dozvoljene tolerancije u pripremnim radovima odnosno u tlu.

24.) Otežane okolnosti koje su uvjetovane godišnjim dobom ili vremenskim uvjetima i koje se u normalnim uvjetima trebaju uzeti u obzir, ne predstavljaju opravdan razlog za dodatne troškove ili produženje rokova izvođenja. U slučaju dvojbe izvođač mora dokazati prisutnost izvanrednih okolnosti.

25.) Ovisno o gradilištu i uslugama potrebno je uzeti u obzir i uračunati sljedeće primjene i usluge, čak i ako nisu izričito navedene u popisu usluga:
- sve vrste transporta građevinskih materijala, elemenata, uređaja, objekata itd. do mjesta ugradnje
- potrebne i uobičajene pripreme i predobrade tla
- sve vrste bušenja, zavarivanja, lijepljenja, malih dijelova, sredstava za pričvršćivanje, međupoložaja, izolacije, brtvljenja, folija, spojeva itd. koje su potrebne za priključak, montažu i pričvršćivanje građevinskih dijelova i elemenata
- stručna priprema i priključak na sve okolne dijelove, ugradbene i nadgradne elemente i propuste
- sve izrade kutova, spojnih površina i elemenata, završnih elemenata, slobodnih krajeva itd.
- sve podloge za montažu, priključak i pričvršćivanje kao što su beton, zidani elementi, čelik, aluminij, limovi, gips karton, itd.
- potrebne spojne, kose i okrugle rezove te ostatke rezanja
- Izrada otvora i proreza za instalacije i ugradbene elemente drugih izvođača
- interno povezivanje kablovima i priključak objekata, dovod prema električnim trošilima na gradilištu od strane elektro izvođača",,,,,,,
,,Razvrstavanje podova,"Razredi tla koji se navode u pozicijama definiraju se na sljedeći način:
Razred tla 1: Gornji pod
Razred tla 2: Tekuće vrste poda
Razred tla 3: Lako odvojive podne obloge
Razred tla 4: Srednje topljive vrste poda
Razred tla 5: Teško topljive vrste poda
Razred tla 6: Lako odvojivi kamen i slične vrste poda
Razred tla 7: Teško topljivi kamen

Vrijednosti štetnih tvari u tlu koje se navode u pozicijama definiraju se na sljedeći način:
Z0: neopterećen pod, ugradnja je moguća bez ograničenja
Z1: Mogućnost ugradnje je ograničena
Z2: Mogućnost ugradnje je vrlo ograničena

Razredi deponija za otpad koji se navode u pozicijama definiraju se na sljedeći način:
DK0: Deponij za mineralni otpad s niskim udjelom štetnih tvari. Radi se o redovnom deponiju za neopterećeni iskopni materijal i eventualni građevinski otpad ili usporedivi mineralni industrijski ili komercijalni otpad.
DKI: Deponij za srednje opterećeni (bezopasni) otpad. Radi se o redovnom deponiju za srednje opterećni iskopni materijal i građevinski otpad te usporedivi mineralni komercijalni otpad.
DKII: Deponij za opterećeni, ali bezopasni otpad. Radi se o redovnom deponiju za odlaganje predobrađenog kućnog otpada i usporedivog mineralnog komercijalnog otpada.",,,,,,,
,,Razgraničenje usluga odvodnje,"U sljedećim pozicijama potrebno je uzeti u obzir i uračunati sljedeće usluge, čak i ako nisu izričito navedene:
- sve podatke i informacije o građevinskom terenu i podzemnim vodama koji su navedeni u procjeni građevinskog terena
- Utvrđivanje stanja okolnih terena, objekata, putova, cesta, trgova i slično, uključujući protokoliranje
- Uklanjanje oštećenja okolnih terena, objekata, putova, cesta, trgova i slično koji nastaju uslijed radova
- Zaštitu postojećih stabala i grmlja
- Utvrđivanje i razmatranje potrebnih mjera za zaštitu (podzemnih) voda
- lokalizaciju i po potrebi osiguravanje postojećih vodova i kanala u radnom području izvođača
- lokalizaciju i po potrebi osiguravanje građevinskih objekata u radnom području izvođača
- lokalizaciju i po potrebi osiguravanje iskolčenja, graničnih kamenja, referentnih točaka, visinskih oznaka, itd. u radnom području izvođača
- ishođenje potrebnih dozvola za iskop kod nadležnih tijela
- Međutransporte i skladištenja radnog materijala izvođača, npr. za stvaranje slobodnog prostora za druge radove
- Ručne radove ukoliko nije moguće koristiti strojeve
- Ishođenje potrebnih javnopravnih dozvola za odvođenje vode",,,,,,,
206.010,,Otvorena drenaža,,,,,0,,,
206.020,,Zatvorena drenaža,,,,,0,,,
206.030,,Prijenosi kanalizacije,,,,,0,,,
206.040,,Ostali,,,,,0,,,
207,,Drenažni / dovodni vodovi,,,,,0,,,
207.000,,Prethodne napomene,,,,,0,,,
,,ZTV - Dodatni tehnički uvjeti ugovora,"1.) Dodatni ugovoreni tehnički uvjeti su dio opisa usluga te u slučaju narudžbe postaju dio ugovora. Izvođač radova se dakle obavezuje na sve usluge i primjene koje proizlaze iz ovih uvjeta te su one uračunate u cijenu, ukoliko nisu zasebno ponuđene.

2.) Usluge se prikazuju kao neto iznos u državnoj valuti. Važeći zakonski propisani porez na dodanu vrijednost obračunava se zasebno.

3.) U slučaju proturječnosti dodatnih ugovorenih tehničkih uvjeta vrijede prvenstveno podaci iz popisa usluga. U slučaju proturječnosti između popisa usluga i planske dokumentacije koja se predaje prilikom natječaja, vrijedi planska dokumentacija.

4.) Ponuditelj se prije izdavanja ponude detaljno informirao o građevinskim zadaćama koje treba izvesti, ukoliko su povezane s ponuđenim i planiranim uslugama, tako da na temelju popisa usluga nema nikakvih nejasnoća kod obračuna. Naknadne reklamacije koje proizlaze iz nepoznavanja natječajne dokumentacije neće se uvažavati.

5.) Planovi i u njima navedeni objekti koji se izdaju prilikom natječaja služe za informaciju. Ta dokumentacija ponuditelja ne oslobađa od obveze za vlastitim pribavljanjem svih potrebnih informacija za određivanje cijene detaljnim pregledavanjem planskih dokumenata.

6.) Ponuditelj je posjetio lokacije kako bi procijenio sve potrebne usluge. Svi vidljivi uvjeti koji utječu na formiranje cijene uzeti su u obzir prilikom određivanja jedinične cijene.

7.) Organizacija gradilišta za vlastite potrebe uračunata je u cijenu, ukoliko nije ponuđena kao zasebna stavka.

8.) Sve potrebne naprave za podizanje, skele, strojevi, alati, pomoćna sredstva i konstrukcije uzeti su u obzir te su uračunati u cijenu.

9.) Skele za radove na fasadi i radove na krovu predmet su ovog natječaja. Ponuditelj smije koristiti postojeće skele uz poštivanje sigurnosnih uvjeta i na vlastitu odgovornost. Preinake na skelama nisu dozvoljene te se one moraju predati u ispravnom stanju u kojem su i preuzete.

10.) Struju i vodu na gradilištu osigurava odjeljak za organizaciju gradilišta od mjesta distribucije odnosno crpljenja za sve ostale usluge i radove.

11.) Ponuditelj je obvezan redovno prikupljati i pravilno odložiti sve otpadne materijale, ostatke, krhotine, građevinski otpad, ambalaže, obični otpad i slično o vlastitom trošku. Kod odlaganja otpada potrebno je pridržavati se svih javnopravnih uputa i propisa.

12.) Onečišćenja koja uslijed radova nastaju na susjednim terenima, zgradama, putovima, cestama, trgovima i slično, izvođač radova svakodnevno treba očistiti.

13.) Izvođač preuzima odgovornost za osiguravanje, skladištenje i spremanje vlastitih građevinskih naprava, strojeva, uređaja, alata i slično. Jednako vrijedi i za građevinske materijale, elemente i za ugradnju određenih uređaja i objekata sve do primopredaje obavljenih građevinskih usluga.

14.) Građevinski i konstrukcijski elementi se prilikom izvođenja radova odgovarajućim mjerama trebaju zaštititi od onečišćenja i oštećenja. Jednako tako i izvođač treba zaštititi vlastite usluge sve do primopredaje obavljenih građevinskih usluga.

15.) Sve potrebne mjere prema javnopravnim uputama i propisima za sigurnost i zaštitu zdravlja trebaju se uzeti u obzir te ih se treba pridržavati prilikom izvođenja radova.

16.) Prilikom izdavanja ponude i izvođenja radova treba se uzeti u obzir, uračunati i pridržavati se
- svih državnih i javnopravnih zakona, smjernica i propisa
- svih odgovarajućih tehničkih standarda, pravila i smjernica
- općeprihvaćenih pravila tehnike
- uputa, propisa i napomena proizvođača za ugradnju i obradu
- Kauflandovih građevinskih opisa, ugovorenih uvjeta i ostalih Kauflandovih dokumenata i planova
.

17.) Navedene usluge podrazumijevaju se kao gotove, potpune i funkcionirajuće, uklj. sve potrebne male dijelove i sredstva za pričvršćivanje, pomoćne materijale i sredstva, podkonstrukcije itd., kao i sve dodatne i posebne usluge - čak i kada one nisu detaljno opisane.

18.) Ako su treće stranke uključene u izvođenje predradnji, izvođač radova ih treba provjeravati. U slučaju nepravilnosti ili prigovora pravovremeno treba informirati naručitelja, tako da može tehnički i organizacijski dovršiti poslove.

19.) Obavezno se treba pridržavati svih Kauflandovih proizvodnih uputa, osim ako postoje opravdani razlozi za odstupanje (npr. dostupnost). U tom slučaju izvođač treba ponuditi istovjetni proizvod ili sustav te potvrditi istovjetnost. O njoj odlučuje naručitelj.

20.) Sustavi se izvode isključivo pomoću komponenata koje su predviđene od strane proizvođača sustava.

21.) Svi materijali, građevinski elementi i uređaji koji neposredno utječu na izgled i funkcionalnost prije ugradnje se trebaju provjeriti. Ugrađuju se tek nakon što naručitelj ili ovlaštena osoba odobri ugradnju na gradilištu. O vrsti i obliku predloška odlučuje naručitelj.

22.) Ukoliko nisu ponuđene kao posebne stavke, troškovi za projektiranje usluga trebaju se uračunati u cijene pojedinih radova. Opseg projektiranja ovisno o radnji i potrebi može uključivati lokalno mjerenje, statičke proračune, planiranje radova, proizvodnje, detalja i montaže na temelju Kauflandovih podataka i izradu revizijskih dokumenata.

23.) Sve konstrukcije, načini gradnje i sustavi moraju biti izvedeni tako da mogu prihvatiti odnosno kompenzirati uobičajene i dozvoljene tolerancije u pripremnim radovima odnosno u tlu.

24.) Otežane okolnosti koje su uvjetovane godišnjim dobom ili vremenskim uvjetima i koje se u normalnim uvjetima trebaju uzeti u obzir, ne predstavljaju opravdan razlog za dodatne troškove ili produženje rokova izvođenja. U slučaju dvojbe izvođač mora dokazati prisutnost izvanrednih okolnosti.

25.) Ovisno o gradilištu i uslugama potrebno je uzeti u obzir i uračunati sljedeće primjene i usluge, čak i ako nisu izričito navedene u popisu usluga:
- sve vrste transporta građevinskih materijala, elemenata, uređaja, objekata itd. do mjesta ugradnje
- potrebne i uobičajene pripreme i predobrade tla
- sve vrste bušenja, zavarivanja, lijepljenja, malih dijelova, sredstava za pričvršćivanje, međupoložaja, izolacije, brtvljenja, folija, spojeva itd. koje su potrebne za priključak, montažu i pričvršćivanje građevinskih dijelova i elemenata
- stručna priprema i priključak na sve okolne dijelove, ugradbene i nadgradne elemente i propuste
- sve izrade kutova, spojnih površina i elemenata, završnih elemenata, slobodnih krajeva itd.
- sve podloge za montažu, priključak i pričvršćivanje kao što su beton, zidani elementi, čelik, aluminij, limovi, gips karton, itd.
- potrebne spojne, kose i okrugle rezove te ostatke rezanja
- Izrada otvora i proreza za instalacije i ugradbene elemente drugih izvođača
- interno povezivanje kablovima i priključak objekata, dovod prema električnim trošilima na gradilištu od strane elektro izvođača",,,,,,,
,,Razgraničenje odvodnih / opskrbnih vodova usluga,"U sljedećim pozicijama potrebno je uzeti u obzir i uračunati sljedeće usluge, čak i ako nisu izričito navedene:
- Mjerenje i niveliranje usluga od zadanih mjernih točaka odnosno osi
- Izrada odnosno zatvaranje fugama uključuje nanošenje žbuke i trajno elastično brtvljenje pomoću konopa ili PU mase za fugiranje.
- Zaštite na rubovima, zaštite od pada i propadanja u sklopu usluga, i nakon završetka montaže
- Iskop jarka za cijev i polaganje cijevi uključeni su u zemljane radove",,,,,,,
207.010,,PVC cijevi,,,,,0,,,
207.010.00100,,,"Nabava, doprema i montaža kanalizacijskih cijevi (KG) od PVC-a prema DIN EN 13476 s ojačanom spojnicom i integriranom brtvom te ugraditi vodonepropusno i spojiti u jednoj liniji i na ispravnoj visini na pripremljenu posteljicu u nagibu, uključujući dijelove za spajanje, priključke i sve fazonske komade kao što su koljena, račve, redukcije, itd.

Primjena: Otpadne i oborinske vode
Nazivni promjer: DN100",370,m,,,,0,
207.010.00105,,"x..EW3..x - kanalizacijske cijevi PVC, DN150","Nabava, doprema i montaža kanalizacijskih cijevi (KG) od PVC-a prema DIN EN 13476 s ojačanom spojnicom i integriranom brtvom te ugraditi vodonepropusno i spojiti u jednoj liniji i na ispravnoj visini na pripremljenu posteljicu u nagibu, uključujući dijelove za spajanje, priključke i sve fazonske komade kao što su koljena, račve, redukcije, itd.

Primjena: Otpadne i oborinske vode
Nazivni promjer: DN150",200,m,,,,0,
207.010.00110,,"x..EW3..x - kanalizacijske cijevi PVC, DN200 za slivničke priključke","Nabava, doprema i montaža kanalizacijskih cijevi (KG) od PVC-a prema DIN EN 13476 s ojačanom spojnicom i integriranom brtvom te ugraditi vodonepropusno i spojiti u jednoj liniji i na ispravnoj visini na pripremljenu posteljicu u nagibu, uključujući dijelove za spajanje, priključke i sve fazonske komade kao što su koljena, račve, redukcije, itd.

Primjena: Otpadne i oborinske vode
Nazivni promjer: DN200",245,m,,,,0,
207.020,,PP cijevi,,,,,0,,,
207.030,,Linije izrađene od PP kompozitnih cijevi,,,,,0,,,
207.030.00100,,"- Kanalizacijske cijevi PP kompozitna cijev, SN 8, DN150","Nabava, doprema i montaža kanalizacijskih cijevi kao i spojnih komada od PP-a s profiliranim vanjskim rubovima i glatkom unutarnjom površinom prema DIN EN 13476 s dvostrukim spojnicama i brtvenim prstenima nepropusno spojiti i postaviti u jednoj liniji i na ispravnoj visini na pripremljenu posteljicu u nagibu, uklj. dijelove za spajanje, priključke i sve fazonske komade kao što su koljena, račve, redukcije, itd.

Primjena: Otpadne i oborinske vode
Nazivni promjer: DN150
Krutost prstena: SN 8",130,m,,,,0,
207.030.00105,,"- Kanalizacijske cijevi PP kompozitna cijev, SN 8, DN200","Nabava, doprema i montaža kanalizacijskih cijevi kao i spojnih komada od PP-a s profiliranim vanjskim rubovima i glatkom unutarnjom površinom prema DIN EN 13476 s dvostrukim spojnicama i brtvenim prstenima nepropusno spojiti i postaviti u jednoj liniji i na ispravnoj visini na pripremljenu posteljicu u nagibu, uklj. dijelove za spajanje, priključke i sve fazonske komade kao što su koljena, račve, redukcije, itd.

Primjena: Otpadne i oborinske vode
Nazivni promjer: DN200
Krutost prstena: SN 8",60,m,,,,0,
207.030.00110,,"- Kanalizacijske cijevi PP kompozitna cijev, SN 8, DN250","Nabava, doprema i montaža kanalizacijskih cijevi kao i spojnih komada od PP-a s profiliranim vanjskim rubovima i glatkom unutarnjom površinom prema DIN EN 13476 s dvostrukim spojnicama i brtvenim prstenima nepropusno spojiti i postaviti u jednoj liniji i na ispravnoj visini na pripremljenu posteljicu u nagibu, uklj. dijelove za spajanje, priključke i sve fazonske komade kao što su koljena, račve, redukcije, itd.

Primjena: Otpadne i oborinske vode
Nazivni promjer: DN250
Krutost prstena: SN 8",25,m,,,,0,
207.030.00115,,"- Kanalizacijske cijevi PP kompozitna cijev, SN 8, DN300","Nabava, doprema i montaža kanalizacijskih cijevi kao i spojnih komada od PP-a s profiliranim vanjskim rubovima i glatkom unutarnjom površinom prema DIN EN 13476 s dvostrukim spojnicama i brtvenim prstenima nepropusno spojiti i postaviti u jednoj liniji i na ispravnoj visini na pripremljenu posteljicu u nagibu, uklj. dijelove za spajanje, priključke i sve fazonske komade kao što su koljena, račve, redukcije, itd.

Primjena: Otpadne i oborinske vode
Nazivni promjer: DN300
Krutost prstena: SN 8",150,m,,,,0,
207.030.00120,,"- Kanalizacijske cijevi PP kompozitna cijev, SN 16, DN300 za cestovnu oborinsku odvodnju","Kanalizacijske cijevi kao spojne cijevi od PP-a s profiliranim vanjskim rubovima i glatkom unutarnjom površinom prema DIN EN 13476 s dvostrukim spojnicama i brtvenim prstenima nepropusno spojiti i postaviti u jednoj liniji i na ispravnoj visini na postelju od pijeska, kamenja ili finog šljunka u nagibu, uklj. dijelove za spajanje, priključke i sve oblikovane komade kao što su lukovi, grananja, redukcije, itd.

Primjena: Otpadne i oborinske vode
Nazivni promjer: DN300
Krutost prstena: SN 16",215.03,m,,,,0,
207.030.00125,,"- Kanalizacijske cijevi PP kompozitna cijev, SN 16, DN400 za cestovnu oborinsku odvodnju","Kanalizacijske cijevi kao spojne cijevi od PP-a s profiliranim vanjskim rubovima i glatkom unutarnjom površinom prema DIN EN 13476 s dvostrukim spojnicama i brtvenim prstenima nepropusno spojiti i postaviti u jednoj liniji i na ispravnoj visini na postelju od pijeska, kamenja ili finog šljunka u nagibu, uklj. dijelove za spajanje, priključke i sve oblikovane komade kao što su lukovi, grananja, redukcije, itd.

Primjena: Otpadne i oborinske vode
Nazivni promjer: DN400
Krutost prstena: SN 16",55.86,m,,,,0,
207.040,,Linije od PE-HD kompozitnih cijevi,,,,,0,,,
207.050,,SML cijevi,,,,,0,,,
207.060,,Betonske cijevi,,,,,0,,,
207.070,,PE-HD tlačne cijevi,,,,,0,,,
207.070.00100,,"- Tlačne cijevi PE-HD, DN40","Tlačne cijevi od PE-HD-a prema DIN EN 12201 isporučiti kao pojedinačne komade ili spojene u prsten, pomoću zavarenih spojnica nepropusno spojiti i postaviti u jednoj liniji i na ispravnoj visini na pripremljenu posteljicu u nagibu, uklj. dijelove za spajanje, priključke i sve oblikovane komade kao što su koljena, račve, redukcije, itd.

Primjena: Opskrba plinom, pitkom vodom ili vodom za gašenje požara
Boja: sukladno primjeni
Razina tlaka: PN 16
Nazivni promjer: DN40",150,m,,,,0,
207.070.00105,,"- Tlačne cijevi PE-HD, DN100","Tlačne cijevi od PE-HD-a prema DIN EN 12201 isporučiti kao pojedinačne komade ili spojene u prsten, pomoću zavarenih spojnica nepropusno spojiti i postaviti u jednoj liniji i na ispravnoj visini na pripremljenu posteljicu u nagibu, uklj. dijelove za spajanje, priključke i sve oblikovane komade kao što su koljena, račve, redukcije, itd.

Primjena: Opskrba plinom, pitkom vodom ili vodom za gašenje požara
Boja: sukladno primjeni
Razina tlaka: PN 16
Nazivni promjer: DN100",200,m,,,,0,
207.070.00110,,"- Tlačne cijevi PE-HD, DN150","Tlačne cijevi od PE-HD-a prema DIN EN 12201 isporučiti kao pojedinačne komade ili spojene u prsten, pomoću zavarenih spojnica nepropusno spojiti i postaviti u jednoj liniji i na ispravnoj visini na pripremljenu posteljicu u nagibu, uklj. dijelove za spajanje, priključke i sve oblikovane komade kao što su koljena, račve, redukcije, itd.

Primjena: Opskrba plinom, pitkom vodom ili vodom za gašenje požara
Boja: sukladno primjeni
Razina tlaka: PN 16
Nazivni promjer: DN150",110,m,,,,0,
207.070.00115,,"- Tlačne cijevi PE-HD, DN200","Tlačne cijevi od PE-HD-a prema DIN EN 12201 isporučiti kao pojedinačne komade ili spojene u prsten, pomoću zavarenih spojnica nepropusno spojiti i postaviti u jednoj liniji i na ispravnoj visini na pripremljenu posteljicu u nagibu, uklj. dijelove za spajanje, priključke i sve oblikovane komade kao što su koljena, račve, redukcije, itd.

Primjena: Opskrba plinom, pitkom vodom ili vodom za gašenje požara
Boja: sukladno primjeni
Razina tlaka: PN 16
Nazivni promjer: DN200",50,m,,,,0,
207.070.00300,,"- Tlačne cijevi PE-HD, DN40","Tlačne cijevi od PE-HD-a prema DIN EN 12201 isporučiti kao pojedinačne komade ili spojene u prsten, pomoću zavarenih spojnica nepropusno spojiti i postaviti u jednoj liniji i na ispravnoj visini na pripremljenu posteljicu u nagibu, uklj. dijelove za spajanje, priključke i sve oblikovane komade kao što su koljena, račve, redukcije, itd.

Primjena: Opskrba plinom, pitkom vodom ili vodom za gašenje požara
Boja: sukladno primjeni
Razina tlaka: PN 16
Nazivni promjer: DN40",150,m,,,,0,
207.070.00600,,"- Tlačne cijevi PE-HD, DN80","Tlačne cijevi od PE-HD-a prema DIN EN 12201 isporučiti kao pojedinačne komade ili spojene u prsten, pomoću zavarenih spojnica nepropusno spojiti i postaviti u jednoj liniji i na ispravnoj visini na pripremljenu posteljicu u nagibu, uklj. dijelove za spajanje, priključke i sve oblikovane komade kao što su koljena, račve, redukcije, itd.

Primjena: Opskrba plinom, pitkom vodom ili vodom za gašenje požara
Boja: sukladno primjeni
Razina tlaka: PN 16
Nazivni promjer: DN80",80,m,,,,0,
207.070.00700,,"- Tlačne cijevi PE-HD, DN100","Tlačne cijevi od PE-HD-a prema DIN EN 12201 isporučiti kao pojedinačne komade ili spojene u prsten, pomoću zavarenih spojnica nepropusno spojiti i postaviti u jednoj liniji i na ispravnoj visini na pripremljenu posteljicu u nagibu, uklj. dijelove za spajanje, priključke i sve oblikovane komade kao što su koljena, račve, redukcije, itd.

Primjena: Opskrba plinom, pitkom vodom ili vodom za gašenje požara
Boja: sukladno primjeni
Razina tlaka: PN 16
Nazivni promjer: DN100",120,m,,,,0,
207.070.00900,,"- Tlačne cijevi PE-HD, DN150","Tlačne cijevi od PE-HD-a prema DIN EN 12201 isporučiti kao pojedinačne komade ili spojene u prsten, pomoću zavarenih spojnica nepropusno spojiti i postaviti u jednoj liniji i na ispravnoj visini na pripremljenu posteljicu u nagibu, uklj. dijelove za spajanje, priključke i sve oblikovane komade kao što su koljena, račve, redukcije, itd.

Primjena: Opskrba plinom, pitkom vodom ili vodom za gašenje požara
Boja: sukladno primjeni
Razina tlaka: PN 16
Nazivni promjer: DN150",120,m,,,,0,
207.070.01000,,"- Tlačne cijevi PE-HD, DN200","Tlačne cijevi od PE-HD-a prema DIN EN 12201 isporučiti kao pojedinačne komade ili spojene u prsten, pomoću zavarenih spojnica nepropusno spojiti i postaviti u jednoj liniji i na ispravnoj visini na pripremljenu posteljicu u nagibu, uklj. dijelove za spajanje, priključke i sve oblikovane komade kao što su koljena, račve, redukcije, itd.

Primjena: Opskrba plinom, pitkom vodom ili vodom za gašenje požara
Boja: sukladno primjeni
Razina tlaka: PN 16
Nazivni promjer: DN200",60,m,,,,0,
207.080,,Kabelski kanali,,,,,0,,,
207.090,,šahtovi,,,,,0,,,
207.090.00100,,- Betonski šaht,"Nabava, doprema i motaža okruglog tipskog betonskog okna (kao tip KBS 12, Samoborka ili jednako vrijedno) koji se sastoji od: Baza montažnog okna je donji element okna unutarnjeg promjera 1000 mm, sa ugrađenim penjalicama i po potrebi i svim projektiranim otvorima za uljeve i odvod. Baze montažnog okna izrađene su postupkom vibroprešanja od betona C 30/37. Za ubetoniravanje spojnog elementa u stjenci okna se izbuši otvor čiji promjer ovisi o promjeru priključne cijevi. Odgovarajuća spojnica se postavi u otvor i ubetonira (C 30/37 S2; Cl 0,20; Dmax=16; VDP3) u stjenku (zid) baze okna. Priključke je moguće izvoditi pod svim zahtjevanim kutevima. Uvodnice (spojnice) se ugrađuju na zahtjev izvođača koji je iste dužan i dostaviti. Prsteni montažnog okna su elementi okna unutarnjeg promjera 1200 mm , a proizvode se u tri različite visine: 250 mm (KBS P/25), 500 mm (KBS P/50), i 1000 mm (KBS P/100), a služe za svladavanje visinske razlike (kao međuelementi između baze okna i završetka).
Svi elementi imaju ugrađene penjalice.Prsteni montažnog okna izrađeni su postupkom vibroprešanja od betona C 30/37. Završetak montažog revizijskog okna smanjuje promjer sa 1200 mm na 625 mm – promjer ljevano-željeznog poklopca (nosivost za teški promet xy). Konusni je završetak (KBS Z konusni) visine 68 cm, dok je ravni završetak (KBS Z ravni) visine 31 cm. Oba su elementa izrađena od betona C 30/37. Revizijsko okno uz obaveznu upotrebu gumenih brtvi za vertikalno spajanje elemenata (baza, prsten, završetak) osigurava potpuno vodonepropusan kanalizacijski sustav. Udovoljava uvjetima norme HRN EN 1917:2005. Obračun po komadu gotovog okna. Obračun se vrši po komadu kompletno izvedenog revizionog okna, uključivo ugradnju RDS prstena za prolaz PVC cijevi kroz betonski zid okna, oplatu zidova i ploča sa podupiranjem, te sve prenose.

Dimenzije: 1000
Dubina kanala: do 2,5 m
Priključci za cijevi: od DN150 do DN400
Razred opterećenja: prema mjestu ugradnje",19,m,,,,0,
207.090.00105,,"- Lijevano željezni poklopac di600, nosivosti D400","Nabava, doprema i montaža okruglih ljevano željeznih poklopaca svijetlog otvora Ø 563 mm sa okvirom za pješačku zonu nosivosti D400 kN (HRN-EN 124). Obračun se vrši po komadu kompletno montiranog poklopca sa okvirom.",19,kom.,,,,0,
207.100,,Drenaža,,,,,0,,,
207.110,,Sustavi za razdvajanje,,,,,0,,,
207.110.00100,,x... SKA1 - koalescentni separator NS 10/100,"Separator lakih tekućina s mimotokom 100. Dobava i ugradnja separatora lakih tekućina s bypassom. Separator mora biti konstruiran, izrađen i testiran prema HRN EN 858, što se dokazuje izjavom o svojstvima i pripadajućim izvještajem laboratorijskog ispitivanja učinkovitosti (za dani protok separatora). Separator nazivne veličine NS10 (protok kroz separator 10 l/s) dok je ukupni protok Qmax=100 l/s. Separator mora imati učinkovitosti izdvajanja lakih tekućina klase I - lakih tekućina u izlaznoj vodi do 5mg/l.",1,Stk.,,,,0,
207.110.00101,,Separator masti - mastolov,"Nabava, dobava i ugradnja separatora masti biljnog i životinjskog porijekla iz centrifugalno lijevanog polietilena. Separator mora biti konstruiran, izrađen i testiran prema HRN EN 1825 nazivne veličine NSx. Separator treba biti siguran od djelovanja sila uzgona do visine podzemne vode do 1m ispod poklopca separatora. Unutarnji elementi separatora trebaju biti izrađeni iz PEHD-a (otpornos na masne kiseline). Separator mora imati Integriranu taložnicu zapremnine najmanje xy litara, dok ukupni volumen ne smije biti veći od xyz lit. Za ugradnju separatora nisu potrebni nikakvi radovi betoniranja. Sve kao ACO LIPUMAX P-B NSx STxyz. Kontrola i pražnjenje separatora se vrši preko poklopca. Pristup u separator treba biti u skladu s HRN EN 476. Priključak uljeva treba biti DN100 utični spoj s kliznom brtvom. Dubina uljevne cijevi, mjereno od kote poklopca do kote dna cijevi uljeva T= xyz m. Separator se treba isporučivati s plinotijesnim poklopcem klase nosivosti xzy, svijetlog otvora promjera 600mm s natpisom ""SEPARATOR"". Obračun se vrši po kompletno montiranom separatoru masti do pune funkcije.",1,kom.,,,,0,
207.120,,Sustavi za podizanje,,,,,0,,,
207.120.00100,,Hidrostanica povišenje i održavanje tlaka - protupožarna hidrostanica,"Nabava, doprema i montaža hidrostanice za povišenje i održavanje tlaka za vanjsku i unutarnju hidrantsku mrežu. Hidrostanica se priključuje na spremnik vode. Protupožarna hidrostanica karakteristika:
Radna točka 1 :
Q=2,5 l/s, H= 43 m
Režim rada – 1 radna crpka
Radna točka 2 :
Q=30 l/s, H= 43 m
Režim rada – 3 radne crpke + 1 rezervna crpka
Protupožarna hidrostanica GRUNDFOS HYDRO MPC-E 4 CRIE32-2 LOW NPSH s četri paralelno spojene crpke tipa CRIE32-2 LOW NPSH sa pojačanom usisnom visinom montirane na zajednički okvir, ulaznim i izlaznim kolektorom DN150 (sve od nehrđajućeg čelika EN/DIN 1.4571/ AISI 316 TI), armaturom, ormarićem za upravljanje GRUNDFOS CONTROL MPC sa ugrađenom mikroprocesorom kontroliranom jedinicom GRUNDFOS CU352 s LCD zaslonom, mogućnošću automatske kaskadne kontrole crpki, frekventnom regulacijom, automatskom samokontrolom crpki te funkcijama zaštite i monitoringa crpki.
Ugrađene crpke su vertikalne, in line crpke s patronskim mehaničkim brtvama, frekventno reguliranim motorima klase energetske efikasnosti IE5 i ugrađenom termičkom zaštitom, izrađene iz nehrđajućeg čelika AISI 304.
Nepovratni ventili moraju biti ugrađeni na usisnim stranama crpki.
Indeks minimalne efikasnosti MEI ≥0,70.
Hidrostanica osim u reżimu konstantnog tlaka mora raditi i u reżimu proporcionalnog tlaka.
Sa hidrostanicom isporučiti i membranski spremnik kapaciteta 100 lit, PN10 bar te plovak za zaštitu od rada na suho.
Puštanje u pogon hidrostanice treba biti izvedeno od strane servisa ovlaštenog od proizvođača GRUNDFOS.
Obračun se vrši po kompletu kompletno montirane hidrostanice, ispitane sa pribavljenim Uvjerenjima do pune funkcije.",1,kom.,,,,0,
207.120.00105,,Prepumpno okno - sanitarno fekalne kanalizacije,"Nabava, doprema i ugradnja potopne kanalizacijska crpka Grundfos SLV.65.65.11.2.50B
Radna točka :
Q = 4 [l/s]
H = 4,5 [m]
• Jedna radna + jedna rezervna crpka (1+1)
Uronjiva kanalizacijska crpka Grundfos tip SLV.65.65.11.2.50B u mokroj izvedbi. Sljedećih tehničkih karakteristika:
Tip impelera: Vortex
Maksimalna veličina čestica: 65 [mm]
Materijal kućišta crpke: Lijevano željezo EN-GJL-250
Materijal impelera: Lijevano željezo EN-GJS-400-15
Izlaz crpke: DN65
Frekvencija glavne mreže: 50 [Hz]
Nazivni napon: 3 x 400-415 [V]
Ulazna snaga (P1): 1,6 [kW]
Nazivna snaga (P2): 1,1 [kW]
Nazivna struja: 3,1 [A]
Nazivna brzina: 2830 [min-1]
Maks. broj pokretanja po satu: 30
Neto masa: 46,5 [kg]
S crpkom se isporučuje sljedeći prateći pribor:
- 10 [m] kabela
- lanac iz nehrđajućeg čelika
Uška za dizanje, spojni vijci i spona motora crpke su izrađeni od INOX materijala.
Brtvljenje je izvedeno dvostrukom osovinskom brtvom patronskog tipa u uljnoj komori.
Antikorozijska zaštita crpke: kataforetski premaz + epoxy premaz.
Crpka je opremljena termičkom zaštitom i zaštitom od prodora vlage.
Uz pumpe u stavci uključena i armatura te fazonski komadi kao i sav spojni i brtveni materijal prema detalju nacrta prepumpnog okna, te puštanje u pogon.",1,kom.,,,,0,
207.120.00110,,Upravljački ormar prepumpne stanice,"Upravljački ormarić za unutarnju ugradnju Grundfos tip LC 231 za dvije crpke s regulacijskom jedinicom i sljedećim mogućnostima:
- mogućnost automatskog izmjeničnog rada crpki,
- regulacija rada dviju crpki na osnovi analognog signala (hidrostatska sonda; 0-5 V, 0.5-3.5 V, 0-10 V, 0-20 mA, 4-20 mA) ili digitalnog (plovka),
- podržava odabir do 5 kontrolnih razina pomoću analogne hidrostatske sonde ili plovka,
- omogućava i jednostavnu regulaciju preko samo jednog plovka,
- moguća konfiguracija ulazno/izlaznih signala na stezaljkama koji mogu biti digitalni ili analogni ( PT100/PT1000 ) prilagođeno potrebnoj aplikaciji,
- prevencija preopterećenja mreže kada se više crpnih stanica pokreće u isto vrijeme pomoću odgode pokretanja crpki,
- zaštita od hidrauličnog udara odgodom istodobnog pokretanja više crpki, te simultanog pokretanja jedne crpke,
- automatsko restartanje alarma,
- postavljanje odgode gašenja pumpe prema postavljenim uvjetima,
- prikaz razine tekućine,
- prikaz alarma sa zvučnim signalom,
- prikaz alarma za krivi redoslijed faza, preopterećenje, rad na suho, visoku razinu tekućine, pregrijavanje motora, detekciju vlage, kvara u opskrbi strujom, greške senzora, preveliki broj uključenja
Mogućnost nadogradnje kartice za upravljanje i nadzor preko CNUS-a.
Specifikacije ormarića Grundfos tip LC 231
Broj pumpi: 2
Materijal ormarića: Plastika
Raspon temperature okoline: -25 .. 40 °C
Postavljanje ormara: Zidno
Uzemljenje: N, PE
Frekvencija glavne mreže: 50 Hz
Nazivni napon: 3 x 200-460 V
Nazivna struja : 1-9 A
Metoda startanja: Direct-on-line (DOL)
Klasa zaštite (IEC 34-5): IP54",1,kom.,,,,0,
207.120.00115,,Potopna pumpa,"Nabava, doprema i ugradnja pumpe za prepumpavanje vode iz vodomjernog okna.
Potrebna pumpa sa sljedećim karakteristikama:
Q= 1,00 lit/sek
H= 5,0 m
0,25 kW ( jednofazna)
U cijenu uključiti potrebne fazonse komade i potreban materijal do pune funkcije pumpe. Obračun po komadu montirane pumpe sa svim potrebnim za montažu i provjeru na nepropusnost spojeva.",1,kom.,,,,0,
207.130,,Ostali,,,,,0,,,
207.130.00100,,- ispitivanje tlaka odvodnih cijevi,"Provedba ispitivanja tlaka u svim gore navedenim Odvodnim cijevima s različitim dimenzijama prema državnim tehničkim propisima u dijelovima, uklj. pripremu cijevi i pripadajuću dokumentaciju, za provjeru nepropusnosti.",1,psch,,,,0,
207.130.000105,,- tlačno ispitivanje tlačnih vodova,"Provedba ispitivanja tlaka u svim gore navedenim Tlačnim cijevima s različitim dimenzijama prema državnim tehničkim propisima u dijelovima, uklj. pripremu cijevi i pripadajuću dokumentaciju, za provjeru nepropusnosti.",1,psch,,,,0,
208,,Betonski i armirano betonski radovi,,,,,0,,,
208.000,,Prethodne napomene,,,,,0,,,
,,ZTV - Dodatni tehnički uvjeti ugovora,"1.) Dodatni ugovoreni tehnički uvjeti dio su troškovnika te u slučaju ugovaranja postaju dio ugovora. Izvođač radova se dakle obavezuje na sve radove i primjene koje proizlaze iz ovih uvjeta te su one uračunate u cijenu, ukoliko nisu zasebno ponuđene.

2.) Cijene stavki se prikazuju kao neto iznos u državnoj valuti. Važeći zakonski propisani porez na dodanu vrijednost obračunava se zasebno.

3.) U slučaju proturječnosti dodatnih ugovorenih tehničkih uvjeta vrijede prvenstveno podaci iz troškovnika. U slučaju proturječnosti između troškovnika i tehničke dokumentacije koja se predaje prilikom natječaja, vrijedi tehnička dokumentacija.

4.) Prije početka davanja ponude, ponuditelj je dužan pažljivo pročitati kompletan tekst općih uvjeta uz troškovnik, općih i posebnih uvjeta uz svaku grupu radova, tekst samog troškovnika i ostale dijelove tehničke dokumentacije. Ako opis bilo koje stavke u troškovniku dovodi do sumnje o načinu izvedbe ili upotrebu gradiva zahtijevane kvalitete, treba prije predaje ponude zatražiti pojašnjenje od ovlaštene osobe Investitora. Naknadno pozivanje na manjkavost ili nepoznavanje projektno-tehničke dokumentacije ili opisa u troškovniku neće se uzeti u obzir, niti smatrati razlogom za produženje roka izvedbe, a niti će se priznati bilo kakva razlika u cijeni s tog naslova.

5.) Tehnička dokumentacija koja se predaje prilikom natječaja informativnog je karaktera, a ponuđač je dužan u svom trošku izvršiti kontrolu projektno tehničke dokumentacije u smislu točnosti, tehničke ispravnosti, izvedivosti i međusobne usklađenosti. Sve eventualne primjedbe ponuditelj/izvoditelj dužan je pravovremeno uz ponudu, a u svakom slučaju prije izvedbe u pisanom obliku dostaviti Nadzoru i Naručitelju

6.) Ponuditelj je dužan provesti i kontrolu lokacije na licu mjesta prije davanja ponude. Jedinične cijene za pojedine vrste radova sadrže i sve one posredne troškove koji nisu iskazani u troškovniku, ali su neminovni za izvršenje radova predviđenih projektom.

7.) Organizacija gradilišta uračunata je u cijenu, ukoliko nije ponuđena kao zasebna stavka.

8.) Dizalice za podizanje, skele, strojevi, alati, pomoćna sredstva i konstrukcije uzeti su u obzir te su uračunati u jediničnu cijenu.

9.) Skele za radove na fasadi i radove na krovu predmet su ovog natječaja. Ponuditelj smije koristiti postojeće skele uz poštivanje sigurnosnih uvjeta i na vlastitu odgovornost. Preinake na skelama nisu dozvoljene te se one moraju predati u ispravnom stanju u kojem su i preuzete.

10.) Kompletnu režiju gradilišta usigurava i rješava ponuditelj/izvođač i i uključena je u jediničnu cijenu.

11.) Ponuditelj je obvezan redovno prikupljati i ,pravilno skladištiti i odvoziti na ovlašteni deponij sve otpadne materijale, ostatke, krhotine, građevinski otpad, ambalaže, obični otpad i slično o vlastitom trošku. Kod odlaganja otpada potrebno je pridržavati se svih javnopravnih uputa i propisa.

12.) Onečišćenja koja uslijed radova nastaju na susjednim terenima, zgradama, putovima, cestama, trgovima i slično, izvođač radova treba svakodnevno čistiti.

13.) Izvođač preuzima odgovornost za osiguravanje, skladištenje i spremanje vlastite građevinske opreme, strojeva, uređaja, alata i slično. Jednako vrijedi i za građevinske materijale, elemente i za ugradnju određenih uređaja i objekata sve do primopredaje obavljenih građevinskih radova.

14.) Prilikom izvođenja radova, izvoditelj treba zaštititi sve susjedne plohe, dijelove konstrukcije i prethodno izvedene radove na prikladan način a u skladu sa pravilima zaštite na radu, tako da ne dođe do oštećenja istih. Troškove zaštite treba izvoditelj ukalkulirati u ponudbenu cijenu izvođenja radova. Ukoliko ipak dođe do oštećenja prethodno izvedenih radova za koje je odgovoran izvoditelj ili njegov kooperant, dužan je iste o svom trošku dovesti u stanje prije oštećenja ili naručiti iste radove kod drugog izvoditelja na svoj teret.

15.) Sve potrebne mjere prema javnopravnim uputama i propisima za sigurnost i zaštitu zdravlja trebaju se uzeti u obzir te ih se treba pridržavati prilikom izvođenja radova.

16.) Prilikom davanja ponude i izvođenja radova treba se uzeti u obzir, uračunati i pridržavati se
- svih državnih i javnopravnih zakona, smjernica i propisa
- svih odgovarajućih tehničkih standarda, pravila i smjernica
- općeprihvaćenih pravila tehnike
- uputa, propisa i napomena proizvođača za ugradnju i obradu
- Kauflandovih građevinskih opisa, ugovorenih uvjeta i ostalih Kauflandovih dokumenata i planova.

17.) Stavke troškovnika obuhvačaju konačno dovršenje radova definiranih po količini i kvaliteti, onosno podrazumijevaju se kao gotove, potpune i funkcionirajuće, uklj. sve potrebne male dijelove i sredstva za pričvršćivanje, pomoćne materijale i sredstva, podkonstrukcije itd., kao i sve dodatne i posebne usluge - čak i kada one nisu detaljno opisane.

18.) Ako su treće stranke uključene u izvođenje predradnji, izvođač radova ih treba provjeravati. U slučaju nepravilnosti ili prigovora pravovremeno treba informirati naručitelja, tako da može tehnički i organizacijski dovršiti poslove.

19.) Obavezno se treba pridržavati svih Kauflandovih proizvodnih uputa, osim ako postoje opravdani razlozi za odstupanje (npr. dostupnost). U tom slučaju izvođač treba ponuditi istovjetni proizvod ili sustav te potvrditi istovjetnost. O njoj odlučuje naručitelj.

20.) Sustavi se izvode isključivo pomoću komponenata koje su predviđene od strane proizvođača sustava.

21.) Svi materijali, građevinski elementi i uređaji koji neposredno utječu na izgled i funkcionalnost prije ugradnje se trebaju provjeriti. Ugrađuju se tek nakon što naručitelj ili ovlaštena osoba odobri ugradnju na gradilištu. O vrsti i obliku uzorka odlučuje naručitelj.

22.) Ako nije drukčije propisano, izmjene postojećih projektnih rješenja od strane ponuditelja/izvođača a koje utječu na mehaničku stabilnost, ponuditelj/izvođač je dužan u svom trošku ishoditi sve suglasnosti, dozvole i sl.
Projekt izvedenog stanja ukalkulirati u jedničnu cijenu te dostaviti Kauflandu u pisanom i digitalnom obliku.

23.) Svi radovi na objektu te primjenjeni sistemi gradnje moraju biti izvedeni prema pravilu struke, odnosnu u granicama dopuštenih tolerancija.

24.) Ukoliko je ugovoreni termin izvršenja objekta uključen i zimski odnosno ljetni period, to se neće posebno izvođaču priznavati na ime naknade za rad pri niskoj temperaturi, zaštita konstrukcija od hladnoće i vrućine, te atmosferskih nepogoda, sve mora biti uključeno u jediničnu cijenu. Za vrijeme zime objekat se mora zaštititi. Svi eventualni smrznuti dijelovi moraju se ukloniti i izvesti ponovo bez bilo kakve naplate. Ukoliko je temperatura niža od temperature pri kojoj je dozvoljen dotični rad, a Investitor ipak traži da se radi, Izvođač si ima pravo zaračunati naknadu po normi 6,006 ali u tom slučaju Izvođač snosi punu odgovornost za ispravnost i kvalitetu rada. To isto vrijedi i za zaštitu radova tokom ljeta od prebrzog sušenja uslijed visoke temperature.

25.) U jediničnu cijenu rada izvođač treba obuhvatiti i slijedeće radove, koji se neće zasebno platiti kao naknadni rad, čak i ako nisu izričito navedenei u troškovniku:
- sve vrste transporta građevinskih materijala, elemenata, uređaja, objekata itd. do mjesta ugradnje
- potrebne i uobičajene pripreme i predobrade tla
- sve vrste bušenja, zavarivanja, lijepljenja, malih dijelova, sredstava za pričvršćivanje, međupoložaja, izolacije, brtvljenja, folija, spojeva itd. koje su potrebne za priključak, montažu i pričvršćivanje građevinskih dijelova i elemenata
- stručna priprema i priključak na sve okolne dijelove, ugradbene i nadgradne elemente i propuste
- sve izrade kutova, spojnih površina i elemenata, završnih elemenata, slobodnih krajeva itd.
- sve podloge za montažu, priključak i pričvršćivanje kao što su beton, zidani elementi, čelik, aluminij, limovi, gips karton, itd.
- potrebne spojne, kose i okrugle rezove te ostatke rezanja
- Izrada otvora i proreza za instalacije i ugradbene elemente drugih izvođača
- interno povezivanje kablovima i priključak objekata, dovod prema električnim trošilima na gradilištu od strane elektro izvođača",,,,,,,
,,Vidljive betonske površine,"Za vidljive betonske površine vrijede sljedeći uvjeti:

Razred vidljivog betona SB1:
- Betonske površine s niskim dizajnerskim zahtjevima
- Tektura: Većinski zatvorena površina od cementnog ljepila odnosno žbuke, dopušta se prodiranje cementnog ljepila/fine žbuke u oplate do širine od ca. 20 mm i dubine od ca. 10 mm, dopušten je otisak okvira oplate
- Poroznost: Udio od maks. 3.000 mm2 pora s promjerom unutar granica 2 mm < d < 15 mm (po ispitanoj površini veličine 500 mm x 500 mm)
- Jednolikost boje: Dozvoljene su svjetle/tamne mrlje, mrlje od rđe i prljavštine nisu dozvoljene
- Ravnost: Zahtjevi ravnosti površine prema DIN 18202, tablici 3, retku 5 (neobrađeni zidovi i donje strane grubih stropova)
- Fuge na radnim površinama i oplatama: Razmak između dvaju betonskih dijelova do ca. 10 mm je dopušten
- Razred oplata SHK1: Bušene rupe zatvoriti plastičnim čepovima, rupe od čavala i vijaka su dopuštene, oštećenja na oplatama od vibratora za beton su dopuštena, ogrebotine su dopuštene, ostaci betona u procjepima (rupama od čavala, udubinama, itd.) su dopušteni, bez zalijepljenih komada, tragovi cementa su dopušteni, savijanje oplate u području vijaka i čavala je dopušteno, popravci su dopušteni

Razred oplata SB2:
- Betonske površine s normalnim dizajnerskim zahtjevima
- Tektura: Zatvorena i većinski jednolika betonska površina, dopušta se prodiranje cementnog ljepila/fine žbuke u oplate do širine od ca. 10 mm i dubine od ca. 5 mm, pomak na mjestu spajanja elemenata dopušten je do ca. 5 mm, dopuštena je visina preostalog spoja do ca. 5 mm, otisak okvira oplate je dopušten
- Poroznost: Udio od maks. 2.250 mm2 pora s promjerom unutar granica 2 mm < d < 15 mm (po ispitanoj površini veličine 500 mm x 500 mm)
- Jednolikost boje: Jednolike, velike svijetle/tamne mrlje su dopuštene, korištenje različitih vrsta i načina predobrade oplata te materijala različitih vrsta i podrijetla nije dopušteno
- Ravnost: Zahtjevi ravnosti površine prema DIN 18202, tablici 3, retku 5 (neobrađeni zidovi i donje strane grubih stropova)
- Fuge na radnim površinama i oplatama: Razmak između dvaju betonskih dijelova do ca. 10 mm je dopušten, ostaci fine žbuke na prethodnom betonskom dijelu trebaju se pravovremeno ukloniti, preporučuje se trapezna letva ili slično
- Razred oplata SHK2: Bušene rupe su dopuštene kod popravka, rupe od čavala i vijaka bez oštećenja su dopuštene, oštećenja na oplatama od vibratora za beton nisu dopuštena, ogrebotine su dopuštene kod popravka, ostaci betona nisu dopušteni, tragovi cementa su dopušteni, savijanje oplate u području vijaka i čavala nije dopušteno, popravci su dopušteni

Razred vidljivog betona SB3:
- Betonske površine s visokim dizajnerskim zahtjevima
- Tektura: Zatvorena i većinski jednolika betonska površina, dopušta se prodiranje cementnog ljepila/fine žbuke u oplate do širine od ca. 10 mm i dubine od ca. 5 mm, pomak na mjestu spajanja elemenata dopušten je do ca. 5 mm, dopuštena je visina preostalog spoja do ca. 5 mm, otisak okvira oplate je dopušten
- Poroznost: Udio od maks. 1.500 mm2 pora s promjerom unutar granica 2 mm < d < 15 mm (po ispitanoj površini veličine 500 mm x 500 mm)
- Jednolikost boje: Jednolike, velike svijetle/tamne mrlje su dopuštene, korištenje različitih vrsta i načina predobrade oplata te materijala različitih vrsta i podrijetla nije dopušteno
- Ravnost: Zahtjevi ravnosti površine prema DIN 18202, tablici 3, retku 6 (obrađeni zidovi i donje strane stropova)
- Fuge na radnim površinama i oplatama: Razmak između dvaju betonskih dijelova do ca. 5 mm je dopušten, ostaci fine žbuke na prethodnom betonskom dijelu trebaju se pravovremeno ukloniti, preporučuje se trapezna letva ili slično
- Razred oplata SHK2: Bušene rupe su dopuštene kod popravka, rupe od čavala i vijaka bez oštećenja su dopuštene, oštećenja na oplatama od vibratora za beton nisu dopuštena, ogrebotine su dopuštene kod popravka, ostaci betona nisu dopušteni, tragovi cementa su dopušteni, savijanje oplate u području vijaka i čavala nije dopušteno, popravci su dopušteni",,,,,,,
,,Razlikovanje betonskih i armiranobetonskih radova,"U sljedećim pozicijama potrebno je uzeti u obzir i uračunati sljedeće usluge, čak i ako nisu izričito navedene:
- Mjerenje i niveliranje usluga od zadanih mjernih točaka odnosno osi
- Sve ugradbene dijelove, sitne dijelove, međuslojeve i sredstva za pričvršćivanje koja su potrebna za spajanje i pričvršćivanje elemenata od armiranog betona. Jednako vrijedi i za sve komponente koje su potrebne za montažu.
- Ugradbeni dijelovi koji su potrebni za druge radove, opisani su u poglavlju Pojačanja i ugradbeni elementi.
- Fuge kod oplata na vidljivim betonskim površinama trebaju se uskladiti s naručiteljem. Po potrebi treba predvidjeti prividne fuge.
- Izrada odnosno zatvaranje fugama uključuje nanošenje žbuke i trajno elastično brtvljenje pomoću konopa ili PU mase za fugiranje.
- stručna provedba svih potrebnih naknadnih obrada
- eventualna oštećenja na površini i / ili oštećenja betonske konstrukcije treba poravnati i brusiti za ličenje
- Izrada primjernih uzoraka za procjenu površine (od SB3)
- Zaštite na rubovima, zaštite od pada i propadanja u sklopu usluga, i nakon završetka montaže",,,,,,,
208.010,,Armatura i ugradbeni elementi,,,,,0,,,
208.010.00100,,-  rebrasta armatura,"Dobava, rezanje, savijanje i ugradnja bruto rebraste armature B500 B različitih promjera i dimenzija uključivo i distancere a sve prema planovima savijanja armature.

Vrsta čelika: B500 B",85846,kg,,,,0,
208.010.00105,,- armaturne mreže,"Dobava, rezanje, savijanje i ugradnja bruto mrežaste armature B500 B različitih tipova uključivo i distancere a sve prema planovima savijanja armature.

Vrsta čelika: B500 A/B",41492,kg,,,,0,
208.010.00110,,- ugradbeni dijelovi od pocinčanog čelika,"Dobava i ugradnja u konstrukcijske svrhe u vruće cinčanoj izvedbi čelične anker pločevine i druge razne čelične ploče dimenzija prema projektu konstrukcija. Pločevine ugraditi u beteonske elemente prema pozicijama iz projekta.

Vrsta čelika: S235
Dimenzije pločevina i čeličnih elemenata: prema projektu",500,kg,,,,0,
208.010.00115,,"- tipski elementi HTU, HTA šine","Dobava i postava u monolitnu betonsku konstrukciju tipske HTA ili HTU šine proizvođača HALFEN ili jednako vrijedno, za ugradnju sekundarnih elemenata. Izvedva do gotove funkcionalnosti sa svim spojnim priborom.",230,m,,,,0,
208.020,,Zaštitni i podložni beton,,,,,0,,,
208.020.00100,,- Podloga za reviziona okna i separator,"Betoniranje podloge za reviziona okna i separator, debljine 15 cm, betonom C 12/15. Obračun po m3 pripravljenog betona sa potrebnim prijevozom i prenosima.",1,m3,,,,0,
208.030,,Temelji,,,,,0,,,
208.030.00100,,- Oplata za temelje,"Dobava i postava glatke vanjske oplate za sve vrste temeljnih konstruktivnih elemenata raznih dimenzija.

Konstruktivni elementi: Temeljne stope, temeljne trake, temeljne vezne grede, nadtemeljni zid pretovarnog mosta.",1250,m2,,,,0,
208.030.00105,,- Betonski temelji na licu mjesta-temeljne stope,"Dobava i strojna ugradnja svježeg betona prema DIN EN 206-1 za sve vrste armirano betonskih temeljnih stopa elemenata dimenzija prema projektu konstrukcije.

Razred čvrstoće: [C30/37]
Razredi izloženosti: [XC2, XF1]
Konstruktivni elementi: Temeljne stope.

Armatura i oplata se obračunavaju u zasebnim pozicijama.",350,m3,,,,0,
208.030.00110,,- Temeljna čašica,"Dobava i strojna ugradnja svježeg betona prema DIN EN 206-1 za izradu temeljnih čašica. Vanjska i unutarnja oplata u cijeni. Vanjska oplata glatka. Unutarnja oplata po izboru izvođača (metalna/drvena) s vodoravnim profiliranjem prema projektu konstrukcije.

Razred čvrstoće: [C30/37]
Razredi izloženosti: [XC2, XF1]

Vanjska dimenzija čašice: do [1,30/1,30] m
Unutarnja dimenzija čašice: do [0,70/0,70] m
Debljina: [0,30 dno/0,25 vrh] m
Visina čašice: do [1,20] m
Oplata: vanjska strana 245 m2; unutarnja strana 130 m2.

Armatura se obračunava u zasebnim pozicijama.",28,kom,,,,0,
208.030.00115,,- Temeljna čašica,"U svemu kao stavka 208.030.00110 samo:

Vanjska dimenzija čašice: do [1,40/1,40] m
Debljina: [0,35 dno/0,30 vrh] m",10,kom,,,,0,
208.030.00120,,- Betonski temelji na licu mjesta-temeljne trake,"Betoniranje AB temeljnih traka
u dvostranoj glatkoj oplati prema statičkom proračunu i nacrtima, betonom C 30/37, razreda izloženosti XC2.
Potrebna armatura je posebno obračunata, zasebna stavka ove grupe radova (armatura).
Ispod svih temeljnih traka izvodi se podložni beton klase C12/15 debljine 5 cm. U svemu prema detaljnim nacrtima.
NAPOMENA: Podložni beton i oplata nisu uključeni u cijenu stavke, zasebne stavke ovog troškovnika.
Cijena uključuje beton, sav potreban glavni i pomoćni materijal, rad i transporte, sve do potpune gotovosti, uključivo i njegu betona.
Betoniranje i sve prateće radnje moraju biti u skladu s izrađenim i odobrenim projektom betonske konstrukcije te prema uputi statičara-nadzora.
Prije betoniranja potrebno je postaviti kutije za sve eventualne instalacione prodore. U cijeni oplate sadržana su sva potrebna podupiranja i ugradbe kutija za sve instalacione prodore. Naknadna probijanja se neće obračunati.",16,m3,,,,0,
208.030.00125,,- Betonski temelji na licu mjesta-temeljne vezne grede,"Betoniranje AB temeljnih veznih greda
u dvostranoj glatkoj oplati prema statičkom proračunu i nacrtima, betonom C 30/37, razreda izloženosti XC2. Stavkom obuhvaćen kompletan element (temeljni dio širine 30 cm i sokl širine 16 cm).
Potrebna armatura je posebno obračunata, zasebna stavka ove grupe radova (armatura).
Ispod svih veznih greda izvodi se podložni beton klase C12/15 debljine 5 cm. U svemu prema detaljnim nacrtima.
NAPOMENA: Podložni beton i oplata nisu uključeni u cijenu stavke, zasebne stavke ovog troškovnika.
Cijena uključuje beton, sav potreban glavni i pomoćni materijal, rad i transporte, sve do potpune gotovosti, uključivo i njegu betona.
Betoniranje i sve prateće radnje moraju biti u skladu s izrađenim i odobrenim projektom betonske konstrukcije te prema uputi statičara-nadzora.
Prije betoniranja potrebno je postaviti kutije za sve eventualne instalacione prodore. U cijeni oplate sadržana su sva potrebna podupiranja i ugradbe kutija za sve instalacione prodore. Naknadna probijanja se neće obračunati.",86.5,m3,,,,0,
208.030.00130,,- temelji za predgotovljeni fasadni sokl-rubnjak po obodu zgrade,"Betoniranje temelja za predgotovljeni fasadni sokl-rubnjak po obodu zgrade
Dobava materijala i betoniranje betonskih temelja (nosač) za predgotovljeni fasadni sokl-rubnjak po obodu zgrade (širine 18 cm i visine 30 cm), betona klase C30/37 i razreda izloženosti XC2.
NAPOMENA: Temelj se izvodi kao nearmiran.
Cijena uključuje beton, oplatu, sav potreban glavni i pomoćni materijal, rad i transporte, sve do potpune gotovosti, uključivo i njegu betona.

Betoniranje i sve prateće radnje moraju biti u skladu s izrađenim i odobrenim projektom betonske konstrukcije te prema uputi statičara-nadzora.
Prije betoniranja potrebno je postaviti kutije za sve eventualne instalacione prodore. U cijeni oplate sadržana su sva potrebna podupiranja i ugradbe kutija za sve instalacione prodore. Naknadna probijanja se neće obračunati.
Ponuditi sve prema projektu konstrukcije i ostaloj projektnoj dokumentaciji koja je sastavni dio troškovnika.
Oplata 98,0 m2.",11.5,m3,,,,0,
208.030.00135,,- montaža predgotovljenog fasadnog sokla-rubnjaka po obodu zgrade,"Montaža predgotovljenog fasadnog sokla-rubnjaka po obodu zgrade
Stavka obuhvaća samo montažu armiranobetonskog predgotovljenog fasadnog sokla-rubnjaka po obodu zgrade.
NAPOMENA: Prethodno će bit izrađeni kao predgotovljeni elementi, doveženi na gradilište, stavljanji na raspolaganje te izvršena formalna primopredaja izvođaču građevinsko-obrtničkih radova (sve prema stavci 209.030.00105 iz troškovnika predgotovljene konstrukcije).

Rubnjak se oslanja na monolitni armiranobetonski temelj (nosač), sve prema stavci 208.030.01300.
U svemu prema detaljnim nacrtima i projektu kronstrukcije.

Stavka uključuje sustavom uvjetovane ugradne dijelove i sredstva za pričvršćivanje, spojna sredstvate te brtvljenje spojnica, uključivo kit i vrpcu.
Kitanje trajnoelastičnim kitom te priprema za impregnaciju odgovarajućim sredstvima za bolju prionljivost.
-vertikalno brtvljenje reški između građevnih dijelova i elemenata u cijeni: kitanje trajnoelastičnim kitom uz primjenu kanapa (šnura) za rešku i elastičnog materijala za brtvljenje. Širina reške: 1 cm; Dubina reške: 3 cm; Baza veznog sredstva: Thiokol (polisulfidni kaučuk).

Fasadni sokl - rubnjak 8/50/99 cm - ravni: kom 145
Fasadni sokl - grupa rubnjaka 8/50/<80 cm - ravni: kom 8
Fasadni sokl - grupa rubnjaka 8/50/80-130 cm - ravni: kom 33
Fasadni sokl - grupa rubnjaka 8/50/≥130 cm - ravni: kom 33
Fasadni sokl - rubnjak 8/50 - ""U"" oblika: kom 12",231,kom,,,,0,
208.030.00140,,- Nadtemeljni zidovi pretovarnog mosta,"Betoniranje nadtemeljnih zidova pretovarnog mosta
Dobava materijala i betoniranje armirano-betonskih nadtemeljnih zidova u dvostranoj glatkoj oplati prema statičkom proračunu i nacrtima (debljina zida 25 cm i visine 95 cm), betona klase C35/45 i razreda izloženosti XC4, XD3 i XF4.
Površina: Vidljivi beton kvalitete (SB2).
Cijena uključuje beton i oplatu, sav potreban glavni i pomoćni materijal, rad i transporte, sve do potpune gotovosti, uključivo i njegu betona.
Betoniranje i sve prateće radnje moraju biti u skladu s izrađenim i odobrenim projektom betonske konstrukcije te prema uputi statičara-nadzora.
Prije betoniranja potrebno je postaviti kutije za sve eventualne instalacione prodore. U cijeni oplate sadržana su sva potrebna podupiranja i ugradbe kutija za sve instalacione prodore. Naknadna probijanja se neće obračunati.
Potrebna armatura je posebno obračunata.",2.1,m3,,,,0,
208.030.00145,,x..UW2..x - pojedinačni temelj za znak Kaufland vanjske reklame (TOTEM 6 m),"Pojedinačni temelj za Kauflandov znak, oplate izraditi prema odabiru izvođača, armaturu ugraditi prema armaturnom planu, svježi beton prema DIN EN 206-1 isporučiti, pravilno ugraditi, zatvoriti i poravnati površinu, uklj. spajanje šupljih cijevi izvana prema sredini temelja, ugradbeni dijelovi za pojačavanje znaka, vidljivi rubovi nakošeni.
Dobava i strojna ugradnja svježeg betona prema DIN EN 206-1 za izradu temelja vanjske reklame. Vanjska oplata glatka sa vidljivim nakošenim rubovima u cijeni stavke. Kroz sredinu temelja ostaviti bužir za prolaz instalacija. Ugradnja i dobava anker pločevina u cijeni stavke.

Dimenzije temelja: [2,80/2,80/0,60] m
Anker pločevina: [0,46/0,46 m] komada [2]
Razred čvrstoće: [C30/37 LP]
Razredi izloženosti: [XC2, XF2]

Armatura se obračunava u zasebnim pozicijama.",1,kom,,,,0,
208.030.00150,,- AB ploča za kučicu za kolica,"Dobava i strojna ugradnja svježeg betona prema DIN EN 206-1 za izradu AB ploče za kučicu kolica. Vanjska oplata glatka sa vidljivim nakošenim rubovima u cijeni stavke.

Dimenzije temelja: [0,30/0,60/20,4] m
Dimenzije podne ploče: [5,0/5,20/0,2] m

Razred čvrstoće: [C25/30 LP]
Razredi izloženosti: [XC2, XF2]

Armatura se obračunava u zasebnim pozicijama.",3,kom,,,,0,
208.030.00155,,x..WA6..x - Temelj za pilon Kaufland,"Dobava i strojna ugradnja svježeg betona prema DIN EN 206-1 za izradu temelja vanjskog reklamnog panoa. Vanjska oplata glatka sa vidljivim nakošenim rubovima u cijeni stavke. Kroz sredinu temelja ostaviti bužir za prolaz instalacija. Ugradnja i dobava anker pločevina u cijeni stavke.

Dimenzije temelja: [5,0/5,00/1,50] m
Anker pločevina: [prema nacrtu] komada [1]
Razred čvrstoće: [C30/37 LP]
Razredi izloženosti: [XC2, XF2]

Armatura se obračunava u zasebnim pozicijama.",1,kom,,,,0,
208.030.00165,,- betonska postolja,"Dobava i ugradnja unutar zgrade svježeg betona prema DIN EN 206-1 za izradu betonskog postolja za smještaj strojarske opreme i regala. Oplata glatka sa vidljivim nakošenim rubovima u cijeni stavke.

Dimenzije postolja: DEA [3,3/1,1] m; spremnici goriva [0,80/1,3] m + [1,0/2,0] m
Visina postolja: [0,3] m
Razred čvrstoće: [C25/30]
Razredi izloženosti: [XC1]",1,kom,,,,0,
208.030.00170,,- antivibracijska ploča,"Dobava i postava antivibracijske ploče ispod strojarske opreme na predhodno opisana betonska postolja za sprečavanje širenja vibracija na podnu ploču.

Debljina izolacije: [10] mm
Proizvod/tip: MAFUND ili jednako vrijedno",2,m2,,,,0,
208.030.00175,,- temelji rasvjetnog stupa,"Betoniranje AB temelja (temeljnih stopa) rasvjetnih stupova
u četverostranoj oplati prema nacrtima, betonom C 30/37.
Ispod svih temeljnih stopa izvodi se podložni beton klase C12/15 debljine 5 cm. U svemu prema detaljnim nacrtima.
Prilikom izrade temelja ubetonirati dvije fleksibilne cijevi promjera 63 mm za uvlačenje kabela. Ubetonirati vijke pomoću šablone, a iste međusobno povezati varenjem pri gornjem i pri donjem dijelu. Temelj pri vrhu izravnati i idealno vodoravno zagladiti 3 cm šire od temeljne ploče zbog dosjeda temeljne ploče stupa, te skositi prema rubovima ukupno visine do 5 cm. Ugraditi 4 kom vruće pocinčana sidrena vijka M24/1200, komplet sa šablonom. Dimenzije temelja 1,0x1,0x1,0m. Temelj se izvodi sa gornje strane četverostrešno (sve prema nacrtima).
Cijena uključuje beton i oplatu, sav potreban glavni i pomoćni materijal, rad i transporte, sve do potpune gotovosti, uključivo i njegu betona.
Potrebna armatura je posebno obračunata, zasebna stavka ove grupe radova (armatura).
Betoniranje i sve prateće radnje moraju biti u skladu s izrađenim i odobrenim projektom betonske konstrukcije te prema uputi statičara-nadzora.
Prije betoniranja potrebno je postaviti kutije za sve eventualne instalacione prodore. U cijeni oplate sadržana su sva potrebna podupiranja i ugradbe kutija za sve instalacione prodore. Naknadna probijanja se neće obračunati.
Stavka uključuje i ugradnju gromobranske instalacije.

beton-temeljne stope rasvjetnih stupova: beton C30/37
oplata-temeljne stope rasvjetnih stupova
podložni beton-temeljne stope rasvjetnih stupova: beton C12/15",12,kom,,,,0,
208.030.00180,,- betonska ojačanja cjevovoda vanjskog vodovoda,"Dobava i ugradnja unutar zgrade svježeg betona prema DIN EN 206-1 za izradu osiguranja vijevovoda vodovoda i hidrantske mreže, postolja ormarića nadzemnih hidranata i sl.. Oplata glatka sa vidljivim nakošenim rubovima u cijeni stavke.


Razred čvrstoće: [C25/30]
Razredi izloženosti: [XC1]",1,kom,,,,0,
208.040,,Podne ploče,,,,,0,,,
208.040.00100,,"- Razdvojni sloj, PE folija, 2-slojni","Dobava i postava PE folije u dva sloja na podlogu ispod podnih ploča s preklopima na spojevima.

Debljina: [0,2] mm

Obračun: izmjera prema tlocrtnoj površini postavljene površine.
Na spoju PE foliju povući prema gore iznad gotove obloge u obliku korita. U cijenu uključena izrada, doprema na gradilište te kompletna ugradnja u dva sloja. Količina u stavci navedena kao tlocrtna površina (samo jedan sloj i to bez preklopa). U cijenu stavke uključiti dva sloja i potrebne preklope.",4655,m2,,,,0,
208.040.00105,,"- Podne ploče od armiranog betona čeličnih vlakana, debljina [18] cm","Dobava i strojna ugradba betona armiran čeličnim vlaknima, odnosno potrebno je od strane izvođača podne betonske ploče armirane mikrovlaknima priložiti sve potrebne ateste materijala i dokaze da je nosivost takve ploče istovjetna nosivosti ab podne ploče iz projekta konstrukcije. Površine zaglađene, pripremljene za postavljanje završne podne obloge. Naknadno zarezivanje ploče u cijeni. Ugradnja te doziranje prema tehničkom uputstvu proizvođača vlakna.

Debljina: [18] cm
Udio vlakana: [25] kg/m3
Proizvod/tip vlakana: Dramix 3D 80/60BG]
Razred čvrstoće: [C35/45]
Razredi izloženosti: [XC2, XM3, WF]
Širina pukotina: maks. 0,4 mm
Zahtjevi za ravnoću: DIN 18202, tablica 3, stupac 2 (neobrađene površine s većim zahtjevima)",3355,m2,,,,0,
208.040.00110,,- Industrijska podna ploča debljina [20] cm,"Izvedba industrijske podne ploče klasa A3 sa svim pripadajućim elementima.
Beton mora imati minimalnu čvrstoću na savijanje fctm, fl>3,4N/mm2 i maksimalno zrno agregata dmax=16mm. Stavka obuhvača:
- beton; obradu helikopterom; posip od čvrstih materijala (Korund); kitanje svih spojeva ploče s drugim elementima (trajno el.kit); rezanje fuge i njihovo zapunjavanje te njega zaglađene površine Sikafloor premazom za skladišne prostore. Njega zaglađene betonske površine izvodi se pokrivanjem PE folijom min.7 dana uz dodatnu zaštitu svih otvora na objektu kako ne bi došlo do propuha. Dilatiranje podne ploče od zidova izvesti od tvrde mineralne vune ili spužvice (10mm uz zidove i 20mm uz stupove) u cijeloj debljini ploče +3cm iznad gornje kote ploče (u cijeni betona). Nakon očvrsnuća ploče, potrebno je zarezati obodne trake te zazor ispuniti PU trakom i trajnoelastičnim kitom u cijeni betona. Naknadno rezane fuge izvode se unutar 24h od betoniranja, dubina reza 1/4 debljine ploče. Rezne fuge u cijeni betona. U cijeni i definiranje potpunih dilatacija prema uputi tehnologa te sav rad i materijal kako bi se iste izvele.

Debljina: [20] cm
Razred čvrstoće: [C30/37]
Razredi izloženosti: [XC2]
Potrebno opterećenje koje pod mora zadovoljiti u površinskom sloju: [30] kN/m2
Zahtjevi za ravnoću: DIN 18202, tablica 3, stupac 2 (neobrađene površine s većim zahtjevima)

Armatura se obračunava u zasebnim pozicijama.",1020,m2,,,,0,
208.040.00115,,- Industrijska podna ploča debljina [25] cm-kod pretovarnog mosta,"U svemu kao stavka 208.040.00700 samo:

Debljina: [25] cm
Ploča se izvodi sa podupiranjem.
Oplata: podupiranje 4 m2.",4,m2,,,,0,
208.040.00120,,"- podne ploče od armiranog betona, debljina 20 cm - kućica za EKW","Dobava i ugradnja svježeg betona prema DIN EN 206-1 za izradu podnih ploča od armiranog betona. Izrada reznih fuga u cijeni izvedbe ploče prema pravilu struke, odnosno prema uputama projektanta konstrukcije.

Debljina: 20 cm
Razred čvrstoće: C25/30
Razredi izloženosti: XC2, WF
Zahtjevi za ravnoću: DIN 18202, tablica 3, stupac 2 (neobrađene površine s većim zahtjevima). Gornja površina ploče mora biti fino strojno zaglađena (helikopter), glatka i poravnata kao priprema za nanos završnog sloja.
Mjesto izvedbe: kućica za potrošačka kolica

Armatura i oplata se obračunavaju u zasebnim pozicijama.",78,m2,,,,0,
208.040.00125,,"x..FH7..x - podne ploče od armiranog betona, debljina [20] cm-ploča dostavne rampe","Dobava i strojna ugradnja betona u podnu armiranobetonsku ploču dostavne rampe. Betonska ploča otporan na smrzavanje od drobljenih mineralnih materijala 0/45, Ev2 >/= 120 MN/m2, DPr 103%. Podna ploča betonirana na mjestu, otporna na tlak, površina sa strukturom učinjenom metlom, otporna na habanje, za ekstremno opterećenje. U cijeni i naknadno zarezivanje ab ploče. Fuge propisno obraditi elastičnom masom u boji betona.

Debljina: [20] cm
Razred čvrstoće: [C35/45]
Razredi izloženosti: [XC4, XD3, XF4]
Zahtjevi za ravnoću: DIN 18202, tablica 3, stupac 3 (podovi s gotovim površinama)
U cijenu stavke uključiti i obodne temelje predmetne ploče.

Armatura i oplata se obračunavaju u zasebnim pozicijama.",312,m2,,,,0,
208.040.00130,,"- podne ploče od armiranog betona-ispod pretovarnog mosta, debljina [25-30] cm","Podna ploča ispod pretovarnog mosta (na -1.20 m)
Dobava i strojna ugradba betona u betonsku podnu ploču debljine 25-30 cm (dio gornje plohe u nagibu od 2%), konstrukcija malog presjeka. Podna ploča će se armirati klasično, šipke i mreže B500B. Potrebno ostaviti vezu sa AB nadtemeljnim zidovima.
Ploča mora biti otporna na mraz, sol i habanje.
Ploča se izvodi na podlozi od termoizolacije (XPS) i PE folije. Potrebna armatura je posebno obračunata.

Ploča se ravna/obrađuje strojno - helikopterom nakon čega se ploča metla da se u što većoj mjeri spriječi habanje, prašenje te osigura protukliznost. Površinska obrada tzv.”četkani (metlani) beton”.
Nakon završne obrade na betonsku ploču se postavlja zaštitna p.e. folija debljine 0,2mm kako se nebi oštetila postignuta struktura. P.E. folija se drži od početka otvrdnjivanja min. 7 dana.

Debljina: [25-30] cm
Razred čvrstoće: [C35/45]
Razredi izloženosti: [XC4, XD3, XF4]
Zahtjevi za ravnoću: DIN 18202, tablica 3, stupac 3 (podovi s gotovim površinama)
Količina betona: 5,20 m3.

Armatura i oplata se obračunavaju u zasebnim pozicijama.",17.1,m2,,,,0,
208.040.00135,,oplata podnih ploča,"Dobava, izrada i postava čeonih glatkih oplata različitih debljina ploče.

Visina oplata: do 30 cm",120,m2,,,,0,
208.050,,Vanjski i unutarnji zidovi,,,,,0,,,
208.050.00100,,"- zidovi od armiranog betona, debljina [25] cm","Dobava i ugradnja betona za izradu zidova od armiranog betona. Svježi beton prema DIN EN 206-1. Zidove izvesti u glatkoj oplati s pravilno vidljivim stikovima i mjestima za čavle; betonske neravnine i srh izbrusiti.

Debljina zida: [25] cm
Visina zida: do 6,50 m
Razred čvrstoće: [C25/30]
Razredi izloženosti: [XC1]
Površina: kvaliteta vidnog betona SB2

Armatura i oplata se obračunavaju u zasebnim pozicijama.",56,m3,,,,0,
208.050.00105,,- oplata zidovi,"Dvostrana glatka oplata od neapsorbirajućih ploča za oplatu s pravilnim stikovima i mjestima za čavle, uključujući skošene ivice pomoću trobridne letvice, za zidove od vidnog betona SB2. U cijeni sav rad i materijal kako bi se stavka izvela do gotove funkcionalnosti.",480,m2,,,,0,
208.050.00110,,"- potporni zid od armiranog betona, ravan, SB2","Dobava i ugradnja betona za izradu potpornih zidova od armiranog betona. Svježi beton prema DIN EN 206-1. Zidove i temelje izvesti u glatkoj oplati s pravilno vidljivim stikovima i mjestima za čavle; betonske neravnine i srh izbrusiti.

Dimenzije/presjek stope potpornog zida: prema projektu
Dimenzije/presjek potpornog zida: prema projektu
Razred čvrstoće: [C25/30 LP]
Razredi izloženosti: [XC2, XF2, WF]
Površina: kvaliteta vidnog betona (SB2)

Armatura i oplata se obračunavaju u zasebnim pozicijama.",12,m3,,,,0,
208.050.00115,,- oplata potpornog zida,"Dvostrana/četverostana glatka oplata od neapsorbirajućih ploča za oplatu zidova i stopa potpornog zida s pravilnim stikovima i mjestima za čavle, uključujući skošene ivice pomoću trobridne letvice, za zidove od vidnog betona SB2. U cijeni sav rad i materijal kako bi se stavka izvela do gotove funkcionalnosti.",70,m2,,,,0,
208.050.00120,,- konzola na zidovima,"Dobava i ugradnja svježeg betona prema DIN EN 206-1 za izradu konzola na zidovima za prihvat konstruktivnih elemenata. Oplata glatka sa vidljivim nakošenim rubovima u cijeni stavke.

Dimenzije: prema projektu konstrukcije

Armatura se obračunava u zasebnim pozicijama.",8,kom,,,,0,
208.050.00125,,- linijska konzola na zidovima,"Dobava i ugradnja svježeg betona prema DIN EN 206-1 za izradu linijskih konzola na zidovima za prihvat konstruktivnih elemenata. Oplata glatka sa vidljivim nakošenim rubovima u cijeni stavke.

Dimenzije/presjek: prema projektu konstrukcije

Armatura se obračunava u zasebnim pozicijama.",5.71,m,,,,0,
208.050.00130,,x..UF5.1..x - stanica ventila za okružujući alarm,"Dobava i ugradnja svježeg betona prema DIN EN 206-1 za izradu korita u centrali sprinklera unutar objekta. Oplata glatka sa vidljivim nakošenim rubovima u cijeni stavke. Armatura i oplata u cijeni stavke.

Dimenzije/presjek: 0,2/0,6 m
Površina: Vidljivi beton s normalnim dizajnerskim zahtjevima (SB2)",3,m,,,,0,
208.060,,Stupovi,,,,,0,,,
208.060.00100,,"- stupovi od armiranog betona, dimenzije [0,60 / 0,60] m; stup S14","Dobava i ugradba betona za izvedbu armirano betonskih stupova. Svježi beton prema DIN EN 206-1. Površina glatka zbog primjene glatke neapsorbirajuće oplate s pravilno vidljivim stikovima i mjestima za čavle; betonske neravnine i srh izbrusiti.

Stup: S14
Dimenzije/presjek: [0,60/0,60] m
Visina potpornja: do [6,5] m
Razred čvrstoće: [C25/30]
Razredi izloženosti: [XC1]
Površina: kvaliteta vidnog betona SB2

Armatura i oplata se obračunavaju u zasebnim pozicijama.",3.9,m3,,,,0,
208.060.00105,,- oplata stupova,"Dobava, izrada i postava oplate armirano betonskih stupova. Oplata je glatka četverostrana (iskazana razvijena površina oplate).",27,m2,,,,0,
208.070,,Grede/nadvoji/atika,,,,,0,,,
208.070.00100,,"- grede / nadvoji, dimenzije [0,55 / 2,08] m-L oblika; greda G111","Dobava i ugradba betona za izvedbu armirano betonskih greda/nadvoja različitih dimenzija. Svježi beton prema DIN EN 206-1. Površina glatka zbog primjene glatke neapsorbirajuće oplate s pravilno vidljivim stikovima i mjestima za čavle; betonske neravnine i srh izbrusiti.

Greda: G111
Dimenzije/presjek: [0,55/2,08] m; L oblika
Razred čvrstoće: [C25/30]
Razredi izloženosti: [XC1]
Površina: kvaliteta vidnog betona (SB2)

Armatura i oplata se obračunavaju u zasebnim pozicijama.",7.3,m3,,,,0,
208.070.00105,,"- grede / nadvoji, dimenzije [0,80 / 1,20] m-T oblika; greda G202","Dobava i ugradba betona za izvedbu armirano betonskih greda/nadvoja različitih dimenzija. Svježi beton prema DIN EN 206-1. Površina glatka zbog primjene glatke neapsorbirajuće oplate s pravilno vidljivim stikovima i mjestima za čavle; betonske neravnine i srh izbrusiti.

Greda: G202
Dimenzije/presjek: [0,80/1,20] m; T oblika
Razred čvrstoće: [C25/30]
Razredi izloženosti: [XC1]
Površina: kvaliteta vidnog betona (SB2)

Armatura i oplata se obračunavaju u zasebnim pozicijama.",4.7,m3,,,,0,
208.070.00110,,- oplata grede/nadvoji,"Dobava, izrada i postava oplate armirano betonske grede i nadvoje. Oplata je glatka trostrana sa podupiranjem sa vidljivim nakošenim rubovima (iskazana razvijena površina oplate).

Visina podupiranja: do [4.10] m",78,m2,,,,0,
208.080,,Stropovi,,,,,0,,,
208.080.00100,,"- armiranobetonski stropovi, debljina [20] cm","Dobava i strojna ugradba betona prema DIN EN 206-1 za izvedbu stropnih ploča, konstrukcija malog presjeka. Površine zaglađene. U cijeni sav rad i materijal kako bi se stavka izvela do gotove funkcionalnost.

Debljina stropa: [20] cm
Razred čvrstoće: [C25/30]
Razredi izloženosti: [XC1]
Površina: kvaliteta vidnog betona (SB2)
Zahtjevi za ravnoću: DIN 18202, tablica 3, stupac 2 (neobrađene površine s većim zahtjevima)
Mjesto izvedbe: kosa krovna ploča stubišne jezgre, sa padom od 3%.

Armatura i oplata se obračunavaju u zasebnim pozicijama.",3.7,m3,,,,0,
208.080.00105,,- oplata stropa - podgled,"Izrada stropne oplate sa podupiranjem. U cijeni sav rad i materijal kako bi se stavka izvela do gotove funkcionalnost.

Visina podupiranja: [425] cm
Mjesto izvedbe: kosa krovna ploča stubišne jezgre, sa padom od 3%.",14,m2,,,,0,
208.080.00110,,- oplata stropa - rubna,"Izrada rubne oplate stropa. U cijeni sav rad i materijal kako bi se stavka izvela do gotove funkcionalnost.

Visina: [20] cm
Mjesto izvedbe: kosa krovna ploča stubišne jezgre, sa padom od 3%.",4,m2,,,,0,
208.080.00115,,- monolitizacija stropnih ošupljenih ploča,"Izrada i ugradnja betona prema DIN EN 206-1 za izvedbu tlačne ploče radi monolitizacije ošupljenih stropnih ploča. Izvedba do gotove funkcionalnosti prema pravilu struke uključivo i potrebnu rubnu oplatu.

Debljina tlačne ploče: varijabilna od [8] cm u polju, do 28 cm na rubovima
Razred čvrstoće: [C25/30]
Razredi izloženosti: [XC1]

Količina betona potrebna za monolitizaciju: 19,2 m3.

Armatura se obračunava u zasebnim pozicijama.",184,m2,,,,0,
208.090,,šahtovi i okna,,,,,0,,,
208.090.00100,,- Prepumpno okno,"Betoniranje prepumpnog okna svijetlog otvora vel. 220x150 cm, svijetle visine 280cm.
Betoniranje izvesti C 25/30 s dodatkom sredstva za vodonepropusnost 4,2 betacementola, izvedba u dvostranoj glatkoj oplati dubine prema potrebnoj koti dna okna.
Dno i stijenke okna su 30 cm. Unutarnje stijenke i dno ožbukati cem. mortom 1:2 do crnog sjaja. Okno je pokriveno arm. bet. pločom debljine 20 cm.
Ulaz je izveden preko ulaznog okna.
U okna se ugrađuju ljevano-željezne penjalice težine 3,5 kg na razmaku od 30 cm i ljevano-željezni poklopci sa pripadajućim okvirom dim. 600/600 mm x3 za teški promet klase C250 (250 kN).
Potrebno izvesti kinetu u prepumpnom oknu betonom C 25/30 i armiranu rabic mrežom.
Obračun se vrši po komadu kompletno izvedenog prepumpnog okna (prema detalju).",1,komplet,,,,0,
208.090.00105,,- revizijski šaht cestovne oborinske odvodnje DN 800,"Dobava, doprema, raznošenje duž rovova i ugradba prefabriciranih PE montažnih revizijskih okna profila DN 800. Okna mogu biti jednodjelna ili sastavljena od više dijelova, industrijski proizvedena, uključujući sidreni betonski prsten, tvornički ugrađene stube, te poklopac. Visina okana prema uzdužnom profilu. Profili kanala su DN ,300,400, a kineta, u dnu je bez kaskade. Obračun po komadu kompletno isporučenog PEHD montažnog revizijskog okna, uključujući konstrukciju gornje ploče (betonski sidreni i kompenzacijski prsteni), brtvljenja i okrugli poklopac nosivosti 400 kN.",5,kom,,,,0,
208.090.00110,,- revizijski šaht cestovne oborinske odvodnje DN 1000,"Dobava, doprema, raznošenje duž rovova i ugradba prefabriciranih PE montažnih revizijskih okna profila DN 1000. Okna mogu biti jednodjelna ili sastavljena od više dijelova, industrijski proizvedena, uključujući sidreni betonski prsten, tvornički ugrađene stube, te poklopac. Visina okana prema uzdužnom profilu. Profili kanala su DN ,300,400, a kineta, u dnu je bez kaskade. Obračun po komadu kompletno isporučenog PEHD montažnog revizijskog okna, uključujući konstrukciju gornje ploče (betonski sidreni i kompenzacijski prsteni), brtvljenja i okrugli poklopac nosivosti 400 kN.",8,kom,,,,0,
208.090.00115,,- Vodomjerno okno,"Izrada vodomjernog okna svijetle veličine 550/200 cm i svijetle visine 180 cm, s otvorom za pumpu dimenzija 60x60x60 cm. Dno i stijenke okna debljine 20 cm, beton C 25/30. Monolitna armiranobetonska ploča debljine 20 cm, beton C 25/30. Konstruktivno armirati stijenke mrežom SQ257 dvostrano.
Prije betoniranja obavezno provjeriti dimenzije vodomjernog okna sa nadležnim komunalnim poduzećem (VIO).
Beton razreda čvstoće 25/30 s dodatkom aditiva za vodonepropusnost u svostranoj glatkoj oplati. Prodor cijevi kroz zidove izvesti vodonepropusno. Cijevi obložiti katraniziranim užetom od kudelje na mjestima prolaza kroz zidove. Unutarnje stijenke obraditi vodonepropusnim premazom kao SIKALASTIC-152. Prije betoniranja, a osobito za ljetnih vrućih dana, treba drvenu oplatu i tlo obilno politi vodom da ne upijaju vodu iz betona. Dobava i montaža lijevano-željezih poklopaca. Poklopci se veličine 60/60 cm, nosivosti D400 prema EN 124:1994. U vodomjerno okno ugraditi lijevano željezne stupaljke na razmacima 30 cm. Obračun se vrši po komadu kompletno izvedenog vodomjernog okna, uključivo i oplatu zidova i ploča, sa podupiranjem, te sve prenose.
U stavku je uključena priprema i montaža rasvjetnog mjesta sukladno KaBa 2024 sa potopnom pumpom i lijevano željeznom rešetokom 400x400m do potpune funkcionalnosti.",1,komplet,,,,0,
208.100,,"Stubište (podesti, međupodesti i krakovi)",,,,,0,,,
208.100.00100,,- Stubište od armiranog betona,"Dobava i strojna ugradba betona prema DIN EN 206-1 za izvedbu podesta, međupodesta i krakova, konstrukcija malog presjeka. Površine zaglađene. U cijeni sav rad i materijal kako bi se stavka izvela do gotove funkcionalnost.

Debljina stropa podesta/međupodesta: [20] cm
Debljina stubišnog kraka: [15] cm
Širina stubišnog kraka: [120] cm
Dimenzije gazišta: [17,3/28] cm
Razred čvrstoće: [C25/30]
Razredi izloženosti: [XC1]
Zahtjevi za ravnoću: DIN 18202, tablica 3, stupac 2 (neobrađene površine s većim zahtjevima)
Površina: kvaliteta vidnog betona (SB2)

Armatura i oplata se obračunavaju u zasebnim pozicijama.",4.8,m3,,,,0,
208.100.00105,,"- oplata stubišta, podgled podesta, međupodesta i krakova, rubna oplata i oplata gazišta","Dobava, izrada i postava oplate podgleda podesta, međupodesta i krakova stubišta u glatkoj oplati s pravilnim stikovima i mjestima za čavle, uključujući skošene rubove. U cijeni sva razupiranja i podupiranja. Izvedba do gotove funkcionalnosti.

Dobava, izrada i postava rubne oplate podesta, međupodesta i krakova te oplate gazišta u glatkoj oplati s pravilnim stikovima i mjestima za čavle, uključujući skošene rubove. U cijeni sva razupiranja i podupiranja. Izvedba do gotove funkcionalnosti.",32,m2,,,,0,
208.110,,Spremnik vode za sprinkler,,,,,0,,,
208.110.00100,,"x..WSP1..x - betonske podloge od nearmiranog betona, debljina [8] cm","Izrada betonske podloge od nearmiranog betona ispod temeljne ploče. Zaglađivanje gornjeg sloja.

Debljina: 8 cm
Razred čvrstoće: C12/15",21,m3,,,,0,
208.110.00105,,"x..WSP1..x - armiranobetonska podna ploča, debljina [50] cm","Dobava i strojna ugradnja armiranog betona sa dodatkom za vodonepropusnost u temeljnu ploču sprinkler bazena. Svježi beton prema DIN EN 206-1.

Debljina: [50] cm
Razred čvrstoće: C30/37
Razredi izloženosti: XC2
Razredi izloženosti: [XC3, WU, WF]
WU razred uporabe: B (dopuštena su vlažna mjesta)
WU razred opterećenja: 2 (vlažnost tla, procjedna voda se ne zadržava na površini)
Zahtjevi za ravnoću: DIN 18202, tablica 3, stupac 2 (neobrađene površine s većim zahtjevima)

Armatura i oplata se obračunavaju u zasebnim pozicijama.",123,m3,,,,0,
208.110.00110,,"x..WSP1..x - armiranobetonski zidovi, debljine [30] cm","Dobava i strojna ugradnja armiranog betona sa dodatkom za vodonepropusnost u zidove sprinkler bazena. Svježi beton prema DIN EN 206-1.

Debljina: [30] cm
Razred čvrstoće: [C30/37]
Razredi izloženosti: [XC3, WU, WF]
WU razred uporabe: B (dopuštena su vlažna mjesta)
WU razred opterećenja: 2 (vlažnost tla, procjedna voda se ne zadržava na površini)
Površina: kvaliteta vidnog betona (SB1)

Armatura i oplata se obračunavaju u zasebnim pozicijama.",59,m3,,,,0,
208.110.00115,,"x..WSP1..x - armiranobetonski stupovi, dimenzije [0,5 / 0,5] m","Dobava i strojna ugradnja armiranog betona sa dodatkom za vodonepropusnost u stupove sprinkler bazena. Svježi beton prema DIN EN 206-1.

Dimenzije/presjek: [0,5/0,5] m
Razred čvrstoće: [C30/37]
Razredi izloženosti: [XC3, WU, WF]
WU razred uporabe: B (dopuštena su vlažna mjesta)
WU razred opterećenja: 2 (vlažnost tla, procjedna voda se ne zadržava na površini)
Površina: kvaliteta vidnog betona (SB1)

Armatura i oplata se obračunavaju u zasebnim pozicijama.",1.1,m3,,,,0,
208.110.00120,,"x..WSP1..x - armiranobetonske grede, dimenzija [0,72 / 0,40] m","Dobava i strojna ugradnja armiranog betona sa dodatkom za vodonepropusnost u grede sprinkler bazena. Svježi beton prema DIN EN 206-1.

Dimenzije/presjek: [0,72/0,40] m
Razred čvrstoće: [C30/37]
Razredi izloženosti: [XC3, WU, WF]
WU razred uporabe: B (dopuštena su vlažna mjesta)
WU razred opterećenja: 2 (vlažnost tla, procjedna voda se ne zadržava na površini)
Površina: kvaliteta vidnog betona (SB1)

Armatura i oplata se obračunavaju u zasebnim pozicijama.",13,m3,,,,0,
208.110.00125,,"x..WSP1..x - armiranobetonski strop, debljina [30] cm","Dobava i strojna ugradnja armiranog betona sa dodatkom za vodonepropusnost u strop sprinkler bazena. Svježi beton prema DIN EN 206-1.

Debljina: [30] cm
Razred čvrstoće: [C30/37]
Razredi izloženosti: [XC3, WU, WF]
WU razred uporabe: B (dopuštena su vlažna mjesta)
WU razred opterećenja: 2 (vlažnost tla, procjedna voda se ne zadržava na površini)
Površina: kvaliteta vidnog betona (SB1)

Armatura i oplata se obračunavaju u zasebnim pozicijama.",75,m3,,,,0,
208.110.00130,,x..WSP1..x - okno potopne pumpe,"Dobava materijala i izvedba armiranobetonskog okna potopne pumpe. Konstruktivni elementi od kojih se sastoji izvedba:
- podna temeljna ploča
- zidovi

Svijetle dimenzije okna: [1,50/3,70] m
Svijetla dubina okna: [0,90] m
Debljina zida: [0,30] m
Debljina temeljne ploče: [0,50] m
Površina: kvaliteta vidnog betona (SB1)
Armatura se obračunava u zasebnim pozicijama.

Radovi koje je potrebno obuhvatiti stavkom do gotove funkcionalnosti:
- beton: dobava i strojna ugradba prema DIN EN 206-1 sa dodatkom za vodonepropusnost (temeljna ploča; zidovi) V=[xxx] m3
Razred čvrstoće: [C30/37]
Razredi izloženosti: [XC2, WF]
- rubna oplata, rubovi nakošeni P= [6,0] m2
- dvostrana oplata zidova, rubovi nakošeni P=[11,0] m2",1,kom,,,,0,
208.110.00135,,x..WSP1..x - ulazna šahta,"Dobava materijala i izvedba ulaznog šahta u sprinkler bazen.

Svijetle dimenzije: [0,80/0,80] m
Svijetla visina: [0,55] m
Debljina zida: [0,15] m
Razred čvrstoće: [C30/37]
Razredi izloženosti: [XC3]
WU razred uporabe: B (dopuštena su vlažna mjesta)
WU razred opterećenja: 2 (vlažnost tla, procjedna voda se ne zadržava na površini)

Radovi koje je potrebno obuhvatiti stavkom do gotove funkcionalnosti:
- beton: dobava i strojna ugradba prema DIN EN 206-1 sa dodatkom za vodonepropusnost (zidovi) V=[xxx] m3
Razred čvrstoće: [C25/30]
Razredi izloženosti: [XC2, WF]
- dvostrana oplata zidova, rubovi nakošeni P=[4,50] m2
- poklopac 90x90cm, razred D, vodonepropusna izvedba: [2] kom",2,kom,,,,0,
208.110.00140,,"x..WSP1..x - armiranobetonska temeljna ploča-oplata, debljina [50] cm","Dobava, izrada i postava oplate temeljne ploče sprinkler bazena. Debljina ploče 30cm. U cijeni sav rad, materijal kako bi se stavka izvela do gotove funkcionalnosti.",40,m2,,,,0,
208.110.00145,,"x..WSP1..x - armiranobetonski zidovi i stupovi-oplata, debljina [30] cm","Dobava, izrada i postava oplate za zidove i stupova sprinkler bazena u glatkoj dvostranoj i četverostranoj oplati uključivo i zidove šahte ulaza. U cijeni sva razupiranja i podupiranja. U cijeni sav rad, materijal kako bi se stavka izvela do gotove funkcionalnosti.",420,m2,,,,0,
208.110.00150,,"x..WSP1..x - armiranobetonske grede-oplata, debljina [40] cm","Dobava, izrada i postava oplate greda sprinkler bazena Debljina ploče 30cm. U cijeni sav rad, materijal kako bi se stavka izvela do gotove funkcionalnosti.",72,m2,,,,0,
208.110.00155,,"x..WSP1..x - armiranobetonska stropna ploča-oplata sa podupiranjem, debljina [30] cm","Dobava, izrada i postava oplate stropne ploče sprinkler bazena. U cijeni sav rad, materijal kako bi se stavka izvela do gotove funkcionalnosti.

_oplata sa podupiranjem na visini do 2,50 m",202,m2,,,,0,
208.110.00160,,"x..WSP1..x - beton za pad iznad ploče sprinkler bazena, debljina [5-10] cm",Izvedba betona za pad debljine 5-10cm iznad ab ploče sprinkler bazena. U cijenu uključena oplata i sav materijal i rad da se stavka izvede do funkcionalne gotovosti.,250,m2,,,,0,
208.110.00165,,x... WSP1 - Ispitnivanje spremnika vode za sprinkler uz max punjenje 2 tjedna,"Ispitivanje nepropusnosti spremnika uz maksimalno punjenje tijekom 2 tjedna, uklj. prethodno čišćenje spremnika, dovod vode i prvo punjenje.",1,paušal,,,,0,
208.110.00170,,x..WSP1..x - Provodi cijevi sprinkler bazena,"Provodi cijevi sprinkler bazena za sve potrebne priključke kroz zidove i stropove,uključujući potrebne mjere brtvljenja. NAPOMENA: u cijenu uključiti naknadno bušenje zida te brtvu ROXTEC brtveni elementi.
_PEHD Ø150",3,kom,,,,0,
208.110.00175,,x..WSP1..x - Provodi cijevi sprinkler bazena,Sve isto kao i stavka 208.110.00170 samo cijev Ø20 (kabelska cijev),1,kom,,,,0,
208.110.00180,,x..WSP1..x - Provodi cijevi sprinkler bazena,Sve isto kao i stavka 208.110.00170 samo cijev Ø80,5,kom,,,,0,
208.110.00185,,x..WSP1..x - Provodi cijevi sprinkler bazena,Sve isto kao i stavka 208.110.00170 samo cijev Ø150,1,kom,,,,0,
208.120,,Konstrukcijska ojačanja,,,,,0,,,
208.130,,Obnova betona i fuga,,,,,0,,,
208.140,,Izolacije i brtve,,,,,0,,,
208.140.00100,,"- Izolacija na zidovima, debljina [120] mm, XPS","Dobava i postava izolacije u zemlji na zidovima i temeljima od XPS tvrde pjene (ekstrudirani polistirol) prema DIN EN 13164 sa preklopom. Ugradnja prema uputama proizvođača. Izvedba do gotove funkcionalnosti.

Debljina izolacije: [120] mm
Toplinska vodljivost: [0,030] W/mK
Mjesto oblaganja: fasadni sokl po obodu objekta",145,m2,,,,0,
208.140.00105,,"- Izolacija na zidovima, debljina [80] mm, XPS","U svemu kao stavka 208.140.00100 samo:

Debljina izolacije: [80] mm
Toplinska vodljivost: [0,030] W/mK
Mjesto oblaganja: vertikalno oblaganja zidova (strana prema tlu) pretovarnog mosta",9,m2,,,,0,
208.140.00110,,- Izolacija od negorivog materijala A1 iza fasadne obloge (monijerke),"Dobava i postava izolacijske obloge iza fasadne obloge (monijerke). Izolacija postavljena tiplanjem i ljepljenem na zid prema pravilu struke, odnosno uputama proizvođača. Izvedba do potpune gotovosti sa svim elementima.

Reakcija na požar: A1
Toplinska izolacija: [120] mm, [ tip kao Rockwool Fixrock 33VF].
Mjesto oblaganja: fasadni sokl po obodu objekta",22,m2,,,,0,
208.140.00115,,"- Izolacija ispod podnih ploča, debljina [80] mm, XPS","Dobava i postava izolacije u zemlji, ispod podnih ploča od XPS tvrde pjene (ekstrudirani polistirol) prema DIN EN 13164 sa preklopom. Ugradnja prema uputama proizvođača. Izvedba do gotove funkcionalnosti.

Debljina izolacije: [80] mm
Toplinska vodljivost: [0,030] W/mK
Mjesto oblaganja: ispod podnih ploča
XPS se izvodi u širini od 5 m po vanjskom obodu podne ploče.",1257,m2,,,,0,
208.140.00120,,x..WSP1..x - Brtvljenje radnih prekida sprinkler bazena,"Brtvljenje radnih prekida - spojeva AB temeljne ploče i vanjskih AB zidova sprinkler bazena i šahte niskog napona.
Brtvljenje vršiti ugradnjom DRACO WATERSTOP 500 trake. Traka se sastoji od 75% prirodnog natrijevog bentonita i 25% butil gume, presjeka 25 x 20 mm. Waterstop traka se mehanički pričvršćuje za podlogu preko pocinčane mrežice. Waterstop traka treba biti pokrivena s najmanje 7,5 cm zdravog betona sa svake strane.
Svi detalji se izvode prema uputstvima proizvođača. Postava i izrada prema uputama proizvođača do gotove funkcionalnosti i prema pravilu struke. Obračun po m1 ugrađene trake.",70,m1,,,,0,
208.140.00125,,x..WSP1..x - unutarnja hidroizolacija sprinkler bazena,"Dobava materijala i izvođenje unutarnje hidroizolacije sprinkler bazena dvokomponentnim polimercementnim hidroizolacijskim premazom DRACO LASTIC 150 uključivo i korito u sprinkler stanici. Proizvod se nanosi na čistu i čvrstu podlogu betona u dva sloja u svemu prema uputstvu proizvođača. Premaz se izvodi u dva sloja s ukupnim utroškom od 4,0 kg/m2. Izolira se pod sa zidom prema projektu. Hidroizolacija se uz zidove podiže u visini od 10cm iznad kote najvišeg nivoa vode.",360,m2,,,,0,
208.140.00130,,x..WSP1..x - Brtvljenje spojeva sprinkler bazena,Brtvljenje spojeva između horizontalnih i vertikalnih površina te na sudaru (zid-zid; zid-pod) sprinkler bazena ugradnjom brtvene trake od pletenog poliestera u sredini ojačanog sa gumenom trakom DRACO BAND 100. Postava i izrada prema uputama proizvođača do gotove funkcionalnosti i prema pravilu struke.,80,m1,,,,0,
208.150,,Ostalo,,,,,0,,,
208.150.00100,,"- otvori za vrata do 1,17 / 2,16 m","Otvor u zidu za vrata na gore navedenim zidnim elementima do veličine od 1,17/2,16 m izraditi, uklj. nakošene rubove.",3,Stk.,,,,0,
208.150.00105,,"- otvori za prozore do 0,6 / 3,0 m ili 3,0 / 0,6 m","Otvor u zidu za prozore na gore navedenim zidnim elementima do veličine od 0,6/3,0 m ili 3,0/0,6 m izraditi, uklj. nakošene rubove.",1,Stk.,,,,0,
208.150.00110,,"- otvori poda do 0,05 m2","Otvore u podu za gore navedene Podne ploče do veličine od 0,05 m2 izraditi, uklj. zatvaranje otvora nakon dovršene instalacije.",20,Stk.,,,,0,
208.150.00115,,"- otvori poda do 0,25 m2","Otvore u podu za gore navedene Podne ploče do veličine od 0,25 m2 izraditi, uklj. zatvaranje otvora nakon dovršene instalacije.",20,Stk.,,,,0,
208.150.00120,,"- otvori poda do 1,0 m2","Otvore u podu za gore navedene Podne ploče do veličine od 1,0 m2 izraditi, uklj. zatvaranje otvora nakon dovršene instalacije.",1,Stk.,,,,0,
208.150.00125,,"- otvori zida do 0,05 m2","Otvore u zidu za gore navedene zidne elemente do veličine od 0,05 m2 izraditi, uklj. zatvaranje otvora nakon dovršene instalacije.",10,Stk.,,,,0,
208.150.00130,,"- otvori zida do 0,25 m2","Otvore u zidu za gore navedene zidne elemente do veličine od 0,25 m2 izraditi, uklj. zatvaranje otvora nakon dovršene instalacije.",1,Stk.,,,,0,
208.150.00135,,"- otvori zida do 1,0 m2","Otvore u zidu za gore navedene zidne elemente do veličine od 1,0 m2 izraditi, uklj. zatvaranje otvora nakon dovršene instalacije.",2,Stk.,,,,0,
208.150.00140,,"- otvori stropa do 0,05 m2","Otvore u stropu za gore navedene stropne elemente do veličine od 0,05 m2 izraditi, uklj. zatvaranje otvora nakon dovršene instalacije.",5,Stk.,,,,0,
208.150.00145,,"- otvori stropa do 0,25 m2","Otvore u stropu za gore navedene stropne elemente do veličine od 0,25 m2 izraditi, uklj. zatvaranje otvora nakon dovršene instalacije.",5,Stk.,,,,0,
208.150.00150,,"- otvori stropa do 1,0 m2","Otvore u stropu za gore navedene stropne elemente do veličine od 1,0 m2 izraditi, uklj. zatvaranje otvora nakon dovršene instalacije.",1,Stk.,,,,0,
208.150.00160,,"x... BS1 - prag od armiranog betona, duljina do 2,5 m","Prag od armiranog betona, oplate izraditi prema odabiru izvođača na unutarnjim stranama vrata, armaturu konstrukcije i spojnu armaturu isporučiti i ugraditi, svježi beton prema DIN EN 206-1 isporučiti, pravilno ugraditi, zabrtviti i poravnati površinu, uklj. glatke oplate za vidljive površine, nakošene rubove.

Debljina: prema mjestu ugradnje
Dužina: do 2,5 m
Visina od neobrađenog poda ili stropa: ca. 0,2 m (10 cm iznad gotovog poda)",1,Stk.,,,,0,
208.150.00170,,- trafostanica,"Dobava i postava trafostanice TS TIP DTS 12(24)-2x630(1000)kVA-KK,a sve prema građevinskom projektu trafostanice. Izvedba do gotove funkcionalnosti. Cijenom obuhvatiti:
1. Betoniranje betonske podloge betonom C12/15 prosječne debljine 10 cm ispod temeljne ploče. Količina: 2,60m3
2. Dobava i ugradnja betonskih ploča 40/40/4 cm u sloju pjeska deblj. 4 cm, oko objekta na pripremljen isplaniran sloj šljunka. Reške zaliti cem. mortom. Količina: 13,10m2
3. Betoniranje arm. bet. montažnog temelja – korita, Sastavljenog iz dva dijela, vodonepropusnim betonom C30/37 uključivo zavarenu armaturu i glatku oplatu. Tlocrtna veličina dna 494x474 cm, debljine10 cm. Obodni zidovi su visine 80cm, debljine 10-7 cm, a pregradni zid visine 30 cm. Uračunata izrada otvora za uvod kablova, interni transport i sve potrebno do potpune dovršenosti. Količina: 1kpl
4. Betoniranje montažnih armirano betonskih elemenata kućišta trafostanice vodonepropusnim betonom C30/37, uključivo potrebnu glatku oplatu, svu armaturu međusobno varenu, te ugradnju svih potrebnih bravarskih elemenata varenjem na armaturu. Uključeni svi interni transporti, pomoćne radne platforme, te sve potrebno za montažu elemenata u dovršeno kućište, spremno za transport. Oblik i veličina elemenata prema nacrtima, a u sastav arm.bet. kućišta ulaze: podna ploča vel. 474 x 494 x 12 cm, iz dva dijela, stropna ploča vel. 512 x 532 cm, debljine 7-13 cm, sa rubnom gredom, fasadni zidovi debljine 8 cm, 2 komada vel. 496 x 246 cm, 2 komada 468 x 246 cm, te pregradni zidovi vel. 460 x 245 cm i 220 x 245 cm. Obrada vanjske plohe zidova je prani kulir ugrađen u fazi betoniranja, a sve ostale plohe glatki beton. Zaštitni sloj na svim vanjskim plohama izvesti min. 2,5 cm Količina: 1kpl
5. Utovar, transport na lokaciju, te istovar i montaža Trafostanice na pripremljen podložni beton. Količina: paušal
6. Izrada i ugradnja finog cementnog morta omjera 1:3 u rešku između zida temeljnog korita i podne ploče trafostanice, te fugiranje nakon položenog kućišta. Zid debljine 7 cm. Količina: 27,40m1
7. Pripomoć kod ugradnje aluminijske bravarije: dovratnici 155 x 220 cm, 2 komada, 100 x 220 cm, 1 komad, te fiksna rebrenica 160x 60 cm. Količina: paušal
8. Izrada premaza krovne ploče u dva sloja „RENOFLEX“-om, ili sličnim materijalom, sa svim pomoćnim radovima, u svemu prema uputstvu proizvođača Količina: 27,30m2
9. Montaža armiranobetonskih elemenata građevine na gradilištu, uključivo međusobno spajanje varenjem čeličnih sidrenih elemenata, te sve pomoćne radove i materijal. Količina: paušal
10. Izrada vodonepropusnog spoja reške između elemenata temeljnog korita kod otvora, te krovnih elemenata, ugradnjom BITRAX trake i trajnoelastičnog kita Količina: 8,0m1
11. Izrada i montaža opšava ruba sljemena aluminijumskim limom razvijene širine 25/20 cm i debljine d = 1 mm. Rubove potkitati trajnoelastičnim kitom i učvrstiti pocinčanim vijcima sa plastičnom podloškom. Količina: 5,20 m.
12. Izrada, dostava i montaža dvokrilnih vrata od eloksiranog aluminija proizvodne mjere 154x219,5 cm, ( svijetla mjera 143x214 cm ), sa ventilacionim rebrenicama visine 60 cm, uz donji i gornji rub vratnih krila. Prag je čelični, antikorozivno zaštićen kutnik 40x40x4 mm, ugrađen kod betoniranja, varenjem za armaturu. Ispuna krila je dvostruki, međusobno poliuretanom kaširan, eloksirani aluminijski lim. Na rebrenice, s unutarnje strane, ugraditi aluminijsku zaštitnu mrežicu s otvorima 3 mm. Ugradnja vruće pocinčanim vijcima za čelična ubetonirana sidra. Brava je cilindrična, sa mogućnošću otvaranja iznutra bez ključa. Sav okov i pomoćni pribor mora biti kompatibilan sa eloksiranim aluminijem, ili zaštićen na kontaktnim plohama radi sprečavanja korozije izazvane razlikom potencijala materijala u vlažnoj atmosferi. ( Poz. 1 ) - 1kom
13. Kao stavka 12., samo jednokrilna vrata od eloksiranog aluminija, proizvodne mjere 99x219,5 cm, svijetla mjera 88x214 cm. Ugraditi okov za fiksiranje vratnog krila u otvorenom položaju. ( Poz. 2. ) - 3kom
14. Izrada, dostava i montaža ventilacione rebrenice od eloksiranog aluminija proizvodne mjere 159x59 cm, sa zaštitnom aluminijumskom mrežicom iznutra. Ugradnja vruće pocinčanim vijcima na čelična cjevasta, ubetonirana sidra. ( Poz. 3 ) - 2kom
15. Izrada, dostava i montaža ventilacione mreže od aluminijumskog istegnutog lima „Z“ oblika, razvijene širine 25 cm, ugradnja na otvoru visine 15 cm, između stropne ploče i zidova pričvršćenjem vijcima na cjevasta ubetonirana sidra. Otvori mreže 3 mm. Spoj pojedinih elemenata preklopom na mjestu učvršćenja. Dodirno mjesto između aluminija i pocinčanog željeza zaštititi nakon učvršćenja, temeljnom bojom i slojem laka. Količina: 9,0m
16. Izrada, dostava i montaža poklopca montažnog otvora od rebrastog čeličnog lima debljine 5 mm, sa okvirom od kutnika 40x40x3 m i privarenim ležajnim kutnikom 15x15x3 mm. Ugradnja okvira kod betoniranja Učvršćivanjem, vareno za armaturu. Otvor veličine 70x197 cm, a poklopac izraditi u dva jednaka dijela, sa otvorima za podizanje. Sve kompletno antikorozivno obraditi. Količina: 2,0kom
17. Izrada i montaža poklopca veličine 20x20 cm, za zatvaranje mjernog otvora od aluminijumskog lima debljine 3 mm, sa povinutim rubom radi nalijeganja na plohu fasade. S unutarnje strane predviđena je traka plosnatog pocinčanog željeza 40x4 ... 250 mm. Učvrščenje pocinčanim vijkom kroz otvore u sredini pokrovnog lima i plosnatog profila, pritezanjem s unutarnje strane leptir-maticom ( prema detalju ). Količina: 1,0kom
18. Izrada i montaža varenjem na armaturu, prije betoniranja, potpora nosača transformatora od UPN 80, dužine 180 cm. Uračunata antikorozivna zaštita. Količina: 4,0kom
19. Izrada nosača transformatora od UPN 100, dužine 220 cm, zajedno sa priborom za učvršćenje na ubetoniranim potporama. Uračunata antikorozivna zaštita. Količina: 4,0kom
20. Izrada i ugradnja elemenata za uzemljenje, od pocinčane željezne trake 4x40 mm, dužine prema nacrtu. Ugradnja po dva komada u dijagonalnim uglovima podne ploče i temeljne kade, varenjem za armaturu, te dva komada u temeljnoj kadi pri dnu, kod revizionog otvora, tako da sa vanjske i unutarnje strane ostane slobodan dio, prema nacrtu. Količina: 6,50 m.
21. Izrada i ugradnja čeličnih sidrenih elemenata za međusobne spojeve betonskih elemenata varenjem za armaturu, te međusobno spajanje varenjem. Izrada prema detaljima. Uračunata antikorozivna zaštita vidljivih dijelova. Količina: 140 kg.
22. Izrada i ugradnja držača kabela od vruće pocinčanog plosnog željeza 5x40 mm, razvijene dužine 60,5 cm, sa priborom za učvršćenje, kojeg čine vijci sa pločicama, ugrađeni u „C“ profile 20x50 mm, ubetonirane u fasadni element na razmaku 50 cm i omogućavaju pomak učvrsnog profila 40 cm, po vertikali. Količina: 1,0 garnitura
23. Izrada i montaža poklopca od rebrastog lima 4-5 mm, veličine 90 x 30cm, sa privarenim odstojnicima na donjoj strani za otvor u betonu širine 25 cm.
Poklopac ugraditi na dijelu kanala za niskonaponski razvod u slučaju kad ormari nisu predviđeni nad cijelom dužinom kanala. Točnu mjeru i broj komada odrediti kod montaže objekta. Količin: 2,0 kom
24. Bojanje unutarnjih ploha betonskih zidova i plafona bijelom disperzivnom bojom sa potrebnim prethodnim predradnjama. Količina: 105,0m2
25. Bojanje ruba krovne ploče fasadnom bojom sa potrebnim predradnjama po uptstvu proizvođača. Količina: 7,0m2
26. Jednokratni premaz temeljnom bojom i lakiranje svih vidljivih dijelova čelične bravarije Količina: 18,0m2
27. Dobava i postava uljne jame od nepropusnih betonskih montažnih korita ispod transformatora HEP-a. Dimenzija uljne jame šire za 20cm po dužini i širini otvoru ispod transformatora. Uljnu jamu je potrebno obraditi odgovarajućim materijalom prema uputi tehnologa kako bi se postigla neppropusnost iste. Količina: 1kpl
28. Izrada, doba i postava fiksne žičane pregrade u prostoriji srednjeg napona visine 2,0m, duljine 2,60m. Okvir izveden od čeličnih pravokutnih ili kadratnih profila koji je ispunjen metalnom mrežom vel.oka 3/3cm, profil žice okrugli dim. 5mm. Količina: 1kpl
29. Podložni beton, debljine 10cm uključiti u cijenu stavke.

Sve prema građevinskom projektu trafostanice (MAPA br. 12-glavni projekt.
NAPOMENA: Stavka obuhvaća sve navedene radove (28 podstavki), zemljani radovi nisu obuhvaćeni ovom stavkom (zasebna stavka ovog troškovnika u sklopu zemljanih radova).",1,kpl,,,,0,
209,,Montažna konstrukcija,,,,,0,,,
209.000,,Opći uvjeti i napomene,,,,,0,,,
209.010,,Armatura i ugradbeni dijelovi,,,,,0,,,
209.020,,Temelji,,,,,0,,,
209.030,,Sokl i zidovi,,,,,0,,,
209.030.00105,,x..SFS1..x - Fasadni sokl - rubnjak 8/50/99 cm - ravni,"UGRADNJA armiranobetonskog fasadnog sokla - rubnjaka (ravni) po obodu zgrade, od gotovih betonskih elemenata, dimenzije prema fasadnom nacrtu. Izvedba do potpune gotovosti sa svim elementima.
Rubnjake staviti na raspolaganje i obavljanje formalne primopredaje izvođaču građevinsko-obrtničkih radova.

Dimenzije: debljine 8,0 cm, visine 50,0 cm i dužine 99cm
Rubnjak: vidni beton gladak, spreman za ličilačku obradu, kvaliteta vidnog betona SB4.
Razred čvrstoće: C30/37
Razredi izloženosti: XC4, XD1, XF1
Mjesto ugradbe: sokl objekta

Rubnjak se oslanja na monolitnu betonsku podlogu izvedenu na nasipu šljunka, drobljenog kamenog materijala i/ili sl. Armatura, oplata, kantiranje, spojni elementi i brtvljenje uračunati u cijenu gotovog montažnog elementa.",145,kom,,,,0,
209.030.00110,,x..SFS4a..x - Fasadni sokl - grupa rubnjaka 8/50/<80 cm - ravni,"Stavka uključuje slijedeće rubnjake prema oznaci u grafičkom prilogu u svemu jednake kao stavka 209.030.00105 osim navedene duljine i fuge:

S4.04-59cm
S4.06-69,5cm
S4.15- 53,5cm
S4.17-40,5cm
S4.18-68cm, fuga
S4.19-66cm
S4.26-73cm
S4.38-67cm",8,kom,,,,0,
209.030.00115,,x..SFS4a..x - Fasadni sokl - grupa rubnjaka 8/50/80-130 cm - ravni,"Stavka uključuje slijedeće rubnjake prema oznaci u grafičkom prilogu u svemu jednake kao stavka 209.030.00105 osim navedene duljine i fuge:

S2-109,0cm
S4.03-124cm, fuga
S4.05-83,5cm
S4.07-113,5cm, fuga
S4.11-80cm, fuga
S4.12-87,5cm
S4.13-86,5cm
S4.14-122,5cm, fuga
S4.20-86cm
S4.22-86cm
S4.24-93cm
S4.28-89,5cm
S4.30-86cm
S4.32-92cm
S4.34-88cm
S4.36-96,5cm
S4.39-127cm, fuga
S4.40-121,5cm, fuga",33,kom,,,,0,
209.030.00120,,x..SFS4a..x - Fasadni sokl - grupa rubnjaka 8/50/≥130 cm - ravni,"Stavka uključuje slijedeće rubnjake prema oznaci u grafičkom prilogu u svemu jednake kao stavka 209.030.00105 osim navedene duljine i postojanja fuge:

S4.01-132,5cm, fuga
S4.02-135cm, fuga
S4.10-143,5cm, fuga
S4.16-180cm, fuga
S4.21-141,5cm, fuga
S4.23-140cm, fuga
S4.25-134cm, fuga
S4.27-130cm, fuga
S4.29-137,5cm, fuga
S4.31-141cm, fuga
S4.33-135cm, fuga
S4.35-141cm, fuga
S4.37-134,5cm, fuga",33,kom,,,,0,
209.030.00125,,"x..SFS1..x - Fasadni sokl - rubnjak 8/50 - ""U"" oblika","UGRADNJA armiranobetonskog fasadnog sokla - rubnjaka ""U"" oblika na mjestu fasadnih stupova (osa F), od gotovih betonskih elemenata, dimenzije prema fasadnom nacrtu. Izvedba do potpune gotovosti sa svim elementima.
Rubnjake staviti na raspolaganje i obavljanje formalne primopredaje izvođaču građevinsko-obrtničkih radova.

Dimenzije: debljine 8,0 cm, visine 50,0 cm
širina/dužina ""C U"" oblika 104/44 cm
Rubnjak: vidni beton gladak, spreman za ličilačku obradu, kvaliteta vidnog betona SB4.
Razred čvrstoće: C30/37
Razredi izloženosti: XC4, XD1, XF1
Mjesto ugradbe: sokl objekta

Rubnjak se oslanja na monolitnu betonsku podlogu izvedenu na nasipu šljunka, drobljenog kamenog materijala i/ili sl. Armatura, oplata, kantiranje, spojni elementi i brtvljenje uračunati u cijenu gotovog montažnog elementa.
Ponuditi sve prema projektu konstrukcije i ostaloj projektnoj dokumentaciji koja je sastavni dio troškovnika.",12,kom,,,,0,
209.030.00130,,"'x..SFS1..x- sendvič fasada od gotovih betonskih elemenata, debljine 38 cm, oznake S5.02","UGRADNJA fasadnih sendvič ploča od gotovih betonskih elemenata, dimenzije prema fasadnom nacrtu. Izvedba do potpune gotovosti sa svim elementima.
Sastav:

Nosivi dio: 16cm, fina rukom zaglađena,kvaliteta vidnog betona SB2
Toplinska izolacija : XPS 14cm
Prednja vidljiva strana: 8cm, vidni beton gladak, kvaliteta vidnog betona SB4.
Spoj sa ostatkom konstrukcije: AB sendvič panel dijelom se oslanja na temeljne trake a dijelom na temeljne stope AB stupova te je potrebno osigurati spojnu armaturu s istim. Stavka uključuje sredstva za pričvršćivanje, spojna sredstva i sidra za pričvršćenje.
Ukupna debljina: 38 cm
Ukupna duljina elementa: 440cm
Ukupna visina elementa: 202cm
oznaka u grafičkom prikazu fasade: S5.02

Reakcija na požar: B-d1(klasificiran sustav)
Razred čvrstoće: [C35/45]
Razredi izloženosti: [XC4, XF4, XD3]
Mjesto ugradnje: fasada, pored otvora za pretovarni most u osi A",1,kom,,,,0,
209.030.00135,,"'x..SFS1..x- sendvič fasada od gotovih betonskih elemenata, debljine 38 cm, oznake S5.01","UGRADNJA fasadnih sendvič ploča od gotovih betonskih elemenata, dimenzije prema fasadnom nacrtu. Izvedba do potpune gotovosti sa svim elementima.
Sastav:

Nosivi dio: 16cm, fina rukom zaglađena,kvaliteta vidnog betona SB2
Toplinska izolacija : XPS 14cm
Prednja vidljiva strana: 8cm, vidni beton gladak, kvaliteta vidnog betona SB4.
Spoj sa ostatkom konstrukcije: AB sendvič panel dijelom se oslanja na temeljne trake a dijelom na temeljne stope AB stupova te je potrebno osigurati spojnu armaturu s istim. Stavka uključuje sredstva za pričvršćivanje, spojna sredstva i sidra za pričvršćenje.
Ukupna debljina: 38 cm
Ukupna duljina elementa: 922cm
Ukupna visina elementa: 202cm
oznaka u grafičkom prikazu fasade: S5.01

Reakcija na požar: B-d1(klasificiran sustav)
Razred čvrstoće: [C35/45]
Razredi izloženosti: [XC4, XF4, XD3]
Mjesto ugradnje: fasada, pored otvora za pretovarni most u osi A",1,kom,,,,0,
209.030.00140,,Fasadna obloga-monijerka S4.08,"UGRADNJA fasadne obloge ""MONIJERKE"" od gotovih betonskih elemenata, dimenzije 560,0 x 165cm. Izvedba do potpune gotovosti sa svim elementima.

Fasadna obloga: 8cm, vidni beton gladak, kvaliteta vidnog betona SB4.
Razred čvrstoće: [C30/37]
Razredi izloženosti: [XC4, XF1]
Spoj sa monolitnom konstrukcijom: monijerke se oslanjaju na čelični L profil preko gornjeg AB zuba u svojoj geometriji
Mjesto ugradnje: fasada
oznaka u grafičkom prikazu fasade: S4.08",1,kom,,,,0,
209.030.00145,,Fasadna obloga-monijerka S4.09,"UGRADNJA fasadne obloge ""MONIJERKE"" od gotovih betonskih elemenata, dimenzije 607,5x165cm. Izvedba do potpune gotovosti sa svim elementima.

Fasadna obloga: 8cm, vidni beton gladak, kvaliteta vidnog betona SB4.
Razred čvrstoće: [C30/37]
Razredi izloženosti: [XC4, XF1]
Spoj sa monolitnom konstrukcijom: monijerke se oslanjaju na čelični L profil preko gornjeg AB zuba u svojoj geometriji
Mjesto ugradnje: fasada
oznaka u grafičkom prikazu fasade: S4.09",1,kom,,,,0,
209.040,,Aerirani beton,,,,,0,,,
209.050,,Stupovi,,,,,0,,,
209.050.00100,,- betonski stupić za zaštitu od udara na ulazu,"Stupići za zaštitu od udara, od pocinčane čelične cijevi debljine 2mm sa zatvorenom čeonom pločom. Ukupne duljine 120cm (40cm utemeljeno, 80 cm vani), širine 18-20 cm ovisno o proizvođaču. Stupić iznutra betoniran, usidren u temelj samac dimenzija 60 x 60 x 60cm, beton C12/15. U stavku ulaze svi troškovi nabave materijala i ugradnje , prijevoz, oprema i sve ostalo što je potrebno za izvođenje radova sukladno projektu.",10,kpl,,,,0,
209.060,,Nosači i grede,,,,,0,,,
209.070,,Stropovi,,,,,0,,,
209.080,,Okna,,,,,0,,,
209.090,,Stubište,,,,,0,,,
209.100,,Sprinkler bazen,,,,,0,,,
209.110,,Ostalo,,,,,0,,,
210,,Zidarstvo,,,,,0,,,
210.000,,Prethodne napomene,,,,,0,,,
,,ZTV - Dodatni tehnički uvjeti ugovora,"1.) Dodatni ugovoreni tehnički uvjeti dio su troškovnika te u slučaju ugovaranja postaju dio ugovora. Izvođač radova se dakle obavezuje na sve radove i primjene koje proizlaze iz ovih uvjeta te su one uračunate u cijenu, ukoliko nisu zasebno ponuđene.

2.) Cijene stavki se prikazuju kao neto iznos u državnoj valuti. Važeći zakonski propisani porez na dodanu vrijednost obračunava se zasebno.

3.) U slučaju proturječnosti dodatnih ugovorenih tehničkih uvjeta vrijede prvenstveno podaci iz troškovnika. U slučaju proturječnosti između troškovnika i tehničke dokumentacije koja se predaje prilikom natječaja, vrijedi tehnička dokumentacija.

4.) Prije početka davanja ponude, ponuditelj je dužan pažljivo pročitati kompletan tekst općih uvjeta uz troškovnik, općih i posebnih uvjeta uz svaku grupu radova, tekst samog troškovnika i ostale dijelove tehničke dokumentacije. Ako opis bilo koje stavke u troškovniku dovodi do sumnje o načinu izvedbe ili upotrebu gradiva zahtijevane kvalitete, treba prije predaje ponude zatražiti pojašnjenje od ovlaštene osobe Investitora. Naknadno pozivanje na manjkavost ili nepoznavanje projektno-tehničke dokumentacije ili opisa u troškovniku neće se uzeti u obzir, niti smatrati razlogom za produženje roka izvedbe, a niti će se priznati bilo kakva razlika u cijeni s tog naslova.

5.) Tehnička dokumentacija koja se predaje prilikom natječaja informativnog je karaktera, a ponuđač je dužan u svom trošku izvršiti kontrolu projektno tehničke dokumentacije u smislu točnosti, tehničke ispravnosti, izvedivosti i međusobne usklađenosti. Sve eventualne primjedbe ponuditelj/izvoditelj dužan je pravovremeno uz ponudu, a u svakom slučaju prije izvedbe u pisanom obliku dostaviti Nadzoru i Naručitelju

6.) Ponuditelj je dužan provesti i kontrolu lokacije na licu mjesta prije davanja ponude. Jedinične cijene za pojedine vrste radova sadrže i sve one posredne troškove koji nisu iskazani u troškovniku, ali su neminovni za izvršenje radova predviđenih projektom.

7.) Organizacija gradilišta uračunata je u cijenu, ukoliko nije ponuđena kao zasebna stavka.

8.) Dizalice za podizanje, skele, strojevi, alati, pomoćna sredstva i konstrukcije uzeti su u obzir te su uračunati u jediničnu cijenu.

9.) Skele za radove na fasadi i radove na krovu predmet su ovog natječaja. Ponuditelj smije koristiti postojeće skele uz poštivanje sigurnosnih uvjeta i na vlastitu odgovornost. Preinake na skelama nisu dozvoljene te se one moraju predati u ispravnom stanju u kojem su i preuzete.

10.) Kompletnu režiju gradilišta usigurava i rješava ponuditelj/izvođač i i uključena je u jediničnu cijenu.

11.) Ponuditelj je obvezan redovno prikupljati i ,pravilno skladištiti i odvoziti na ovlašteni deponij sve otpadne materijale, ostatke, krhotine, građevinski otpad, ambalaže, obični otpad i slično o vlastitom trošku. Kod odlaganja otpada potrebno je pridržavati se svih javnopravnih uputa i propisa.

12.) Onečišćenja koja uslijed radova nastaju na susjednim terenima, zgradama, putovima, cestama, trgovima i slično, izvođač radova treba svakodnevno čistiti.

13.) Izvođač preuzima odgovornost za osiguravanje, skladištenje i spremanje vlastite građevinske opreme, strojeva, uređaja, alata i slično. Jednako vrijedi i za građevinske materijale, elemente i za ugradnju određenih uređaja i objekata sve do primopredaje obavljenih građevinskih radova.

14.) Prilikom izvođenja radova, izvoditelj treba zaštititi sve susjedne plohe, dijelove konstrukcije i prethodno izvedene radove na prikladan način a u skladu sa pravilima zaštite na radu, tako da ne dođe do oštećenja istih. Troškove zaštite treba izvoditelj ukalkulirati u ponudbenu cijenu izvođenja radova. Ukoliko ipak dođe do oštećenja prethodno izvedenih radova za koje je odgovoran izvoditelj ili njegov kooperant, dužan je iste o svom trošku dovesti u stanje prije oštećenja ili naručiti iste radove kod drugog izvoditelja na svoj teret.

15.) Sve potrebne mjere prema javnopravnim uputama i propisima za sigurnost i zaštitu zdravlja trebaju se uzeti u obzir te ih se treba pridržavati prilikom izvođenja radova.

16.) Prilikom davanja ponude i izvođenja radova treba se uzeti u obzir, uračunati i pridržavati se
- svih državnih i javnopravnih zakona, smjernica i propisa
- svih odgovarajućih tehničkih standarda, pravila i smjernica
- općeprihvaćenih pravila tehnike
- uputa, propisa i napomena proizvođača za ugradnju i obradu
- Kauflandovih građevinskih opisa, ugovorenih uvjeta i ostalih Kauflandovih dokumenata i planova.

17.) Stavke troškovnika obuhvačaju konačno dovršenje radova definiranih po količini i kvaliteti, onosno podrazumijevaju se kao gotove, potpune i funkcionirajuće, uklj. sve potrebne male dijelove i sredstva za pričvršćivanje, pomoćne materijale i sredstva, podkonstrukcije itd., kao i sve dodatne i posebne usluge - čak i kada one nisu detaljno opisane.

18.) Ako su treće stranke uključene u izvođenje predradnji, izvođač radova ih treba provjeravati. U slučaju nepravilnosti ili prigovora pravovremeno treba informirati naručitelja, tako da može tehnički i organizacijski dovršiti poslove.

19.) Obavezno se treba pridržavati svih Kauflandovih proizvodnih uputa, osim ako postoje opravdani razlozi za odstupanje (npr. dostupnost). U tom slučaju izvođač treba ponuditi istovjetni proizvod ili sustav te potvrditi istovjetnost. O njoj odlučuje naručitelj.

20.) Sustavi se izvode isključivo pomoću komponenata koje su predviđene od strane proizvođača sustava.

21.) Svi materijali, građevinski elementi i uređaji koji neposredno utječu na izgled i funkcionalnost prije ugradnje se trebaju provjeriti. Ugrađuju se tek nakon što naručitelj ili ovlaštena osoba odobri ugradnju na gradilištu. O vrsti i obliku uzorka odlučuje naručitelj.

22.) Ako nije drukčije propisano, izmjene postojećih projektnih rješenja od strane ponuditelja/izvođača a koje utječu na mehaničku stabilnost, ponuditelj/izvođač je dužan u svom trošku ishoditi sve suglasnosti, dozvole i sl.
Projekt izvedenog stanja ukalkulirati u jedničnu cijenu te dostaviti Kauflandu u pisanom i digitalnom obliku.

23.) Svi radovi na objektu te primjenjeni sistemi gradnje moraju biti izvedeni prema pravilu struke, odnosnu u granicama dopuštenih tolerancija.

24.) Ukoliko je ugovoreni termin izvršenja objekta uključen i zimski odnosno ljetni period, to se neće posebno izvođaču priznavati na ime naknade za rad pri niskoj temperaturi, zaštita konstrukcija od hladnoće i vrućine, te atmosferskih nepogoda, sve mora biti uključeno u jediničnu cijenu. Za vrijeme zime objekat se mora zaštititi. Svi eventualni smrznuti dijelovi moraju se ukloniti i izvesti ponovo bez bilo kakve naplate. Ukoliko je temperatura niža od temperature pri kojoj je dozvoljen dotični rad, a Investitor ipak traži da se radi, Izvođač si ima pravo zaračunati naknadu po normi 6,006 ali u tom slučaju Izvođač snosi punu odgovornost za ispravnost i kvalitetu rada. To isto vrijedi i za zaštitu radova tokom ljeta od prebrzog sušenja uslijed visoke temperature.

25.) U jediničnu cijenu rada izvođač treba obuhvatiti i slijedeće radove, koji se neće zasebno platiti kao naknadni rad, čak i ako nisu izričito navedenei u troškovniku:
- sve vrste transporta građevinskih materijala, elemenata, uređaja, objekata itd. do mjesta ugradnje
- potrebne i uobičajene pripreme i predobrade tla
- sve vrste bušenja, zavarivanja, lijepljenja, malih dijelova, sredstava za pričvršćivanje, međupoložaja, izolacije, brtvljenja, folija, spojeva itd. koje su potrebne za priključak, montažu i pričvršćivanje građevinskih dijelova i elemenata
- stručna priprema i priključak na sve okolne dijelove, ugradbene i nadgradne elemente i propuste
- sve izrade kutova, spojnih površina i elemenata, završnih elemenata, slobodnih krajeva itd.
- sve podloge za montažu, priključak i pričvršćivanje kao što su beton, zidani elementi, čelik, aluminij, limovi, gips karton, itd.
- potrebne spojne, kose i okrugle rezove te ostatke rezanja
- Izrada otvora i proreza za instalacije i ugradbene elemente drugih izvođača
- interno povezivanje kablovima i priključak objekata, dovod prema električnim trošilima na gradilištu od strane elektro izvođača",,,,,,,
,,Zidarske usluge,"U sljedećim pozicijama potrebno je uzeti u obzir i uračunati sljedeće usluge, čak i ako nisu izričito navedene:
- nabava svih potrebnih materijala (mort, zidni elementi), doprema do mjesta ugradnje, zidanje, odvoz preostalih materijala i čišćenje radilišta od nečistoća nastalih zidanjem
- Formiranje i zatvaranje žljebova za instalacije u zidovima rabic -mrežom ili na drugi način se ne naplaćuje posebno (ukoliko troškovnikom nije posebno opisano).
- izvedba prodora i zatvaranje rupa u zidovima nakon prolaza instalacija
- hidroizolacija ispod zida
- dilatacijski stiropor xps
- skela
- razna zidarska pripomoć, zidarske ugradbe na monolitnoj, montažnoj i limenoj konstrukciji
- zidarska pripomoć kod ugradnje vanjske bravarije
- sve troškove oko dobivanja atesta (uključivi i utrošak svih potrebnih materijala za uzorke)",,,,,,,
210.010,,Unutarnji zidovi,,,,,0,,,
210.010.00100,,- pregradni zid d=20cm-YTONG,"YTONG pregradni zid, d=20 cm
Zidanje unutarnjih porobetonskih pregradnih zidova YTONG blokovima. COMPACT ploče, debljine 12,5 cm, grupe proizvoda (marke) 3,0/0,40 (N/mm2/t/m3) prema HRN EN 771-4. Svi blokovi moraju bit I razreda kakvoće i zidani tankoslojnim YTONG bijelim mortom marke M10 prema HRN EN 998-2.
Prvi red blokova potrebno je postaviti na idealno ravan (u oba smijera) sloj vapneno-cementnog morta (1:2:8) debljine 1-3 cm, ovisno o točnosti izvedbe podloge. Sve ostale horizontalne i vertikalne spojnice (fuge) potrebno je ispuniti po cijeloj površini tankoslojnim mortom max debljine 3 mm.
Prilikom zidanja nije dozvoljeno preklapanje vertikalnih sljubnica. Min razmak između vertikalnih sljubnica dva susjedna reda smije biti 10 cm.
Povezivanje pregradnog zida i nosive konstrukcije potrebno je izvesti mehaničkim spojnim sredstvima-elastičnim ankerima, a vertikanu fugu debljine 1cm i horizontalnu fugu između zida i stropne ploče debljine 2cm potrebno popuniti PUR pjenom.
U cijeni ukjučiti sav rad i materijal po uputi proizvođača do potpune gotovosti. U cijeni uključena potrebna skela, elastični ankeri, PUR pjena i čišćenje radnog mjesta nakon završetka radova.

Debljina zida: 20 cm
Visina zida: do [4,20] m
Mjesto ugradnje: Terasa na katu.",7.2,m3,,,,0,
210.010.00105,,- beton - vertikalni i horizontalni serklaži,"Dobava i ugradnja betona za izvedbu horizontalnih i vertikalnih serklaža, pravokutnog poprečnog presjeka.
Horizontalni serklaži - izvode se kao završetak gornjeg ruba nosivih zidova.
Vertikalni serklaži - izvode se na sudaru pregradnih i nosivih zidova (uglovi prostorija)
Izvedba do gotove funkcionalnosti uključivo sav rad, materijal, ugradnja i potrebna skela.

Razred čvrstoće: [C25/30]
Razredi izloženosti: [XC1]
Površina: vidljive površine od vidljivog betona s zahtjevima (SB2)
Mjesto ugradnje: Terasa na katu.

Armatura i oplata se obračunavaju u zasebnim pozicijama.",0.8,m3,,,,0,
210.010.00110,,- beton - nadvoji,"Dobava i ugradnja betona za izvedbu nadvoja, pravokutnog poprečnog presjeka.
Izvedba do gotove funkcionalnosti uključivo sav rad, materijal, ugradnja i potrebna skela.

Razred čvrstoće: [C25/30]
Razredi izloženosti: [XC1]
Površina: vidljive površine od vidljivog betona s zahtjevima (SB2)
Mjesto ugradnje: Terasa na katu.

Armatura i oplata se obračunavaju u zasebnim pozicijama.",0.25,m3,,,,0,
210.010.00115,,- oplata - vertikalni i horizontalni serklaži i nadvoji,"Dobava i postava dvostrane i trostrane neapsorbirajuće oplate s pravilno vidljivim stikovima i mjestima za čavle; betonske neravnine i srh izbrusiti. U cijenu uključen sav potreban materijal, rad i skela kako bi se stavka izvela do gotove funkcionalnosti.

horizontalni serklaži (dvostrana oplata) - [5,00] m2
vertikalni serklaži (dvostrana i trostrana oplata) - [5,50] m2
nadvoji (trostrana oplata) - [7,00] m2",17.5,m2,,,,0,
210.020,,Vanjski zidovi,,,,,0,,,
210.030,,Okrenuti i izloženi zidovi,,,,,0,,,
210.040,,Ostali,,,,,0,,,
211,,Radovi na čeličnoj konstrukciji,,,,,0,,,
211.000,,Prethodne napomene,,,,,0,,,
211.010,,Čelični nosači,,,,,0,,,
211.020,,Čelična greda,,,,,0,,,
211.030,,Zavarene konstrukcije od čelika,,,,,0,,,
211.040,,Učvršćivači,,,,,0,,,
211.050,,Konstrukcijska ojačanja,,,,,0,,,
211.060,,Ostali,,,,,0,,,
212,,Stolarija i drvena konstrukcija,,,,,0,,,
212.000,,Prethodne napomene,,,,,0,,,
212.010,,zidovi,,,,,0,,,
212.020,,Krovna konstrukcija od punog drveta,,,,,0,,,
212.030,,Krovna konstrukcija lijepljene drvene grede,,,,,0,,,
212.040,,Krovopokrivački,,,,,0,,,
212.050,,Nadgrađe i uređaji,,,,,0,,,
212.060,,Sredstva za pričvršćivanje i spajanje,,,,,0,,,
212.070,,Ostali,,,,,0,,,
213,,Parkiralište / parkirna garaža u izgradnji sustava,,,,,0,,,
213.000,,Prethodne napomene,,,,,0,,,
213.010,,Struktura i razine parkiranja,,,,,0,,,
213.020,,Krovovi i fasade,,,,,0,,,
213.030,,Stubišta i dizala,,,,,0,,,
213.040,,Tehnička građevinska oprema i sustavi,,,,,0,,,
213.050,,"Oprema, natpisi i oznake",,,,,0,,,
213.060,,Ostali,,,,,0,,,
213.070,,Prijem / puštanje u rad,,,,,0,,,
213.080,,održavanje,,,,,0,,,
300,,Omotnica i završna obrada zgrade,,,,,0,,,
301,,Radovi na skelama,,,,,0,,,
301.000,,Prethodne napomene,,,,,0,,,
301.010,,Fasadne skele,,,,,0,,,
301.020,,Unutarnji okvir,,,,,0,,,
301.030,,Konzola i nosač skele,,,,,0,,,
301.040,,Sigurnosne mreže,,,,,0,,,
301.050,,Ostali,,,,,0,,,
302,,Radovi na krovovima,,,,,0,,,
302.000,,Prethodne napomene,,,,,0,,,
,,ZTV - Dodatni tehnički uvjeti ugovora,"1.) Dodatni ugovoreni tehnički uvjeti dio su troškovnika te u slučaju ugovaranja postaju dio ugovora. Izvođač radova se dakle obavezuje na sve radove i primjene koje proizlaze iz ovih uvjeta te su one uračunate u cijenu, ukoliko nisu zasebno ponuđene.

2.) Cijene stavki se prikazuju kao neto iznos u državnoj valuti. Važeći zakonski propisani porez na dodanu vrijednost obračunava se zasebno.

3.) U slučaju proturječnosti dodatnih ugovorenih tehničkih uvjeta vrijede prvenstveno podaci iz troškovnika. U slučaju proturječnosti između troškovnika i tehničke dokumentacije koja se predaje prilikom natječaja, vrijedi tehnička dokumentacija.

4.) Prije početka davanja ponude, ponuditelj je dužan pažljivo pročitati kompletan tekst općih uvjeta uz troškovnik, općih i posebnih uvjeta uz svaku grupu radova, tekst samog troškovnika i ostale dijelove tehničke dokumentacije. Ako opis bilo koje stavke u troškovniku dovodi do sumnje o načinu izvedbe ili upotrebu gradiva zahtijevane kvalitete, treba prije predaje ponude zatražiti pojašnjenje od ovlaštene osobe Investitora. Naknadno pozivanje na manjkavost ili nepoznavanje projektno-tehničke dokumentacije ili opisa u troškovniku neće se uzeti u obzir, niti smatrati razlogom za produženje roka izvedbe, a niti će se priznati bilo kakva razlika u cijeni s tog naslova.

5.) Tehnička dokumentacija koja se predaje prilikom natječaja informativnog je karaktera, a ponuđač je dužan u svom trošku izvršiti kontrolu projektno tehničke dokumentacije u smislu točnosti, tehničke ispravnosti, izvedivosti i međusobne usklađenosti. Sve eventualne primjedbe ponuditelj/izvoditelj dužan je pravovremeno uz ponudu, a u svakom slučaju prije izvedbe u pisanom obliku dostaviti Nadzoru i Naručitelju

6.) Ponuditelj je dužan provesti i kontrolu lokacije na licu mjesta prije davanja ponude. Jedinične cijene za pojedine vrste radova sadrže i sve one posredne troškove koji nisu iskazani u troškovniku, ali su neminovni za izvršenje radova predviđenih projektom.

7.) Organizacija gradilišta uračunata je u cijenu, ukoliko nije ponuđena kao zasebna stavka.

8.) Dizalice za podizanje, skele, strojevi, alati, pomoćna sredstva i konstrukcije uzeti su u obzir te su uračunati u jediničnu cijenu.

9.) Skele za radove na fasadi i radove na krovu predmet su ovog natječaja. Ponuditelj smije koristiti postojeće skele uz poštivanje sigurnosnih uvjeta i na vlastitu odgovornost. Preinake na skelama nisu dozvoljene te se one moraju predati u ispravnom stanju u kojem su i preuzete.

10.) Kompletnu režiju gradilišta usigurava i rješava ponuditelj/izvođač i i uključena je u jediničnu cijenu.

11.) Ponuditelj je obvezan redovno prikupljati i ,pravilno skladištiti i odvoziti na ovlašteni deponij sve otpadne materijale, ostatke, krhotine, građevinski otpad, ambalaže, obični otpad i slično o vlastitom trošku. Kod odlaganja otpada potrebno je pridržavati se svih javnopravnih uputa i propisa.

12.) Onečišćenja koja uslijed radova nastaju na susjednim terenima, zgradama, putovima, cestama, trgovima i slično, izvođač radova treba svakodnevno čistiti.

13.) Izvođač preuzima odgovornost za osiguravanje, skladištenje i spremanje vlastite građevinske opreme, strojeva, uređaja, alata i slično. Jednako vrijedi i za građevinske materijale, elemente i za ugradnju određenih uređaja i objekata sve do primopredaje obavljenih građevinskih radova.

14.) Prilikom izvođenja radova, izvoditelj treba zaštititi sve susjedne plohe, dijelove konstrukcije i prethodno izvedene radove na prikladan način a u skladu sa pravilima zaštite na radu, tako da ne dođe do oštećenja istih. Troškove zaštite treba izvoditelj ukalkulirati u ponudbenu cijenu izvođenja radova. Ukoliko ipak dođe do oštećenja prethodno izvedenih radova za koje je odgovoran izvoditelj ili njegov kooperant, dužan je iste o svom trošku dovesti u stanje prije oštećenja ili naručiti iste radove kod drugog izvoditelja na svoj teret.

15.) Sve potrebne mjere prema javnopravnim uputama i propisima za sigurnost i zaštitu zdravlja trebaju se uzeti u obzir te ih se treba pridržavati prilikom izvođenja radova.

16.) Prilikom davanja ponude i izvođenja radova treba se uzeti u obzir, uračunati i pridržavati se
- svih državnih i javnopravnih zakona, smjernica i propisa
- svih odgovarajućih tehničkih standarda, pravila i smjernica
- općeprihvaćenih pravila tehnike
- uputa, propisa i napomena proizvođača za ugradnju i obradu
- Kauflandovih građevinskih opisa, ugovorenih uvjeta i ostalih Kauflandovih dokumenata i planova.

17.) Stavke troškovnika obuhvačaju konačno dovršenje radova definiranih po količini i kvaliteti, onosno podrazumijevaju se kao gotove, potpune i funkcionirajuće, uklj. sve potrebne male dijelove i sredstva za pričvršćivanje, pomoćne materijale i sredstva, podkonstrukcije itd., kao i sve dodatne i posebne usluge - čak i kada one nisu detaljno opisane.

18.) Ako su treće stranke uključene u izvođenje predradnji, izvođač radova ih treba provjeravati. U slučaju nepravilnosti ili prigovora pravovremeno treba informirati naručitelja, tako da može tehnički i organizacijski dovršiti poslove.

19.) Obavezno se treba pridržavati svih Kauflandovih proizvodnih uputa, osim ako postoje opravdani razlozi za odstupanje (npr. dostupnost). U tom slučaju izvođač treba ponuditi istovjetni proizvod ili sustav te potvrditi istovjetnost. O njoj odlučuje naručitelj.

20.) Sustavi se izvode isključivo pomoću komponenata koje su predviđene od strane proizvođača sustava.

21.) Svi materijali, građevinski elementi i uređaji koji neposredno utječu na izgled i funkcionalnost prije ugradnje se trebaju provjeriti. Ugrađuju se tek nakon što naručitelj ili ovlaštena osoba odobri ugradnju na gradilištu. O vrsti i obliku uzorka odlučuje naručitelj.

22.) Ako nije drukčije propisano, izmjene postojećih projektnih rješenja od strane ponuditelja/izvođača a koje utječu na mehaničku stabilnost, ponuditelj/izvođač je dužan u svom trošku ishoditi sve suglasnosti, dozvole i sl.
Projekt izvedenog stanja ukalkulirati u jedničnu cijenu te dostaviti Kauflandu u pisanom i digitalnom obliku.

23.) Svi radovi na objektu te primjenjeni sistemi gradnje moraju biti izvedeni prema pravilu struke, odnosnu u granicama dopuštenih tolerancija.

24.) Ukoliko je ugovoreni termin izvršenja objekta uključen i zimski odnosno ljetni period, to se neće posebno izvođaču priznavati na ime naknade za rad pri niskoj temperaturi, zaštita konstrukcija od hladnoće i vrućine, te atmosferskih nepogoda, sve mora biti uključeno u jediničnu cijenu. Za vrijeme zime objekat se mora zaštititi. Svi eventualni smrznuti dijelovi moraju se ukloniti i izvesti ponovo bez bilo kakve naplate. Ukoliko je temperatura niža od temperature pri kojoj je dozvoljen dotični rad, a Investitor ipak traži da se radi, Izvođač si ima pravo zaračunati naknadu po normi 6,006 ali u tom slučaju Izvođač snosi punu odgovornost za ispravnost i kvalitetu rada. To isto vrijedi i za zaštitu radova tokom ljeta od prebrzog sušenja uslijed visoke temperature.

25.) U jediničnu cijenu rada izvođač treba obuhvatiti i slijedeće radove, koji se neće zasebno platiti kao naknadni rad, čak i ako nisu izričito navedenei u troškovniku:
- sve vrste transporta građevinskih materijala, elemenata, uređaja, objekata itd. do mjesta ugradnje
- potrebne i uobičajene pripreme i predobrade tla
- sve vrste bušenja, zavarivanja, lijepljenja, malih dijelova, sredstava za pričvršćivanje, međupoložaja, izolacije, brtvljenja, folija, spojeva itd. koje su potrebne za priključak, montažu i pričvršćivanje građevinskih dijelova i elemenata
- stručna priprema i priključak na sve okolne dijelove, ugradbene i nadgradne elemente i propuste
- sve izrade kutova, spojnih površina i elemenata, završnih elemenata, slobodnih krajeva itd.
- sve podloge za montažu, priključak i pričvršćivanje kao što su beton, zidani elementi, čelik, aluminij, limovi, gips karton, itd.
- potrebne spojne, kose i okrugle rezove te ostatke rezanja
- Izrada otvora i proreza za instalacije i ugradbene elemente drugih izvođača
- interno povezivanje kablovima i priključak objekata, dovod prema električnim trošilima na gradilištu od strane elektro izvođača",,,,,,,
,,Opseg usluga za krovne radove,"U sljedećim pozicijama potrebno je uzeti u obzir i uračunati sljedeće usluge, čak i ako nisu izričito navedene:
- eventualna oštećenja na površini i / ili slojevima pravilno ukloniti
- Dijelovi lima s pojačanjima do promjera 300 mm ili dimenzija 300/300 mm (bez statičke zamjene)",,,,,,,
302.010,,Trapezni limovi,,,,,0,,,
302.010.00100,,"- dobava trapeznog čeličnog lima [T150], debljina [1,0] mm","Dobava vruće pocinčanog trapeznog čeličnog lima, obostrano plastificiran za ravne krovove nagiba do 3%.

Unutarnja strana: 15 µm poliester, RAL 9010 čisto bijelo
Vanjska strana: 12 µm poliester/RSL, slično RAL 9002 (sivo-bijelo)
Profil: [T150]
Debljina lima: [1,0] mm
Statički sustav: postava na pozitivnu stranu, višepoljni nosač (kroz dva ili više polja) ili kontinuirano",4375,m2,,,,0,
302.010.00105,,"- postava trapeznog čeličnog lima [T150], debljina [1,0] mm","Postava vruće pocinčanog trapeznog čeličnog lima, obostrano plastificiran za ravne krovove nagiba do 3%. U cijenu uključena montaža, spojna sredstva, sav ostali rad i ostali sitni materijal te ostale usluge kako bi se stavka izvela do gotove funkcionalnosti.

Unutarnja strana: 15 µm poliester, RAL 9010 čisto bijelo
Vanjska strana: 12 µm poliester/RSL, slično RAL 9002 (sivo-bijelo)
Profil: [T150]
Debljina lima: [1,0] mm
Statički sustav: postava na pozitivnu stranu, višepoljni nosač (kroz dva ili više polja) ili kontinuirano
Prihvat limova: u prethodno ugrađene tipske šine samoreznim vijcima ili vijcima za beton za krovnu konstrukciju",4375,m2,,,,0,
302.010.00110,,"- kutni lim, veza trapeznog lima i atike na zabatima","Isporučiti i montirati čel. lim vruće pocinčan, uključujući sav potreban materijal za montažu na betonsku konstrukciju. Lim saviti u obliku slova ""L"" profila veličine 350/150 mm. Debljina lima 1 mm. Polaže se uz zabatni krovni nadozid i trapezasti lim za ukrućenje ruba krova.",340,m1,,,,0,
302.010.00115,,"- otvori do 0,3 / 0,3 m","Izrada otvora u krovnom trapeznom limu za prolaz instalacija ili građevinskih elemenata. Ojačanje oko izrezanog otvora izvesti od čeličnog pocinčanog plastificiranog lima. Izrezani materijal pravilno zbrinuti. Izvedba do gotove funkcionalnosti uključivo sav rad i materijal.

Boja plastifikacije lima za ojačanje: 12 µm poliester/RSL, slično RAL 9002 (sivo-bijelo)
Dimenzija otvora: do 0,30/0,30 m
Debljina lima za ojačanje: 0,60/0,60 m
Debljina lima: ≥ tN 1.5 x tN (trapezni lim)",30,kom,,,,0,
302.010.00120,,"- otvori veći od 0,3 / 0,3 m","Izrada otvora u krovnom trapeznom limu za prolaz instalacija ili građevinskih elemenata. Ojačanje oko izrezanog otvora izvesti iz čeličnih profila definiranih statičkim proračunom. Izrezani materijal pravilno zbrinuti. Izvedba do gotove funkcionalnosti uključivo sav rad i materijal.

Dimenzija otvora: veći [0,30/0,30] m

Čelično ojačanje se obračunava u zasebnoj poziciji.",14,kom,,,,0,
302.010.00125,,"- Požarna konzola, zapunjavanje žljebova izolacijom A1","Dobava i postava u žljebove trapeznog lima na mjestu izvedbe požarne konzole izolaciju od kamene vune reakcije na požar A1. Izvedba do gotove funkcionalnosti uključivo sav rad i materijal te potrebna skela za ugradnju za rad na visini do 7m.

Visina vala: [0,15] m
Širina gornjeg/donjeg ruba žljeba: [13,6/5,6] mm",485,m,,,,0,
302.020,,Sendvič elementi,,,,,0,,,
302.030,,metal,,,,,0,,,
302.040,,Opeka i betonski crijep,,,,,0,,,
302.050,,Vlaknasti cement,,,,,0,,,
302.060,,Ostali,,,,,0,,,
302.060.00105,,-Zaštićena površina od betonskih nogostupnih ploča na krovnom izlazu,"Zaštićena površina od betonskih nogostupnih ploča na krovnom izlazu

na površini od cca. 2,0 x 2,0 m
Dimenzije ploče: 0,5/0,5 m
položene na zaštitni sloj i drenažne podloge (uključeno u cijenu stavke)",12,m2,,,,0,
303,,Betonska konstrukcija za krovno parkiranje,,,,,0,,,
303.000,,Prethodne napomene,,,,,0,,,
303.010,,pečat,,,,,0,,,
303.020,,izolacija,,,,,0,,,
303.030,,Preljevi,,,,,0,,,
303.040,,Spojevi i veze,,,,,0,,,
303.050,,Nadgrađe i uređaji,,,,,0,,,
303.060,,Ostali,,,,,0,,,
304,,Hidroizolacija krova,,,,,249000,,,
304.000,,Prethodne napomene,,,,,,,,
,,ZTV - Dodatni tehnički uvjeti ugovora,"1.) Dodatni ugovoreni tehnički uvjeti dio su troškovnika te u slučaju ugovaranja postaju dio ugovora. Izvođač radova se dakle obavezuje na sve radove i primjene koje proizlaze iz ovih uvjeta te su one uračunate u cijenu, ukoliko nisu zasebno ponuđene.

2.) Cijene stavki se prikazuju kao neto iznos u državnoj valuti. Važeći zakonski propisani porez na dodanu vrijednost obračunava se zasebno.

3.) U slučaju proturječnosti dodatnih ugovorenih tehničkih uvjeta vrijede prvenstveno podaci iz troškovnika. U slučaju proturječnosti između troškovnika i tehničke dokumentacije koja se predaje prilikom natječaja, vrijedi tehnička dokumentacija.

4.) Prije početka davanja ponude, ponuditelj je dužan pažljivo pročitati kompletan tekst općih uvjeta uz troškovnik, općih i posebnih uvjeta uz svaku grupu radova, tekst samog troškovnika i ostale dijelove tehničke dokumentacije. Ako opis bilo koje stavke u troškovniku dovodi do sumnje o načinu izvedbe ili upotrebu gradiva zahtijevane kvalitete, treba prije predaje ponude zatražiti pojašnjenje od ovlaštene osobe Investitora. Naknadno pozivanje na manjkavost ili nepoznavanje projektno-tehničke dokumentacije ili opisa u troškovniku neće se uzeti u obzir, niti smatrati razlogom za produženje roka izvedbe, a niti će se priznati bilo kakva razlika u cijeni s tog naslova.

5.) Tehnička dokumentacija koja se predaje prilikom natječaja informativnog je karaktera, a ponuđač je dužan u svom trošku izvršiti kontrolu projektno tehničke dokumentacije u smislu točnosti, tehničke ispravnosti, izvedivosti i međusobne usklađenosti. Sve eventualne primjedbe ponuditelj/izvoditelj dužan je pravovremeno uz ponudu, a u svakom slučaju prije izvedbe u pisanom obliku dostaviti Nadzoru i Naručitelju

6.) Ponuditelj je dužan provesti i kontrolu lokacije na licu mjesta prije davanja ponude. Jedinične cijene za pojedine vrste radova sadrže i sve one posredne troškove koji nisu iskazani u troškovniku, ali su neminovni za izvršenje radova predviđenih projektom.

7.) Organizacija gradilišta uračunata je u cijenu, ukoliko nije ponuđena kao zasebna stavka.

8.) Dizalice za podizanje, skele, strojevi, alati, pomoćna sredstva i konstrukcije uzeti su u obzir te su uračunati u jediničnu cijenu.

9.) Skele za radove na fasadi i radove na krovu predmet su ovog natječaja. Ponuditelj smije koristiti postojeće skele uz poštivanje sigurnosnih uvjeta i na vlastitu odgovornost. Preinake na skelama nisu dozvoljene te se one moraju predati u ispravnom stanju u kojem su i preuzete.

10.) Kompletnu režiju gradilišta usigurava i rješava ponuditelj/izvođač i i uključena je u jediničnu cijenu.

11.) Ponuditelj je obvezan redovno prikupljati i ,pravilno skladištiti i odvoziti na ovlašteni deponij sve otpadne materijale, ostatke, krhotine, građevinski otpad, ambalaže, obični otpad i slično o vlastitom trošku. Kod odlaganja otpada potrebno je pridržavati se svih javnopravnih uputa i propisa.

12.) Onečišćenja koja uslijed radova nastaju na susjednim terenima, zgradama, putovima, cestama, trgovima i slično, izvođač radova treba svakodnevno čistiti.

13.) Izvođač preuzima odgovornost za osiguravanje, skladištenje i spremanje vlastite građevinske opreme, strojeva, uređaja, alata i slično. Jednako vrijedi i za građevinske materijale, elemente i za ugradnju određenih uređaja i objekata sve do primopredaje obavljenih građevinskih radova.

14.) Prilikom izvođenja radova, izvoditelj treba zaštititi sve susjedne plohe, dijelove konstrukcije i prethodno izvedene radove na prikladan način a u skladu sa pravilima zaštite na radu, tako da ne dođe do oštećenja istih. Troškove zaštite treba izvoditelj ukalkulirati u ponudbenu cijenu izvođenja radova. Ukoliko ipak dođe do oštećenja prethodno izvedenih radova za koje je odgovoran izvoditelj ili njegov kooperant, dužan je iste o svom trošku dovesti u stanje prije oštećenja ili naručiti iste radove kod drugog izvoditelja na svoj teret.

15.) Sve potrebne mjere prema javnopravnim uputama i propisima za sigurnost i zaštitu zdravlja trebaju se uzeti u obzir te ih se treba pridržavati prilikom izvođenja radova.

16.) Prilikom davanja ponude i izvođenja radova treba se uzeti u obzir, uračunati i pridržavati se
- svih državnih i javnopravnih zakona, smjernica i propisa
- svih odgovarajućih tehničkih standarda, pravila i smjernica
- općeprihvaćenih pravila tehnike
- uputa, propisa i napomena proizvođača za ugradnju i obradu
- Kauflandovih građevinskih opisa, ugovorenih uvjeta i ostalih Kauflandovih dokumenata i planova.

17.) Stavke troškovnika obuhvačaju konačno dovršenje radova definiranih po količini i kvaliteti, onosno podrazumijevaju se kao gotove, potpune i funkcionirajuće, uklj. sve potrebne male dijelove i sredstva za pričvršćivanje, pomoćne materijale i sredstva, podkonstrukcije itd., kao i sve dodatne i posebne usluge - čak i kada one nisu detaljno opisane.

18.) Ako su treće stranke uključene u izvođenje predradnji, izvođač radova ih treba provjeravati. U slučaju nepravilnosti ili prigovora pravovremeno treba informirati naručitelja, tako da može tehnički i organizacijski dovršiti poslove.

19.) Obavezno se treba pridržavati svih Kauflandovih proizvodnih uputa, osim ako postoje opravdani razlozi za odstupanje (npr. dostupnost). U tom slučaju izvođač treba ponuditi istovjetni proizvod ili sustav te potvrditi istovjetnost. O njoj odlučuje naručitelj.

20.) Sustavi se izvode isključivo pomoću komponenata koje su predviđene od strane proizvođača sustava.

21.) Svi materijali, građevinski elementi i uređaji koji neposredno utječu na izgled i funkcionalnost prije ugradnje se trebaju provjeriti. Ugrađuju se tek nakon što naručitelj ili ovlaštena osoba odobri ugradnju na gradilištu. O vrsti i obliku uzorka odlučuje naručitelj.

22.) Ako nije drukčije propisano, izmjene postojećih projektnih rješenja od strane ponuditelja/izvođača a koje utječu na mehaničku stabilnost, ponuditelj/izvođač je dužan u svom trošku ishoditi sve suglasnosti, dozvole i sl.
Projekt izvedenog stanja ukalkulirati u jedničnu cijenu te dostaviti Kauflandu u pisanom i digitalnom obliku.

23.) Svi radovi na objektu te primjenjeni sistemi gradnje moraju biti izvedeni prema pravilu struke, odnosnu u granicama dopuštenih tolerancija.

24.) Ukoliko je ugovoreni termin izvršenja objekta uključen i zimski odnosno ljetni period, to se neće posebno izvođaču priznavati na ime naknade za rad pri niskoj temperaturi, zaštita konstrukcija od hladnoće i vrućine, te atmosferskih nepogoda, sve mora biti uključeno u jediničnu cijenu. Za vrijeme zime objekat se mora zaštititi. Svi eventualni smrznuti dijelovi moraju se ukloniti i izvesti ponovo bez bilo kakve naplate. Ukoliko je temperatura niža od temperature pri kojoj je dozvoljen dotični rad, a Investitor ipak traži da se radi, Izvođač si ima pravo zaračunati naknadu po normi 6,006 ali u tom slučaju Izvođač snosi punu odgovornost za ispravnost i kvalitetu rada. To isto vrijedi i za zaštitu radova tokom ljeta od prebrzog sušenja uslijed visoke temperature.

25.) U jediničnu cijenu rada izvođač treba obuhvatiti i slijedeće radove, koji se neće zasebno platiti kao naknadni rad, čak i ako nisu izričito navedenei u troškovniku:
- sve vrste transporta građevinskih materijala, elemenata, uređaja, objekata itd. do mjesta ugradnje
- potrebne i uobičajene pripreme i predobrade tla
- sve vrste bušenja, zavarivanja, lijepljenja, malih dijelova, sredstava za pričvršćivanje, međupoložaja, izolacije, brtvljenja, folija, spojeva itd. koje su potrebne za priključak, montažu i pričvršćivanje građevinskih dijelova i elemenata
- stručna priprema i priključak na sve okolne dijelove, ugradbene i nadgradne elemente i propuste
- sve izrade kutova, spojnih površina i elemenata, završnih elemenata, slobodnih krajeva itd.
- sve podloge za montažu, priključak i pričvršćivanje kao što su beton, zidani elementi, čelik, aluminij, limovi, gips karton, itd.
- potrebne spojne, kose i okrugle rezove te ostatke rezanja
- Izrada otvora i proreza za instalacije i ugradbene elemente drugih izvođača
- interno povezivanje kablovima i priključak objekata, dovod prema električnim trošilima na gradilištu od strane elektro izvođača",,,,,,,
,,Hidroizolacija krova za razgraničenje izvedbe,"U sljedećim pozicijama potrebno je uzeti u obzir i uračunati sljedeće usluge, čak i ako nisu izričito navedene:
- Projektiranje i dimenzioniranje naprava za pričvršćivanje krova, po potrebi izrada izolacijskih planova za nagibe
- potrebna zavarivanja i lijepljenja na šavovima, spojevima i priključcima
- potrebne mehaničke naprave za pričvršćivanje, uklj. sredstva za pričvršćivanje, spojne limove, itd.
- potrebne izrade fuga
- Izolaciju postaviti bez razmaka, sve otvore zatvoriti, dijelove zalijepiti s preklapanjem
- Provođenje brtvenog sustava preko spojeva, ugradbenih i nadgradnih elemenata i prolaza
- Mjere za preventivnu protupožarnu zaštitu kod otvora i prolaza u krovu koje sprječavaju širenje požara
- Izvedbu na nakošenim površinama ili površinama pod nagibom
- Izradu parnih brana kao brtveni sustav
- potrebne separacijske i zaštitne slojeve
- korištene drvene dijelove sa solnom impregnacijom protiv gljivica, truleži i insekata",,,,,,,
304.010,,PVC hidroizolacija krova,,,,,221870,,,
304.010.00100,,"- Krovni sustav objekta - dobava materijala, parna brana","Dobava materijala za izvedbu sustava ravnog krova.
Parna brana: reakcija na požar F od polietilenske folije ojačane mrežicom u svrhu povećanja čvrstoće , debljine 0,2 mm, s jednim slojem, s preklapanjem i lijepljenim spojevima
PONUĐENA DOBAVA I MONTAŽA",4450,m2,2,8900,,0,
304.010.00105,,"- Krovni sustav objekta - dobava materijala, izolacija krova","Dobava materijala za izvedbu sustava ravnog krova.
Toplinska izolacija: ploče od kamene vune dvoslojne gustoće ROCKWOOL HARDROCK 1000, reakcije na požar razred A1 prema HRN EN 13501-1
Koeficijent toplinske provodljivosti: [ prema projektu toplinske zaštite ]
Debljina izolacije: [160] mm - jedan sloj
PONUĐENA DOBAVA I MONTAŽA",4375,m2,25,109375,,0,25
304.010.00110,,"- Krovni sustav objekta - dobava materijala, izolacija krova","Dobava materijala za izvedbu sustava ravnog krova.
Brtvene trake za krov: brvljenje krova od mekog Polivinilklorida s pojačanjem o sintetičkih vlakana debljine 1,8mm reakcije na požar B(krov)t1
Podloga: toplinska izolacija
Zadani proizvod brtvena traka za krov:
WOLFIN Cosmofin FG 1,8 mm
Renolit SE BU Waterproofing Alkorplan 35176, 1,8 mm
Bauder Thermofol U 18, boja svijetlo siva
Sika Sikaplan 18 G
FDT Rhenofol CV, 1,8 mm                                                                                                                                              PONUĐENA DOBAVA I MONTAŽA",4375,m2,18,78750,,0,
304.010.00115,,"- Krovni sustav objekta - izolacija krova, ukupna debljina [ 160 ] mm, ugradnja","Postava materijala za izvedbu sustava ravnog krova. Sve radove izvesti prema pravilu struke, uključena montaža, spojna sredstva, sav ostali rad i ostali sitni materijal kako bi se stavka izvela do gotove funkcionalnosti. Krov se sastoji od:
Parna brana: reakcija na požar F od polietilenske folije ojačane mrežicom u svrhu povećanja čvrstoće , debljine 0,2 mm, s jednim slojem, s preklapanjem i lijepljenim spojevima
Toplinska izolacija: ploče od kamene vune dvoslojne gustoće ROCKWOOL HARDROCK 1000, reakcije na požar razred A1 prema HRN EN 13501-1 ugrađene prema uputama proizvođača.
Debljina izolacije: [ 160 ] mm - jedan sloj
Brtvene trake za krov: brvljenje krova od mekog Polivinilklorida s pojačanjem o sintetičkih vlakana debljine 1,8mm reakcije na požar B(krov)t1, šavni spoj zavarivanjem toplim zrakom ili toplim plinom. Ugradnja prema uputama proizvođača uključivo sav rad i materijal kako bi se izolacija izvela do gotove funkcionalnosti

Podloga: Trapezni lim",4375,m2,montaža ponuđena u prethodne 3 stavke ,-,,0,
304.010.00120,,- izolacija atike,"Dobava i postava krovne hidroizolacije atike od mekog Polivinilklorida s pojačanjem o sintetičkih vlakana debljine 1,8mm reakcije na požar B(krov)t1, šavni spoj zavarivanjem toplim zrakom ili toplim plinom. Izolacija završava na kaširani lim sa PU kitom u dvije zone. Ugradnja prema uputama proizvođača uključivo sav rad i materijal kako bi se izolacija izvela do gotove funkcionalnosti. Posebno obratit pažnju na ljepljenje - brtvljenje spoja izolacije sa nadozidom kako vjetar ne bi propuhao ili nadigao izolaciju.

Podloga: limeni sendvič panel ili izolacija od kamene vune",160,m2,25,4000,,0,
304.010.00125,,x..ATK1..x - lim za prihvat izolacije atike,"Dobava i postava pocinčanog lima debljine 1mm za prihvat izolacije atike. Lim prihvatiti za zid atke izveden od limenoh panela odgovarajućim spojnim sredstvima. Izvedba do gotove funkcionalnosti.

Razvijena širina lima: [0,40] m
Širina zida atike: [0,14] m",310,m,15,4650,,0,
304.010.00130,,- hodna staza,"Polaganje hodne protuklizne trake na krovu objekta u širini 100 cm, od materijala sukladno sistemu hidroizolacije krova s protukliznom površinom. Izvedba do gotove funkcionalnosti.",307,m2,22,6754,,0,
304.010.00135,,- padovi ravnog krova,"Izvedba padova ravnog krova s Rockfall tipskim elementima kamene vune velike gustoće. Dobava i ugradnja elemnata za odvodnju ravnih krovova. Postava gotovih ploča od kamene vune s nagibom u dva smjera od 2% i 8% za postizanje točkaste odvodnje. Elementi se postavljaju na osnovnu toplinsku izolaciju ravnog krova.
Tehničke karakteristike proizvoda:
• reakcija na požar razred A1 prema HRN EN 13501-1
• deklarirana toplinska provodljivost ʎd ≤ 0,040 W/mK prema HRN EN 12667
• Tlačna čvrstoća CS(10) | σ10= 70 kPa HRN EN 826
• Točkasto opterećenje PL(5) | Fp =600 N | HRN EN 12430
Pričvršćivanje: prema uputi proizvođača
U cijeni sav rad, materijal kako bi se stavka izvela do gotove funkcionalnosti.

Potrebna površina za izvest u padu: 150 m2.

- Rockfall elementi 0,5*1,0 m za točkastu odvodnju 2 i 8 %: [300] kom
- Rockfall elementi 0,5*1,0 m za nadvišenje d= 80 mm: [250] kom",1,kpl,9441,9441,,0,
304.020,,Hidroizolacija krova FPO (Polyolefin),,,,,,,,
304.030,,Bitumenska hidroizolacija krova,,,,,,,,
304.040,,Hidroizolacija terase,,,,,2180,,,
304.040.00100,,x..FB10.1..x - izolacijski sustav terasa na katu,"Dobava i postava materijala za izvedbu sustava izolacije poda terasa na katu. Sve radove izvesti prema uputama proizvođača i do gotove funkcionalnosti. Pod se sastoji od:

Parna brana d=3mm: na bazi destiliranog polimer-bitumena sa AL slojem i finim posipom sa gornje strane tipa kao SikaShield VB P21 T , proizvođača Sika AG ili jednakovrijedno. Ojačana je mrežicom od staklenih vlakana sa uzdužnim pletivom i kaširana sa aluminijskom folijom, koja ima ulogu parne brane ili barijere za kondenzat sa podloge.
Toplinska izolacija d= [20] mm, toplinska vodljivost [xxx] W/mK: ekstrudirani PoliStiren s preklopom, razred E prema DIN EN 13501.
Hidroizolacija: sintetičke membrane na bazi FPO-a, uključivo i nadvišenje te ojačanje na na kutevima. Membrana armirana staklenim pletivom, bež boje, UV stabilna, debljine d= 2,0 mm, prema EN 13967 tipa kao Sarnafil TG 66-20 ili jednkovrijedo. Membrane se slobodno polažu te obodno mehanički fiksiraju za podlogu. Spojevi se obrađuju vrućim zrakom sa širinom vara od min. 3 cm, preklop 8 cm, u skladu s propisanom tehnologijom od strane proizvođača membrane.
Zaštita hidroizolacije: zaštitni geotekstil 300 g/m2 na bazi polipropilena (PP,termo fiksirani) s preklopom od 10 cm u svrhu zaštite hidroizolacijske membrane, tipa kao Sika geotekstil 300PP ili jednakovrijedan.

Podloga: Beton",13,m2,80,1040,,0,
304.040.00105,,x..FB10.1..x - izolacijski sustav; prijelazne trake,"Dobava i postave te izrada detalja završetka H.I. membrane ugradnjom prijelazne FPO trake tipa kao Sarnafil Dilatec ER 300, r.š. 30,0cm , koja se jednim dijelom lijepi za podlogu ( epoksidim mortom Sikadur 31+) , a drugim dijelom vari na FPO membranu u polju. Detalj primijeniti na svim spojevima tj. završecima FPO membrane gdje nije moguće ostvariti vertikalni završetak folije na visini od min. 15,0cm od kote završne obloge ( parapetni obodni zidovi , podštok stolarije, metalna konstrukcija ograde i sl.) . Podlogu prije aplikacije trake potrebno odmastiti i pripremiti za prihvat trake. Ugradnja prema teh.listu proizvoda.",15,m1,30,450,,0,
304.040.00110,,x..FB10.1..x - izolacijski sustav; kaširani lim,"Dobava i postava specijalnih profila od galvaniziranog čeličnog lima 0,6mm laminiranog sa slojem FPO membrane 1,1mm, iz sustava proizvođača HI membrane tipa kaoa Sarnafil TPO lim ilijednakovrijedno. Kontakt lima i podloge dodatno brtviti trajnoelastičnim kitom na bazi poliuretana , odgovarajućim temeljnim premazom i PE ispunom za fuge.

donji kutni i gornji završni kaširani lim r.š. 7,0cm",15,m1,10,150,,0,
304.040.00115,,x..FB10.1..x - izolacijski sustav; obrada prodora cijevi,"Obrada prodora cijevi kroz hidroizolacijsku membranu ugradnjom nearmirane hidroizolacijske membrane na bazi mekog TPO-a tipa kao SARNAFIL TG 66-15D ili jednakovrijednog .
Spoj sa postojećom hidroizolacijom iz polja se termozavaruje, dok se spoj membrane sa cijevima ispunjava PU kitom kao SikaHyflex 250 Facade ili sl. i priteže metalnim obujmicama traženog promjera.

prodora promjera ø: [75] mm",1,kom,40,40,,0,
304.040.00125,,- polimer-cementna hidroizolacija,"Dobava i ugradnja dvokomponentnog mikroarmiranog polimer-cementnog premaza tipa kao Sikalastic-152 proizvođača Sika AG ili jednkovrijedno, sa visokim modulom elastičnosti, na bazi cementa sa specijalnim alkalno otpornim polimerima, i sadržajem sitnog agregata, prema HRN EN 14891:2012 klasa CMO2P i EN 1504-9 (Principi 1, 2 i 8) . Proizvod se na podlogu nanosi postupkom špricanja / ručno u ukupnoj suhoj debljini min. 2mm. Na mjestima dilatacija fuga, spojeva između vodoravnih i okomitih površina te odvoda, potrebno je ugraditi specijalnu traku, širine 120mm, na bazi termoplastičnog elastomera (TPE) obostrano kaširana sa polipropilenskim geotekstilom. Na mjestima prodora ugraditi gotove manžete iz sustava. Mort se izvodi u minimalno dva sloja na pravilno dilatirani estrih. Polimercemntnu hidroizolaciju aplicirati i vertikalno po zidu u visini od min.15,0cm. Potrošnja hidroizolacijskog premaza za minimalno 2 sloja je cca 4,0 kg/m2.",15.5,m2,25,387.5,,0,
304.040.00130,,- polimer-cementna hidroizolacija; obrada kutnih spojeva,"Brtvljenje kuteva i dilatacija u estrihu sa kutnom trakom tipa kao Sika Seal tape F (termoplastični elastomer) ili jednakovrijedno.Traka je široka 12,0 cm te se aplicira u kuteve i dilatacije utapanjem u sviježi sloj hidroizolacijskog premaza.Trake se prekrivaju istim materijalom po cijeloj izloženoj površini.",15,m1,7.5,112.5,,0,
304.050,,Nadgrađe i uređaji,,,,,10450,,,
304.050.00100,,x..NÜ1..x - Preljev,"Dobava i postava tipskog preljeva za slučajeve nužde (rigalica) od tvrde plastike, siva boja ili boja materijala fasade. Postava u fasadi(atici) iznad vanjskog sloja krova, pravokutnog oblika s neznatno nakošenim izljevom (5°), otporan na hladnoću do minimalno-40°C i otporan na ultraljubičasto zračenje, s prirubnicom od PVC-a ili polipropilena za priključivanje plastičnih krovnih traka od polivinilklorida (PVC) ili fleksibilnog poliolefina (FPO).

Dimenzije: do 100/300 mm
Dužina odvoda: do 600 mm
Brtvena traka za krov: [PVC]",15,kom,150,2250,,0,
304.050.00105,,- Brtvljenje prodora kroz krov; okrugle cijevi,"Obrada prodora instalacija kroz brtveni sustav krova različitih dimenzija okruglog presjeka prema uputama tehnologa proizvođača postavljenog sustava. Cijenom uključiti sve spojne limove, prirubnice, toplinsku izolaciju, hidroizolaciju te sav ostali rad i materijal kako bi se stavka izvela do gotove funkcionalnosti.

Dimenzije prodora: do DN [300]
Brtvena traka za krov: [PVC]",35,kom,40,1400,,0,
304.050.00110,,- Brtvljenje prodora kroz krov; pravokutne ili kvadratne cijevi,"Obrada prodora instalacija kroz brtveni sustav krova različitih dimenzija kvadratnoh ili pravokutnog presjeka prema uputama tehnologa proizvođača postavljenog sustava. Cijenom uključiti sve spojne limove, prirubnice, toplinsku izolaciju, hidroizolaciju te sav ostali rad i materijal kako bi se stavka izvela do gotove funkcionalnosti.

Dimenzije prodora: [200/200] mm
Brtvena traka za krov: [PVC]",15,kom,60,900,,0,
304.050.00115,,- Brtvljenje prodora kroz krov; čelična potkonstrukcija nepravilnog oblika,"Obrada prodora čelične potkonstrukcije nepravilnog oblika/presjeka kroz brtveni sustav krova različitih dimenzija prema uputama tehnologa proizvođača postavljenog sustava. Cijenom uključiti sve spojne limove, toplinsku izolaciju, hidroizolaciju te sav ostali rad i materijal kako bi se stavka izvela do gotove funkcionalnosti.

Dimenzije prodora: prema projektu
Brtvena traka za krov: [PVC]",5,kom,60,300,,0,
304.050.00120,,- prihvat plastičnih podložaka gromobranske instalacije,Prihvat postavljenih tipskih plastičnih podložaka gromobranske instalacije za PVC krovnu hidroizolaciju.,1200,kom,3,3600,,0,
304.050.00125,,- brtvljenje sekuranata,Obrada prodora stupića zaštitnih sidara kao zaštita od pada s ravnog krova za PVC krovnu hidroizolaciju. Obrada prodora prema uputama tehnologa ugrađene hidroizolacije sa svim potrebnim radom i materijalom kako bi se stavka izvela do gotove funkcionalnosti.,32,kom,40,1280,,0,
304.050.00130,,- Brtvljenje prodora oko slivnika,"Spoj slivnika na brtveni sustav krova prema uputama tehnologa proizvođača. Cijenom obuhvatiti sav rad i materijal kako bi se stavka izvela do gotove funkcionalnosti.
Dimenzija slivnika: DN [xxx]
Brtvena traka za krov: [PVC]",18,kom,40,720,,0,
304.060,,Zaštita od pada,,,,,8200,,,
304.060.00100,,"- isporuka i ugradnja zaštitnih sidra kao zaštita od pada, trapezni lim","Dobava i ugradnja zaštitnih sidara kao zaštita od pada s ravnog krova tzv. sekuranata ABS POINT. Točkasta sidra su promjera 16 mm , izrađena od nehrđajučeg čelika , ispitana i u skladu s HRN EN 795. Sidra se montiraju na trapezni lim minimalne debljine 0,88mm. Sidro izvesti minimalno 20cm iznad hidroizolacije.
Visina pada: do [10,0] m
Visina krovne konstrukcije: do 300 mm
Montažna podloga: Trapezni lim                                                                                                                              U cijenu uključena i termoizolacijska obloga zaštitnih sidara sukladno KABA.",32,kom,225,7200,,0,
304.060.00105,,"- isporuka i ugradnja sustava za spašavanje, trapezni lim","Sustav za sigurnosno uže prema DIN EN 795 razred C za pričvršćivanje osobne zaštitne opreme protiv pada, u različitim pojedinačnim dužinama, koji se sastoji od nosača i sustava užeta, nosači izolirani s unutarnje strane, izvedba sukladno montažnoj podlozi, broj i razmak nosača prema potrebi, isporučiti i montirati, uklj. sredstva za pričvršćivanje sukladno montažnoj podlozi, kutne, krajnje i unutarnje nosače, sustav užeta s držačima, bravama, zaobilascima, itd.
Visina pada: do [10,0] m
Visina krovne konstrukcije: do 300 mm
Montažna podloga: Trapezni lim",306,m,sve potrebno za sidra je uključeno u prethodnoj stavci a sve potrebno za osobnu zaštitnu opremu je ponuđeno u narednoj stavci,-,,0,
304.060.00110,,- Osobna zaštitna oprema,"Osobna zaštitna oprema za osiguravanje kod radova na krovovima s točkama prihvata odnosno sustavom za sigurnosno uže uključuje:
- Zatezno uže prema DIN-EN 795 razred C za vodoravno spajanje pojedinačnih točaka prihvata, dužine 16 m, kao privremeni način prihvata
- Sigurnosno uže s pratećim uređajem za prihvat i ublaživačem pada prema EN 353-2, prikladno za vodoravnu primjenu, dužina užeta 5 m
- Pojas za spašavanje i hvatanje prema EN 361
- Zidni metalni ormar, s premazom u prahu, bijeli, dimenzije ca. 600/700/250 mm za odlaganje gore navedene Osobne zaštitne opreme",1,kom,1000,1000,,0,
304.070,,Hidroizolacijski radovi,,,,,1700,,,
304.070.00100,,"- Dodatak brtvenom sustavu, ugradnja klinova od XPS tvrde pjene, dim 50/50mm","Dodatak za gore Navedeni brtveni sustav, za ugradnju klinova od ekstrudirane polistirolske tvrde pjene (XPS), u različitim pojedinačnim dužinama, dimenzije ca. 50/50 mm, isporučiti i montirati na sve unutarnje kutove.",340,m,5,1700,,0,
304.080,,Ostali,,,,,4600,,,
304.080.00105,,- Ispitivanje nepropusnosti prema smjernicama,"Ispitivanje nepropusnosti i pretraživanje pukotina pomoću elektropulsne metode, uklj. dokumentaciju.",4375,m2,0.8,3500,,0,
304.080.00110,,- zaštitna površina od betonskih ploča 50/50cm,"Zaštitnu površinu, dimenzija do 2,0/2,0 m, od betonskih ploča 50/50 cm, debljine 4 cm, uklj. zaštitni sloj, isporučiti i ugraditi na brtveni sustav.",1,kom,300,300,,0,
304.080.00115,,- zaštitne površine izrađene od gumenih granulatnih ploča debljine 10mm,"Zaštitne površine, u različitim pojedinačnim dimenzijama, od gumenog granulata, debljine 10 mm, isporčiti, postaviti i pričvrstiti na brtvenu traku krova.",8,m2,100,800,,0,
305,,Krovni svjetlosni sustavi,,,,,0,,,
305.000,,Prethodne napomene,,,,,0,,,
305.010,,Krovni prozori,,,,,0,,,
305.020,,Lagane trake,,,,,0,,,
305.030,,Prozor ravnog krova,,,,,0,,,
305.040,,Ostali,,,,,0,,,
305.050,,Prijem / puštanje u rad,,,,,0,,,
305.060,,održavanje,,,,,0,,,
306,,Zeleni krov,,,,,0,,,
306.000,,Prethodne napomene,,,,,0,,,
306.010,,Opsežni zeleni krovovi,,,,,0,,,
306.020,,Intenzivni zeleni krovovi,,,,,0,,,
306.030,,Ostali,,,,,0,,,
307,,Fasada,,,,,0,,,
307.000,,Prethodne napomene,,,,,0,,,
,,ZTV - Dodatni tehnički uvjeti ugovora,"1.) Dodatni ugovoreni tehnički uvjeti dio su troškovnika te u slučaju ugovaranja postaju dio ugovora. Izvođač radova se dakle obavezuje na sve radove i primjene koje proizlaze iz ovih uvjeta te su one uračunate u cijenu, ukoliko nisu zasebno ponuđene.

2.) Cijene stavki se prikazuju kao neto iznos u državnoj valuti. Važeći zakonski propisani porez na dodanu vrijednost obračunava se zasebno.

3.) U slučaju proturječnosti dodatnih ugovorenih tehničkih uvjeta vrijede prvenstveno podaci iz troškovnika. U slučaju proturječnosti između troškovnika i tehničke dokumentacije koja se predaje prilikom natječaja, vrijedi tehnička dokumentacija.

4.) Prije početka davanja ponude, ponuditelj je dužan pažljivo pročitati kompletan tekst općih uvjeta uz troškovnik, općih i posebnih uvjeta uz svaku grupu radova, tekst samog troškovnika i ostale dijelove tehničke dokumentacije. Ako opis bilo koje stavke u troškovniku dovodi do sumnje o načinu izvedbe ili upotrebu gradiva zahtijevane kvalitete, treba prije predaje ponude zatražiti pojašnjenje od ovlaštene osobe Investitora. Naknadno pozivanje na manjkavost ili nepoznavanje projektno-tehničke dokumentacije ili opisa u troškovniku neće se uzeti u obzir, niti smatrati razlogom za produženje roka izvedbe, a niti će se priznati bilo kakva razlika u cijeni s tog naslova.

5.) Tehnička dokumentacija koja se predaje prilikom natječaja informativnog je karaktera, a ponuđač je dužan u svom trošku izvršiti kontrolu projektno tehničke dokumentacije u smislu točnosti, tehničke ispravnosti, izvedivosti i međusobne usklađenosti. Sve eventualne primjedbe ponuditelj/izvoditelj dužan je pravovremeno uz ponudu, a u svakom slučaju prije izvedbe u pisanom obliku dostaviti Nadzoru i Naručitelju

6.) Ponuditelj je dužan provesti i kontrolu lokacije na licu mjesta prije davanja ponude. Jedinične cijene za pojedine vrste radova sadrže i sve one posredne troškove koji nisu iskazani u troškovniku, ali su neminovni za izvršenje radova predviđenih projektom.

7.) Organizacija gradilišta uračunata je u cijenu, ukoliko nije ponuđena kao zasebna stavka.

8.) Dizalice za podizanje, skele, strojevi, alati, pomoćna sredstva i konstrukcije uzeti su u obzir te su uračunati u jediničnu cijenu.

9.) Skele za radove na fasadi i radove na krovu predmet su ovog natječaja. Ponuditelj smije koristiti postojeće skele uz poštivanje sigurnosnih uvjeta i na vlastitu odgovornost. Preinake na skelama nisu dozvoljene te se one moraju predati u ispravnom stanju u kojem su i preuzete.

10.) Kompletnu režiju gradilišta usigurava i rješava ponuditelj/izvođač i i uključena je u jediničnu cijenu.

11.) Ponuditelj je obvezan redovno prikupljati i ,pravilno skladištiti i odvoziti na ovlašteni deponij sve otpadne materijale, ostatke, krhotine, građevinski otpad, ambalaže, obični otpad i slično o vlastitom trošku. Kod odlaganja otpada potrebno je pridržavati se svih javnopravnih uputa i propisa.

12.) Onečišćenja koja uslijed radova nastaju na susjednim terenima, zgradama, putovima, cestama, trgovima i slično, izvođač radova treba svakodnevno čistiti.

13.) Izvođač preuzima odgovornost za osiguravanje, skladištenje i spremanje vlastite građevinske opreme, strojeva, uređaja, alata i slično. Jednako vrijedi i za građevinske materijale, elemente i za ugradnju određenih uređaja i objekata sve do primopredaje obavljenih građevinskih radova.

14.) Prilikom izvođenja radova, izvoditelj treba zaštititi sve susjedne plohe, dijelove konstrukcije i prethodno izvedene radove na prikladan način a u skladu sa pravilima zaštite na radu, tako da ne dođe do oštećenja istih. Troškove zaštite treba izvoditelj ukalkulirati u ponudbenu cijenu izvođenja radova. Ukoliko ipak dođe do oštećenja prethodno izvedenih radova za koje je odgovoran izvoditelj ili njegov kooperant, dužan je iste o svom trošku dovesti u stanje prije oštećenja ili naručiti iste radove kod drugog izvoditelja na svoj teret.

15.) Sve potrebne mjere prema javnopravnim uputama i propisima za sigurnost i zaštitu zdravlja trebaju se uzeti u obzir te ih se treba pridržavati prilikom izvođenja radova.

16.) Prilikom davanja ponude i izvođenja radova treba se uzeti u obzir, uračunati i pridržavati se
- svih državnih i javnopravnih zakona, smjernica i propisa
- svih odgovarajućih tehničkih standarda, pravila i smjernica
- općeprihvaćenih pravila tehnike
- uputa, propisa i napomena proizvođača za ugradnju i obradu
- Kauflandovih građevinskih opisa, ugovorenih uvjeta i ostalih Kauflandovih dokumenata i planova.

17.) Stavke troškovnika obuhvačaju konačno dovršenje radova definiranih po količini i kvaliteti, onosno podrazumijevaju se kao gotove, potpune i funkcionirajuće, uklj. sve potrebne male dijelove i sredstva za pričvršćivanje, pomoćne materijale i sredstva, podkonstrukcije itd., kao i sve dodatne i posebne usluge - čak i kada one nisu detaljno opisane.

18.) Ako su treće stranke uključene u izvođenje predradnji, izvođač radova ih treba provjeravati. U slučaju nepravilnosti ili prigovora pravovremeno treba informirati naručitelja, tako da može tehnički i organizacijski dovršiti poslove.

19.) Obavezno se treba pridržavati svih Kauflandovih proizvodnih uputa, osim ako postoje opravdani razlozi za odstupanje (npr. dostupnost). U tom slučaju izvođač treba ponuditi istovjetni proizvod ili sustav te potvrditi istovjetnost. O njoj odlučuje naručitelj.

20.) Sustavi se izvode isključivo pomoću komponenata koje su predviđene od strane proizvođača sustava.

21.) Svi materijali, građevinski elementi i uređaji koji neposredno utječu na izgled i funkcionalnost prije ugradnje se trebaju provjeriti. Ugrađuju se tek nakon što naručitelj ili ovlaštena osoba odobri ugradnju na gradilištu. O vrsti i obliku uzorka odlučuje naručitelj.

22.) Ako nije drukčije propisano, izmjene postojećih projektnih rješenja od strane ponuditelja/izvođača a koje utječu na mehaničku stabilnost, ponuditelj/izvođač je dužan u svom trošku ishoditi sve suglasnosti, dozvole i sl.
Projekt izvedenog stanja ukalkulirati u jedničnu cijenu te dostaviti Kauflandu u pisanom i digitalnom obliku.

23.) Svi radovi na objektu te primjenjeni sistemi gradnje moraju biti izvedeni prema pravilu struke, odnosnu u granicama dopuštenih tolerancija.

24.) Ukoliko je ugovoreni termin izvršenja objekta uključen i zimski odnosno ljetni period, to se neće posebno izvođaču priznavati na ime naknade za rad pri niskoj temperaturi, zaštita konstrukcija od hladnoće i vrućine, te atmosferskih nepogoda, sve mora biti uključeno u jediničnu cijenu. Za vrijeme zime objekat se mora zaštititi. Svi eventualni smrznuti dijelovi moraju se ukloniti i izvesti ponovo bez bilo kakve naplate. Ukoliko je temperatura niža od temperature pri kojoj je dozvoljen dotični rad, a Investitor ipak traži da se radi, Izvođač si ima pravo zaračunati naknadu po normi 6,006 ali u tom slučaju Izvođač snosi punu odgovornost za ispravnost i kvalitetu rada. To isto vrijedi i za zaštitu radova tokom ljeta od prebrzog sušenja uslijed visoke temperature.

25.) U jediničnu cijenu rada izvođač treba obuhvatiti i slijedeće radove, koji se neće zasebno platiti kao naknadni rad, čak i ako nisu izričito navedenei u troškovniku:
- sve vrste transporta građevinskih materijala, elemenata, uređaja, objekata itd. do mjesta ugradnje
- potrebne i uobičajene pripreme i predobrade tla
- sve vrste bušenja, zavarivanja, lijepljenja, malih dijelova, sredstava za pričvršćivanje, međupoložaja, izolacije, brtvljenja, folija, spojeva itd. koje su potrebne za priključak, montažu i pričvršćivanje građevinskih dijelova i elemenata
- stručna priprema i priključak na sve okolne dijelove, ugradbene i nadgradne elemente i propuste
- sve izrade kutova, spojnih površina i elemenata, završnih elemenata, slobodnih krajeva itd.
- sve podloge za montažu, priključak i pričvršćivanje kao što su beton, zidani elementi, čelik, aluminij, limovi, gips karton, itd.
- potrebne spojne, kose i okrugle rezove te ostatke rezanja
- Izrada otvora i proreza za instalacije i ugradbene elemente drugih izvođača
- interno povezivanje kablovima i priključak objekata, dovod prema električnim trošilima na gradilištu od strane elektro izvođača",,,,,,,
,,Radovi koje je potrebno obuhvatiti jediničnom cijenom,"U sljedećim pozicijama potrebno je uzeti u obzir i uračunati sljedeće usluge, čak i ako nisu izričito navedene:
- Sredstva za pričvršćivanje od nehrđajućeg čelika
- Trodimenzionalno podesive podkonstrukcije
- obojane limove i pravokutne dijelove za priključke, krajeve i prijelaze
- eventualna oštećenja na površini i / ili slojevima pravilno ukloniti
- potrebna pojačanja uslijed povećanog utjecaja vjetra
- Prihvate za fuge na građevinama i promjene dužina uslijed temperaturnih varijacija
- kontrolirano odvođenje kišnice i kišnice nošene vjetrom
- Jednoliko i ravnomjerno postavljanje fuga i vijaka prema planu ili u dogovoru s naručiteljem",,,,,,,
307.010,,Fasadni profilirani lim,,,,,0,,,
307.020,,Fasadni sendvič paneli,,,,,0,,,
,,- Fasadni sendvič elementi-poliuretanska pjena (PIR),"TERMOIZOLACIJSKI FASADNI PANELI
Dobava i postava fasade od sendvić panela dijelom sa jezgrom od poliuretanske pjene (PIR) i dijelom o mineralne vune, debljine 14cm. Izvedba do gotove funkcionalnosti prema detaljima proizvođača i isporučitelja panela. U cijeni sav rad, materijal, spojni pribor, kompletno oblikovanje te skela.
Vanjska strana panela:
• Pokrovni lim s laganim profiliranjem (mikroliniran), prema seriji proizvođača
debljina lima za panel od poliuretanske pjene (PIR) 0,63 mm
debljina lima za panel od mineralne vune 0,63 mm
• Premazivanje bojom: poliesterski premaz, debljina sloja 25 μm
• Ton boje slično RAL 7047/ RAL7016 odn. prema projektno specifičnom dizajnu fasade i uzorku
Unutrašnja strana panela:
• glatki pokrovni limovi
debljina lima za panel od poliuretanske pjene (PIR) 0,40 mm
debljina lima za panel od mineralne vune 0,50 mm
• Premazivanje bojom: poliesterski premaz, ton boje slično RAL 7047 telegrau 4 ili slično RAL 9002 grauweiß odn. prema uzorku

Oblikovani dijelovi
• od porubljenih limova prema planu fasade i smjernicama proizvođača ploče:
• donji završeci fasade s odgovarajućim okapnim profilom, od porubljenih limova
• Bočni završeci fasade oko bravarije (završeci iznad opšava)
• Kutovi i rubovi zgrade
• toplinska izolacija na spojevima
NAPOMENA: Opšavi oko prozora i vrata obrađeni u zasebnoj stavci.
Smjer polaganja: vertikalno
Visina montaže panela od ±0.00 do vrha atike (+10.0)
širina panela 100 cm (sve prema nacrtima)",,,,,,,
,,- Fasadni sendvič elementi-poliuretanska pjena (PIR)-nastavak stavke 307.020.00100,"Pričvršćenje pri dnu:
Panel se pričvršćuje za ""HALFEN HTU 60/22/3"" šine samoureznim vijcima (3 kom/m').
""HALFEN HTU 60/22/3"" šine iskazane zasebnom stavkom ove grupe radova-ostali betonski i AB radovi i ugrađeni su potporne fasadne zidove po obodu objekta.
U cijenu stavke uključit dvije EPDM trake na spoju sa ab fasadnim parapetnim zidom.
Svi pričvrsni dijelovi kao i limovi (potrebni za izradu ovog detalja) iskazani posebnom stavkom.
Pričvršćenje pri vrhu:
Panel se pričvršćuje za čelične profile 60×80×3 mm (zasebna stavka ove grupe radova (čelična konstrukcija) prethodno pričvršćene za krovne rubne nosače (grede).
Potrebne vijke kao i pločice (za izradu skrivenog spoja) za prijenos sile uključiti u cijeni stavke.
Sva pričvršćenja u svemu prema detaljnim nacrtima i statičkom proračunu.

Učvršćenje nehrđajućim samonareznim brtvenim vijcima iz visokokvalitenog čelika, s navulkaniziranim neoprenskim brtvilom, pričvrsni elementi u istoj boji kao i lim. Ploče postavljene vertikalno, nevidljivo pričvršćene, trake za brtvljenje između ploča. Svi prodori, za vrata, prozore i ventilacijske reške, kao i svi unutrašnji i vanjski uglovi moraju se izvesti s kutnim profilima i tipskim elementima.

U cijenu uključeno: isporuka i ugradnja ugaonih elemenata, detalj vertikalnog spoja, proračun pričvršćenja, detalj prihvata na potporne fasadne zidove po obodu objekta i na AB krovne rubne nosače (grede), detalj kape atike, detalj kuteva, detalj opšivanja otvora vrata, detalj opšivanja otvora prozora, izrada prodora bravarski stavki, prodora rasvjete, sve navedeno sa vanjske, unutarnje i bočne strane.",,,,,,,
307.020.00110,,- Fasadni sendvič elementi-poliuretanska pjena (PIR)-nastavak stavke 307.020.00100,"Obavezna je primjena svih propisa za montažu od strane proizvođača.
Površine otvora nisu odbijane iz količine, a prodori su uključeni u cijenu.
NAPOMENA: Obrada gornjeg završetka panela (atika), donjeg završetak panela (sokl), tipski elamenati za špalete prozora i vrata tipski elamenati za oblogu kuta fasade, spoj sa objektom tehničkih prostroija i spoj sa alucobond fasadom iskazano posebnom stavkom.
Sve ostale prodore i obrade koje nisu navedene (iskazane posebnom stavkom) uključit u cijenu izrade stavke.
Kod obrade prodora uključiti u stavku opšavne limove u boji fasade (zatvaranje otvora oko prodora + brtvljenje PU pjenom + trajnoelastični kit u boji fasade).

Izvođač je dužan sa davanjem ponude dostaviti traženi uzorak sa pratećim tehničkim listom te potpisanim pismom namjere sa proizvođačem panela da će se ugraditi navedeni panel navedenog proizvođača. Čelična podkonstrukcija nije predmet ove pozicije. Sve izvesti i ponuditi u skladu s opisom gradnje KaBa, općim napomenama i opisu stavke.

PANEL SA JEZGROM OD POLIURETANSKE PJENE (PIR)
Svojstva panela:
koeficijent prolaza topline U=0,161 W/m2k
reakcija na požar B-s1, d0
zvučna izolacija 25dB
gustoća ispune 38kg/m3",1510,m2,,,,0,
307.020.00115,,- Fasadni sendvič elementi-jezgra od mineralne vune,"U svemu kao stavka 307.020.00110 samo:

PANEL SA JEZGROM OD MINERALNE VUNE
Svojstva panela:
koeficijent prolaza topline U=0,34 W/m2k
reakcija na požar A2-s1, d0
zvučna izolacija 31dB
gustoća ispune 140kg/m3",335,m2,,,,0,
307.020.00120,,- Fasadni sendvič elementi-Tipski elamenati za špalete prozora i vrata,"Tipski elamenati za špalete prozora i vrata
Izrada, dobava te postava tipskih elamenata za špalete prozora i vrata, svi opšavni elementi uklopivi sa oblogom od fasadnih panela koji je kao završni sloj pročelja. Elemente za špalete pričvrstiti za panel ili predvidjeti ukoliko je potrebno novu potkonstrukciju oko vrata ili prozora. Učvršćenje nehrđajućim samonareznim brtvenim vijcima iz visokokvalitenog čelika, s navulkaniziranim neoprenskim brtvilom, pričvrsni elementi u istoj boji kao i lim. U cijenu uključena doprema, postava na gradilištu, skela te sav materijal koji je potreban da se stavka izvede do gotove funkcionalnosti. Izvedba elemenata u istoj boji kao što su i paneli na tom dijelu pročelja.
Sve izvesti i ponuditi u skladu s opisom gradnje KaBa, općim napomenama i opisu stavke.",344,m,,,,0,
307.020.00125,,- Fasadni sendvič elementi-Tipski elamenati za oblogu kuta fasade,"Tipski elamenati za oblogu kuta fasade
Izrada, dobava te postava tipskih elamenata za oblogu kuta fasade (unutarnji i vanjski) uklopiv sa oblogom od fasadnog panela koji je kao završni sloj pročelja. Elemente kuta pričvrstiti za panel ili predvidjeti ukoliko je potrebno novu potkonstrukciju. Učvršćenje nehrđajućim samonareznim brtvenim vijcima iz visokokvalitenog čelika, s navulkaniziranim neoprenskim brtvilom, pričvrsni elementi u istoj boji kao i lim. U cijenu uključena doprema, postava na gradilištu, skela te sav materijal koji je potreban da se stavka izvede do gotove funkcionalnosti. Izvedba elemenata u istoj boji kao što su i paneli na tom dijelu pročelja.
Sve izvesti i ponuditi u skladu s opisom gradnje KaBa, općim napomenama i opisu stavke.
NAPOMENA: Količinom stavke obuhvaćeni samo vanjski kutni profili.",288,m,,,,0,
307.020.00130,,- Fasadni sendvič elementi-Donji završetak panela,"Donji završetak panela
Izrada, dobava te postava donjeg završetka panela:
▪ Postava čeličnog L 100/100/4 profila (naslon panela). Pričvršćuje se u ab potporni fasadni zid pripadajućim tiplama.
▪ Konstruktivni lim - čelični pocinčani d=2,50mm, pričvršćuje se na prethodno opisani čelični profil, okvirna razvijena širina 25 cm, služi za donji prihvat okapnog lima, postavlja se kontinuirano.
▪ Kontinuitet toplinske izolacije sa limenog fasadnog panela na oblogu (XPS) ab fasadnog parapetnog zida osigurati PUR pjenom, ili u slučaju požarnog preskoka od negorive (vatrootpore) pjene.
▪ Okapni lim - čelični pocinčani d=1,5mm, obostrano plastificiran u tonu fasade (konačnu potvrdu tona potrebno ishoditi pismeno od investitora) okvirna razvijena širina 20 cm.
Učvršćenje nehrđajućim samonareznim brtvenim vijcima iz visokokvalitenog čelika, s navulkaniziranim neoprenskim brtvilom, pričvrsni elementi u istoj boji kao i lim. U cijenu uključena doprema, postava na gradilištu, brtvene trake, skela te sav materijal koji je potreban da se stavka izvede do gotove funkcionalnosti. Izvedba elemenata u istoj boji kao što su i paneli na tom dijelu pročelja.
Sve izvesti i ponuditi u skladu s opisom gradnje KaBa, općim napomenama i opisu stavke.",250,m,,,,0,
307.030,,AluCOBOND fasada,,,,,0,,,
307.030.00100,,"x..FAS1, FAS4..x - fasadni sistem ALUCOBOND","FASADNI SISTEM - ALUCOBOND (3A Composites)-sistem SZ 20
Izrada vanjske fasade oblogom od ALUCOBOND ploča debljine 4mm na tipskoj potkonstrukciji s nevidljivim pričvršćenjem.
Ukupna debljina fasadnog sustava: [0,14] m
Podjela fasade na pravilne dimenzije (osovinska mjera), fuga 20mm.
Reakcija na požar: najmanje B1, s1-d0
Standardne širine: 1250, 1500mm, dužine: do 8000mm.
Boja: 3A Composites:
boja 201 (slično RAL 3020)
boja 105 (slično RAL 7016)
Da bi se osigurala jednakost tonova boje, po objektu treba koristiti ploče koje su izrađene u jednoj seriji. Kvaliteta boje: PVDF premaz, stupanj sjaja 25 - 40 %. Vodoravne i okomite spojeve (fuge) fasadnih ploča treba izvesti zatvoreno. Zato su iza fuga obrubljeni profili iste boje. Sve kazete na rubovima imaju sistemske profile za stabilnost: Z-profil (Z 44025 ili Z 37773) na gornjem rubu, S-profil (S 44024 ili S 37774) na donjem rubu, kao pojačanje rubova kazete. Zakovice od aluminija promjera 5mm, glava promjera 11mm i trn od nehrđajućeg čelika. Potkonstrukcija ANTICORODAL-050 prema EN AW-6063.
Izvedba završetaka, spoja sa fasadom i svih ostalih sudara i uglova, uključujući mrežice za insekte, okape, i sl. u cijeni fasade.
Sve po uputama proizvođača u fasadnom sistemu. U cijeni sav rad i materijal, skela kako bi se stavka izvela do gotove funkcionalnosti.",20.5,m2,,,,0,
307.030.00105,,"x..FAS1, FAS4..x - toplinska izolacija","Dobava i postava vodootporne kamene vune, klase gorivosti A1 prema DIN 4102.
Kamena vuna je sa površinskom obradom za ventilirana pročelja. Ploče se učvršćuju vijcima sa širokom glavom. Poštivati propise proizvođača. U cijenu uključena doprema, postava na gradilištu, skela te sav spojni materijal.

Toplinska izolacija : d= [ 100 ] mm; [ prema projektu toplinske zaštite ]",16,m2,,,,0,
307.040,,Fiber cementna fasada,,,,,0,,,
307.050,,Fasadno drvo / drveni proizvod,,,,,0,,,
307.060,,Ostali,,,,,0,,,
308,,Vodovodni radovi,,,,,0,,,
308.000,,Prethodne napomene,,,,,0,,,
,,ZTV - Dodatni tehnički uvjeti ugovora,"1.) Dodatni ugovoreni tehnički uvjeti su dio opisa usluga te u slučaju narudžbe postaju dio ugovora. Izvođač radova se dakle obavezuje na sve usluge i primjene koje proizlaze iz ovih uvjeta te su one uračunate u cijenu, ukoliko nisu zasebno ponuđene.

2.) Usluge se prikazuju kao neto iznos u državnoj valuti. Važeći zakonski propisani porez na dodanu vrijednost obračunava se zasebno.

3.) U slučaju proturječnosti dodatnih ugovorenih tehničkih uvjeta vrijede prvenstveno podaci iz popisa usluga. U slučaju proturječnosti između popisa usluga i planske dokumentacije koja se predaje prilikom natječaja, vrijedi planska dokumentacija.

4.) Ponuditelj se prije izdavanja ponude detaljno informirao o građevinskim zadaćama koje treba izvesti, ukoliko su povezane s ponuđenim i planiranim uslugama, tako da na temelju popisa usluga nema nikakvih nejasnoća kod obračuna. Naknadne reklamacije koje proizlaze iz nepoznavanja natječajne dokumentacije neće se uvažavati.

5.) Planovi i u njima navedeni objekti koji se izdaju prilikom natječaja služe za informaciju. Ta dokumentacija ponuditelja ne oslobađa od obveze za vlastitim pribavljanjem svih potrebnih informacija za određivanje cijene detaljnim pregledavanjem planskih dokumenata.

6.) Ponuditelj je posjetio lokacije kako bi procijenio sve potrebne usluge. Svi vidljivi uvjeti koji utječu na formiranje cijene uzeti su u obzir prilikom određivanja jedinične cijene.

7.) Organizacija gradilišta za vlastite potrebe uračunata je u cijenu, ukoliko nije ponuđena kao zasebna stavka.

8.) Sve potrebne naprave za podizanje, skele, strojevi, alati, pomoćna sredstva i konstrukcije uzeti su u obzir te su uračunati u cijenu.

9.) Skele za radove na fasadi i radove na krovu predmet su ovog natječaja. Ponuditelj smije koristiti postojeće skele uz poštivanje sigurnosnih uvjeta i na vlastitu odgovornost. Preinake na skelama nisu dozvoljene te se one moraju predati u ispravnom stanju u kojem su i preuzete.

10.) Struju i vodu na gradilištu osigurava odjeljak za organizaciju gradilišta od mjesta distribucije odnosno crpljenja za sve ostale usluge i radove.

11.) Ponuditelj je obvezan redovno prikupljati i pravilno odložiti sve otpadne materijale, ostatke, krhotine, građevinski otpad, ambalaže, obični otpad i slično o vlastitom trošku. Kod odlaganja otpada potrebno je pridržavati se svih javnopravnih uputa i propisa.

12.) Onečišćenja koja uslijed radova nastaju na susjednim terenima, zgradama, putovima, cestama, trgovima i slično, izvođač radova svakodnevno treba očistiti.

13.) Izvođač preuzima odgovornost za osiguravanje, skladištenje i spremanje vlastitih građevinskih naprava, strojeva, uređaja, alata i slično. Jednako vrijedi i za građevinske materijale, elemente i za ugradnju određenih uređaja i objekata sve do primopredaje obavljenih građevinskih usluga.

14.) Građevinski i konstrukcijski elementi se prilikom izvođenja radova odgovarajućim mjerama trebaju zaštititi od onečišćenja i oštećenja. Jednako tako i izvođač treba zaštititi vlastite usluge sve do primopredaje obavljenih građevinskih usluga.

15.) Sve potrebne mjere prema javnopravnim uputama i propisima za sigurnost i zaštitu zdravlja trebaju se uzeti u obzir te ih se treba pridržavati prilikom izvođenja radova.

16.) Prilikom izdavanja ponude i izvođenja radova treba se uzeti u obzir, uračunati i pridržavati se
- svih državnih i javnopravnih zakona, smjernica i propisa
- svih odgovarajućih tehničkih standarda, pravila i smjernica
- općeprihvaćenih pravila tehnike
- uputa, propisa i napomena proizvođača za ugradnju i obradu
- Kauflandovih građevinskih opisa, ugovorenih uvjeta i ostalih Kauflandovih dokumenata i planova
.

17.) Navedene usluge podrazumijevaju se kao gotove, potpune i funkcionirajuće, uklj. sve potrebne male dijelove i sredstva za pričvršćivanje, pomoćne materijale i sredstva, podkonstrukcije itd., kao i sve dodatne i posebne usluge - čak i kada one nisu detaljno opisane.

18.) Ako su treće stranke uključene u izvođenje predradnji, izvođač radova ih treba provjeravati. U slučaju nepravilnosti ili prigovora pravovremeno treba informirati naručitelja, tako da može tehnički i organizacijski dovršiti poslove.

19.) Obavezno se treba pridržavati svih Kauflandovih proizvodnih uputa, osim ako postoje opravdani razlozi za odstupanje (npr. dostupnost). U tom slučaju izvođač treba ponuditi istovjetni proizvod ili sustav te potvrditi istovjetnost. O njoj odlučuje naručitelj.

20.) Sustavi se izvode isključivo pomoću komponenata koje su predviđene od strane proizvođača sustava.

21.) Svi materijali, građevinski elementi i uređaji koji neposredno utječu na izgled i funkcionalnost prije ugradnje se trebaju provjeriti. Ugrađuju se tek nakon što naručitelj ili ovlaštena osoba odobri ugradnju na gradilištu. O vrsti i obliku predloška odlučuje naručitelj.

22.) Ukoliko nisu ponuđene kao posebne stavke, troškovi za projektiranje usluga trebaju se uračunati u cijene pojedinih radova. Opseg projektiranja ovisno o radnji i potrebi može uključivati lokalno mjerenje, statičke proračune, planiranje radova, proizvodnje, detalja i montaže na temelju Kauflandovih podataka i izradu revizijskih dokumenata.

23.) Sve konstrukcije, načini gradnje i sustavi moraju biti izvedeni tako da mogu prihvatiti odnosno kompenzirati uobičajene i dozvoljene tolerancije u pripremnim radovima odnosno u tlu.

24.) Otežane okolnosti koje su uvjetovane godišnjim dobom ili vremenskim uvjetima i koje se u normalnim uvjetima trebaju uzeti u obzir, ne predstavljaju opravdan razlog za dodatne troškove ili produženje rokova izvođenja. U slučaju dvojbe izvođač mora dokazati prisutnost izvanrednih okolnosti.

25.) Ovisno o gradilištu i uslugama potrebno je uzeti u obzir i uračunati sljedeće primjene i usluge, čak i ako nisu izričito navedene u popisu usluga:
- sve vrste transporta građevinskih materijala, elemenata, uređaja, objekata itd. do mjesta ugradnje
- potrebne i uobičajene pripreme i predobrade tla
- sve vrste bušenja, zavarivanja, lijepljenja, malih dijelova, sredstava za pričvršćivanje, međupoložaja, izolacije, brtvljenja, folija, spojeva itd. koje su potrebne za priključak, montažu i pričvršćivanje građevinskih dijelova i elemenata
- stručna priprema i priključak na sve okolne dijelove, ugradbene i nadgradne elemente i propuste
- sve izrade kutova, spojnih površina i elemenata, završnih elemenata, slobodnih krajeva itd.
- sve podloge za montažu, priključak i pričvršćivanje kao što su beton, zidani elementi, čelik, aluminij, limovi, gips karton, itd.
- potrebne spojne, kose i okrugle rezove te ostatke rezanja
- Izrada otvora i proreza za instalacije i ugradbene elemente drugih izvođača
- interno povezivanje kablovima i priključak objekata, dovod prema električnim trošilima na gradilištu od strane elektro izvođača",,,,,,,
,,Razgraničenje vodovodnih radova,"U sljedećim pozicijama potrebno je uzeti u obzir i uračunati sljedeće usluge, čak i ako nisu izričito navedene:
- eventualna oštećenja na površini i / ili slojevima pravilno ukloniti",,,,,,,
308.010,,Oluci / slivnici,,,,,0,,,
308.020,,veze,,,,,0,,,
308.030,,Pokrov,,,,,0,,,
308.030.00100,,"x… - Pokrov za atiku od aluminija, debljine 2 mm, s premazom","Pokrov za atiku od aluminija, debljine 2 mm, s premazom u prahu i višestruko savijenim rubovima, za debljinu atike/zida do 45 cm, s vidljivom vanjskom stranom širine 10 cm, s min. 3% nagiba prema unutarnjoj strani, s drenažnim rubom, industrijski izrađen kao sustav, u različitim pojedinačnim dužinama, uklj. držač, spojnice, brtve, kutove i krajeve, izraditi, isporučiti, montirati u jednoj liniji i na ispravnoj visini te spojiti tako da ne propušta vodu i kišnicu.

Boja: sukladno Kauflandovoj paleti boja",310,m,,,,0,
308.030.00105,,x… - Pokrov vrhova stupova u osi F,"Pokrov za atiku od aluminija, debljine 2 mm, s premazom u prahu i višestruko savijenim rubovima, za debljinu atike/zida do 60 cm, s vidljivom vanjskom stranom širine 10 cm, s min. 3% nagiba prema unutarnjoj strani, s drenažnim rubom, industrijski izrađen kao sustav, u različitim pojedinačnim dužinama, uklj. držač, spojnice, brtve, kutove i krajeve, izraditi, isporučiti, montirati u jednoj liniji i na ispravnoj visini te spojiti tako da ne propušta vodu i kišnicu.

Boja: sukladno Kauflandovoj paleti boja",12,kom,,,,0,
308.040,,Ostali,,,,,0,,,
309,,Vanjska i unutarnja ALU bravarija,,,,,0,,,
309.000,,Prethodne napomene,,,,,0,,,
,,ZTV - Dodatni tehnički uvjeti ugovora,"1.) Dodatni ugovoreni tehnički uvjeti dio su troškovnika te u slučaju ugovaranja postaju dio ugovora. Izvođač radova se dakle obavezuje na sve radove i primjene koje proizlaze iz ovih uvjeta te su one uračunate u cijenu, ukoliko nisu zasebno ponuđene.

2.) Cijene stavki se prikazuju kao neto iznos u državnoj valuti. Važeći zakonski propisani porez na dodanu vrijednost obračunava se zasebno.

3.) U slučaju proturječnosti dodatnih ugovorenih tehničkih uvjeta vrijede prvenstveno podaci iz troškovnika. U slučaju proturječnosti između troškovnika i tehničke dokumentacije koja se predaje prilikom natječaja, vrijedi tehnička dokumentacija.

4.) Prije početka davanja ponude, ponuditelj je dužan pažljivo pročitati kompletan tekst općih uvjeta uz troškovnik, općih i posebnih uvjeta uz svaku grupu radova, tekst samog troškovnika i ostale dijelove tehničke dokumentacije. Ako opis bilo koje stavke u troškovniku dovodi do sumnje o načinu izvedbe ili upotrebu gradiva zahtijevane kvalitete, treba prije predaje ponude zatražiti pojašnjenje od ovlaštene osobe Investitora. Naknadno pozivanje na manjkavost ili nepoznavanje projektno-tehničke dokumentacije ili opisa u troškovniku neće se uzeti u obzir, niti smatrati razlogom za produženje roka izvedbe, a niti će se priznati bilo kakva razlika u cijeni s tog naslova.

5.) Tehnička dokumentacija koja se predaje prilikom natječaja informativnog je karaktera, a ponuđač je dužan u svom trošku izvršiti kontrolu projektno tehničke dokumentacije u smislu točnosti, tehničke ispravnosti, izvedivosti i međusobne usklađenosti. Sve eventualne primjedbe ponuditelj/izvoditelj dužan je pravovremeno uz ponudu, a u svakom slučaju prije izvedbe u pisanom obliku dostaviti Nadzoru i Naručitelju

6.) Ponuditelj je dužan provesti i kontrolu lokacije na licu mjesta prije davanja ponude. Jedinične cijene za pojedine vrste radova sadrže i sve one posredne troškove koji nisu iskazani u troškovniku, ali su neminovni za izvršenje radova predviđenih projektom.

7.) Organizacija gradilišta uračunata je u cijenu, ukoliko nije ponuđena kao zasebna stavka.

8.) Dizalice za podizanje, skele, strojevi, alati, pomoćna sredstva i konstrukcije uzeti su u obzir te su uračunati u jediničnu cijenu.

9.) Skele za radove na fasadi i radove na krovu predmet su ovog natječaja. Ponuditelj smije koristiti postojeće skele uz poštivanje sigurnosnih uvjeta i na vlastitu odgovornost. Preinake na skelama nisu dozvoljene te se one moraju predati u ispravnom stanju u kojem su i preuzete.

10.) Kompletnu režiju gradilišta usigurava i rješava ponuditelj/izvođač i i uključena je u jediničnu cijenu.

11.) Ponuditelj je obvezan redovno prikupljati i ,pravilno skladištiti i odvoziti na ovlašteni deponij sve otpadne materijale, ostatke, krhotine, građevinski otpad, ambalaže, obični otpad i slično o vlastitom trošku. Kod odlaganja otpada potrebno je pridržavati se svih javnopravnih uputa i propisa.

12.) Onečišćenja koja uslijed radova nastaju na susjednim terenima, zgradama, putovima, cestama, trgovima i slično, izvođač radova treba svakodnevno čistiti.

13.) Izvođač preuzima odgovornost za osiguravanje, skladištenje i spremanje vlastite građevinske opreme, strojeva, uređaja, alata i slično. Jednako vrijedi i za građevinske materijale, elemente i za ugradnju određenih uređaja i objekata sve do primopredaje obavljenih građevinskih radova.

14.) Prilikom izvođenja radova, izvoditelj treba zaštititi sve susjedne plohe, dijelove konstrukcije i prethodno izvedene radove na prikladan način a u skladu sa pravilima zaštite na radu, tako da ne dođe do oštećenja istih. Troškove zaštite treba izvoditelj ukalkulirati u ponudbenu cijenu izvođenja radova. Ukoliko ipak dođe do oštećenja prethodno izvedenih radova za koje je odgovoran izvoditelj ili njegov kooperant, dužan je iste o svom trošku dovesti u stanje prije oštećenja ili naručiti iste radove kod drugog izvoditelja na svoj teret.

15.) Sve potrebne mjere prema javnopravnim uputama i propisima za sigurnost i zaštitu zdravlja trebaju se uzeti u obzir te ih se treba pridržavati prilikom izvođenja radova.

16.) Prilikom davanja ponude i izvođenja radova treba se uzeti u obzir, uračunati i pridržavati se
- svih državnih i javnopravnih zakona, smjernica i propisa
- svih odgovarajućih tehničkih standarda, pravila i smjernica
- općeprihvaćenih pravila tehnike
- uputa, propisa i napomena proizvođača za ugradnju i obradu
- Kauflandovih građevinskih opisa, ugovorenih uvjeta i ostalih Kauflandovih dokumenata i planova.

17.) Stavke troškovnika obuhvačaju konačno dovršenje radova definiranih po količini i kvaliteti, onosno podrazumijevaju se kao gotove, potpune i funkcionirajuće, uklj. sve potrebne male dijelove i sredstva za pričvršćivanje, pomoćne materijale i sredstva, podkonstrukcije itd., kao i sve dodatne i posebne usluge - čak i kada one nisu detaljno opisane.

18.) Ako su treće stranke uključene u izvođenje predradnji, izvođač radova ih treba provjeravati. U slučaju nepravilnosti ili prigovora pravovremeno treba informirati naručitelja, tako da može tehnički i organizacijski dovršiti poslove.

19.) Obavezno se treba pridržavati svih Kauflandovih proizvodnih uputa, osim ako postoje opravdani razlozi za odstupanje (npr. dostupnost). U tom slučaju izvođač treba ponuditi istovjetni proizvod ili sustav te potvrditi istovjetnost. O njoj odlučuje naručitelj.

20.) Sustavi se izvode isključivo pomoću komponenata koje su predviđene od strane proizvođača sustava.

21.) Svi materijali, građevinski elementi i uređaji koji neposredno utječu na izgled i funkcionalnost prije ugradnje se trebaju provjeriti. Ugrađuju se tek nakon što naručitelj ili ovlaštena osoba odobri ugradnju na gradilištu. O vrsti i obliku uzorka odlučuje naručitelj.

22.) Ako nije drukčije propisano, izmjene postojećih projektnih rješenja od strane ponuditelja/izvođača a koje utječu na mehaničku stabilnost, ponuditelj/izvođač je dužan u svom trošku ishoditi sve suglasnosti, dozvole i sl.
Projekt izvedenog stanja ukalkulirati u jedničnu cijenu te dostaviti Kauflandu u pisanom i digitalnom obliku.

23.) Svi radovi na objektu te primjenjeni sistemi gradnje moraju biti izvedeni prema pravilu struke, odnosnu u granicama dopuštenih tolerancija.

24.) Ukoliko je ugovoreni termin izvršenja objekta uključen i zimski odnosno ljetni period, to se neće posebno izvođaču priznavati na ime naknade za rad pri niskoj temperaturi, zaštita konstrukcija od hladnoće i vrućine, te atmosferskih nepogoda, sve mora biti uključeno u jediničnu cijenu. Za vrijeme zime objekat se mora zaštititi. Svi eventualni smrznuti dijelovi moraju se ukloniti i izvesti ponovo bez bilo kakve naplate. Ukoliko je temperatura niža od temperature pri kojoj je dozvoljen dotični rad, a Investitor ipak traži da se radi, Izvođač si ima pravo zaračunati naknadu po normi 6,006 ali u tom slučaju Izvođač snosi punu odgovornost za ispravnost i kvalitetu rada. To isto vrijedi i za zaštitu radova tokom ljeta od prebrzog sušenja uslijed visoke temperature.

25.) U jediničnu cijenu rada izvođač treba obuhvatiti i slijedeće radove, koji se neće zasebno platiti kao naknadni rad, čak i ako nisu izričito navedenei u troškovniku:
- sve vrste transporta građevinskih materijala, elemenata, uređaja, objekata itd. do mjesta ugradnje
- potrebne i uobičajene pripreme i predobrade tla
- sve vrste bušenja, zavarivanja, lijepljenja, malih dijelova, sredstava za pričvršćivanje, međupoložaja, izolacije, brtvljenja, folija, spojeva itd. koje su potrebne za priključak, montažu i pričvršćivanje građevinskih dijelova i elemenata
- stručna priprema i priključak na sve okolne dijelove, ugradbene i nadgradne elemente i propuste
- sve izrade kutova, spojnih površina i elemenata, završnih elemenata, slobodnih krajeva itd.
- sve podloge za montažu, priključak i pričvršćivanje kao što su beton, zidani elementi, čelik, aluminij, limovi, gips karton, itd.
- potrebne spojne, kose i okrugle rezove te ostatke rezanja
- Izrada otvora i proreza za instalacije i ugradbene elemente drugih izvođača
- interno povezivanje kablovima i priključak objekata, dovod prema električnim trošilima na gradilištu od strane elektro izvođača",,,,,,,
,,Opseg usluga metalne konstrukcije,"U sljedećim pozicijama potrebno je uzeti u obzir i uračunati sljedeće usluge, čak i ako nisu izričito navedene:
- obojane limove i pravokutne dijelove za priključke, krajeve i prijelaze
- eventualna oštećenja na površini i / ili slojevima pravilno ukloniti
- potrebne podkonstrukcije i pojačanja
- Prihvate za fuge na građevinama i promjene dužina uslijed temperaturnih varijacija
- kontrolirano odvođenje kišnice i kišnice nošene vjetrom
- Zaštitu građevinskih priključaka protiv kišnice s vanjske strane, odnosno pare s unutarnje strane
- interno povezivanje kablovima na prozorima, koristiti profile za prekrivanje kabela
- alternativno za garniture / aluminijske elemente, eloksirani: Nehrđajući čelik, mat
- izvedbu slijepih podnih profila (u razini slojeva poda)
- konzekventnu izvedbu hidroizolacije u podnožju pojedinih stavki
- konzekventnu izvedbu parne brane na svim rubovima pojedinih stavki
- padajuće brtve za vanjska i protupožarne stavke uključena u cijenu",,,,,,,
309.010,,PVC staklene stijene,,,,,0,,,
309.010.00100,,x..AF10..x - staklena stijena između boravka i vanjske terase,"POZ P09
Dobava i postava staklene stijene između boravka i vanjske terase prema trenutno važećim smjernicama KaBa. Stijena se sastoji od fiksnih dijelova rastera 1,25m i jednokrilnih zaokretnih vrata svijetle širine 1,12m.
Građ.dimenzija stijene: [ 2,45/2,70 ] m
Konstrukcija stijene: PVC profil ojačan sa čeličnom jezgrom sa višekomornim sustavom i dvije EPDM brtve. Boja RAL 7016 otporna na ultraljubičasto zračenje. U zoni postave zaštite od sunca izvesti prošireni nadvojni profil visine 200mm.
Dizajn profila: ravno položena krila
Ostakljenje: višeslojnog sigurnosnog 2 izolacijskog stakla koeficijent prolaza topline Uw najmanje 1,3 W/m²K, Ug min 1,3 W/m²K . Zahtijevani koeficijent prolaza topline Uw odnosi se na cijeli prozor i uzima u obzir koeficijent prolaza topline okvira (Uf), ostakljenja (ug) i profila za održavanje razmaka izolacijskog ostakljenja (y-vrijednost).
Zaokretna vrata:
• Antipanik brava na vratima, pripremljena za prolazni profilni cilindar
• Okovi: Eloksirani aluminij ili nehrđajući čelik mat brušen, iznutra kvaka, izvana fiksna ručka, npr. HEWI Serie 11, s dugačkim štitom
• Kontrola: Magnetni kontakt i kontakt na zasunu za kontrolu otvaranja i zatvaranja, VdS razred C, prekriveni
• Ostalo: električni otvarač vrata, otključavanje brave s kliznim vođenjem, 12V DC, radna struja
• Otvarač vrata s mehaničkim otključavanjem zasuna otvarača vrata, s opružnim jezičkom
• Gornji zatvarač vrata
Izvedba prema detaljima proizvođača uključivo sav rad i materijal kako bi se stavka izvela do gotove funkcionalnosti

Spojne reške: PUR-pjena;
Fabrikat: SALAMANDER, GEALAN ili drugi istovrijedni pvc profili
Zidni zaustavljač vrata od mekane plastike, okrugli, promjera ca. 40 mm, s držačem od nehrđajućeg čelika, uklj. sredstva za pričvršćivanje, isporučiti i montirati",1,kom,,,,0,
309.020,,Aluminijska staklena vrata,,,,,0,,,
309.020.00100,,"x..AT3..x - aluminijska evakuacijska dvokrilna vrata s nadsvjetlom  dimenzije 2,26 / 4,15 m","POZ A05
Izrada, dobava i postava dvokrilnih staklenih vrata s nadsvjetlom od aluminijskih profila dubine do cca.75mm s prekinutim termičkim mostom s EPDM brtvenim profilima. Ostakljenje od višeslojnog sigurnosnog 2 izolacijskog stakla 2x6mm. Izvedba do gotove funkcionalnosti i prema važećim smjernicama KaBa HR.

Širina vrata: ca. 2,26 m
Visina vrata: ca. 4,15 m (vrata ca. 2,25 m, nadsvjetlo ca 1,9 m)
Izvedba: Zaokretna vrata, 2-krilna, sa smjerom otvaranja ulijevo ili udesno
Okvir: Aluminijski okvir, s premazom u prahu otpornim na ultraljubičasto zračenje, boja RAL 7047
Krilo vrata: okvir od aluminija ravan izvana, s premazom u prahu i staklenom ispunom, s donjim zatvaračem (falc) ca. 15 mm
Koeficijent toplinske provodljivosti: min. 1,3 W/m2K, a stakla min 1,1 W/m2K
Panti: od nehrđajućeg čelika, skriveni
Okov: ručka s vanjske strane, s unutarnje strane potisna poluga na pomičnoj i nepomičnoj strani, od aluminija, s eloksiranom površinom
Brava na pomičnoj strani vrata: Ugradbena brava sa zasunom, objektne kvalitete, pripremljena za profilni cilindar, s panik funkcijom prema EN 1125, sa samostalnim zaključavanjem.
Gornji zatvarač vrata, na obja krila, s usklađenim mehanizmom zatvarnaja.
Neaktivna brava krila: skrivena bravica u obliku kvake u kvaliteti svojstva, s funkcijom panike prema EN 1125
Kontrola: Magnetni kontakti za kontrolu otvorenosti (2 na pomičnoj strani, 1 na nepomičnoj strani), kontrola zatvorenosti integrirana u bravu, kontakt za zatvoreno stanje na pogonskom zasunu, VdS razred C, prekrivena ugradnja
Boje: sukladno Kauflandovoj paleti boja",1,kom,,,,0,
309.020.00105,,"x..AT3..x - aluminijska evakuacijska dvokrilna vrata dimenzije 2,26 / 2,25 m","POZ A06
Izrada, dobava i postava dvokrilnih staklenih vrata s nadsvjetlom od aluminijskih profila dubine do cca.75mm s prekinutim termičkim mostom s EPDM brtvenim profilima. Ostakljenje od višeslojnog sigurnosnog 2 izolacijskog stakla 2x6mm. Izvedba do gotove funkcionalnosti i prema važećim smjernicama KaBa HR.

Širina vrata: ca. 2,26 m
Visina vrata: ca. 4,15 m (vrata ca. 2,25 m)
Izvedba: Zaokretna vrata, 2-krilna, sa smjerom otvaranja ulijevo ili udesno
Okvir: Aluminijski okvir, s premazom u prahu otpornim na ultraljubičasto zračenje, boja RAL 7047
Krilo vrata: okvir od aluminija ravan izvana, s premazom u prahu i staklenom ispunom, s donjim zatvaračem (falc) ca. 15 mm
Koeficijent toplinske provodljivosti: min. 1,3 W/m2K, a stakla min 1,1 W/m2K
Panti: od nehrđajućeg čelika, skriveni
Okov: s vanjske strane glatko, bez rozeta, s unutarnje strane potisna poluga na pomičnoj i nepomičnoj strani, od aluminija, s eloksiranom površinom
Brava na pomičnoj strani vrata: Ugradbena brava sa zasunom, objektne kvalitete, pripremljena za profilni cilindar, s panik funkcijom prema EN 1125, sa samostalnim zaključavanjem.
Gornji zatvarač vrata, na obja krila, s usklađenim mehanizmom zatvarnaja.
Neaktivna brava krila: skrivena bravica u obliku kvake u kvaliteti svojstva, s funkcijom panike prema EN 1125
Kontrola: Magnetni kontakti za kontrolu otvorenosti (2 na pomičnoj strani, 1 na nepomičnoj strani), kontrola zatvorenosti integrirana u bravu, kontakt za zatvoreno stanje na pogonskom zasunu, VdS razred C, prekrivena ugradnja
Boje: sukladno Kauflandovoj paleti boja",1,kom,,,,0,
309.020.00110,,"x..AT13..x - aluminijska 1-krilna staklena vrata dimenzije 1,16 / 2,16 m, izlaz u slučaju nužde EN 179","POZ F01
Vrata od aluminija i stakla s gornjim prozorom, vanjska vrata kao sustav s cijevnim okvirom i staklenom ispunom, s termički odvojenim šupljim profilima, s dubinom okvira od ca. 75 mm, s ostakljenjem od višeslojne izolacijske površine od laminiranog stakla i EPDM brtvenim profilima, izraditi, isporučiti i montirati.

Širina vrata: ca. 1,16 m
Visina vrata: ca. 2,16 m
Izvedba: Zaokretna vrata, 1-krilna, sa smjerom otvaranja ulijevo ili udesno
Okvir: Aluminijski okvir, s praškastim premazom otpornim na ultraljubičasto zračenje
Krilo vrata: Cijevni okvir od aluminija, s praškastim premazom otpornim na ultraljubičasto zračenje i staklenom ispunom cijelom visinom vrata, s donjim zatvaračem (falc) ca. 15 mm
Koeficijent toplinske provodljivosti: min. 1,3 W/m2K, a stakla min 1,1 W/m2K
Panti: od nehrđajućeg čelika, skriveni
Okov: okov za vrata od plemenitog čelika, unutra kvaka, izvana kugla, izvana dodatno ručka od plemenitog čelika.
Brava: Ugradbena brava sa zasunom, objektne kvalitete, pripremljena za profilni cilindar, s panik funkcijom prema EN 179
Gornji zatvarač: s kliznom šinom s odbojnikom u klizaču, na strani na kojoj se ne nalaze šarke, zatvarač s mogućnosću fiksiranja vrata u otvorenom položaju
Kontrola: Magnetni kontakti za kontrolu otvorenosti (2 na pomičnoj strani), kontakt na zasunu za kontrolu zatvorenosti, VdS razred C, prekrivena ugradnja
Ostalo: blok brava i kodirana brava, električni otvarač vrata, otključavanje brave s kliznim vođenjem, 12V DC, radna struja
Boje: sukladno Kauflandovoj paleti boja",1,kom,,,,0,
309.020.00115,,"x..IT220..x - protupožarna 1-krilna unutarnja aluminijska staklena vrata, dimenzije 1,17 / 2,16 m","POZ F13
Dobava i postava požarnih jednokrilnih staklenih vrata od aluminijskih šupljih profila dubine od cca.65mm. Požarno ostakljenje vrata s laminiranim sigurnosnim staklom (VSG). Profili s falcom za staklo s jedne strane i obrubom za staklo na strani nasuprot pantima, staklo izolirano EPDM-brtvama.

Širina vrata: ca. 1,17 m
Visina vrata: ca. 2,16 m
Izvedba: Zaokretna vrata, 1-krilna, sa smjerom otvaranja ulijevo ili udesno
Okvir: Aluminijski okvir, s premazom u prahu
Krilo vrata: Cijevni okvir od aluminija, s premazom u prahu i staklenom ispunom
Panti: skriveni od nehrđajućeg čelika, dvodijelni, trodimenzionalno podesivi
Garnitura: Garnitura kvake i ručke s ovalnim okvirom za kvaku i bravu, od nehrđajućeg čelika, s mat površinom
Brava: Ugradbena brava sa zasunom, objektne kvalitete, pripremljena za profilni cilindar.
Gornji zatvarač: s kliznom šinom, s ograničenim otvaranjem, na strani na kojoj se nalaze šarke
Protupožarni zahtjev: sprječava širenje vatre, nepropusna i sa samostalnim zatvaranjem, EI2 30 Sa C5 prema DIN EN 13501
Boje: sukladno Kauflandovoj paleti boja
Zidni zaustavljač vrata od mekane plastike, okrugli, promjera ca. 40 mm, s držačem od nehrđajućeg čelika, uklj. sredstva za pričvršćivanje, isporučiti i montirati.",1,kom,,,,0,
309.020.00120,,"x..IT220..x - protupožarna 1-krilna unutarnja aluminijska staklena vrata sa kontrolom pristupa, dimenzije 1,17 / 2,16 m","POZ F04
Dobava i postava jednokrilnih staklenih vrata od aluminijskih šupljih profila dubine od cca.65mm. Ostakljenje vrata s laminiranim sigurnosnim staklom (VSG). Profili s falcom za staklo s jedne strane i obrubom za staklo na strani nasuprot pantima, staklo izolirano EPDM-brtvama.

Širina vrata: ca. 1,17 m
Visina vrata: ca. 2,16 m
Izvedba: Zaokretna vrata, 1-krilna, sa smjerom otvaranja ulijevo ili udesno
Okvir: Aluminijski okvir, s premazom u prahu
Krilo vrata: Cijevni okvir od aluminija, s premazom u prahu i staklenom ispunom
Panti: skriveni od nehrđajućeg čelika, dvodijelni, trodimenzionalno podesivi
Garnitura: Garnitura kvake i ručke s ovalnim okvirom za kvaku i bravu, od nehrđajućeg čelika, s mat površinom
Brava: Ugradbena brava sa zasunom, objektne kvalitete, pripremljena za profilni cilindar.
Gornji zatvarač: s kliznom šinom, s ograničenim otvaranjem, na strani na kojoj se nalaze šarke
Protupožarni zahtjev: sprječava širenje vatre, nepropusna i sa samostalnim zatvaranjem, EI2 30 Sa C5 prema DIN EN 13501
Kontrola: električni otvarač vrata, s otključavanjem brave s kliznim vođenjem, 12V DC, radnom strujom, integriranim kontaktom za povratni signal, za kontrolu pristupa.
Boje: sukladno Kauflandovoj paleti boja",1,kom,,,,0,
309.030,,Staklena fasada,,,,,0,,,
309.030.00100,,x..PRF2..x - staklena fasada sa zaštitom od sunca,"POZ A07
Izrada, dobava i ugradnja ostakljene aluminijske fasadne konstrukcije. Fasadu izraditi od sistema samonosivih plastificiranih aluminijskih horizontalnih i vertikalnih pravokutnih šupljih profila s prekidom toplinskog mosta širine cca.60mm i dubine prema statičkom proračunu. Sve brtve na fasadi od EPDM-a prema DIN 7863. U cijeni stavke uključiti komplet sav potreban rad i materijal prema opisu u troškovniku, kao i sve dodatne radove i materijale potrebne da se izradi kompletna fasada kao oblikovna i funkcionalna cjelina. Svi spojni limovi, opšavi, tolinske izolacije, hidroizolacije i parne brane koje se prema pravilima struke ugrađuju, sastavni su dio ove stavke.
Konstrukcija:
- razmak osi stupova: prema planu fasade
- razmak osi horizontala: prema planu fasade
- osiguranje stakla protiv odvrtanja: npr. kombinacija Secu-Fast vijaka s vijcima s unutarnjim mnogokutom
- pokrovni profili s nevidljivim pričvršćivanjem (stegnuti)
- tip profila: kao Schuco FW 50+ ili jednakovrijedno
- premaz: praškastim premaz otporan na ultraljubičasto zračenje boja RAL7016 ili sukladno Kauflandovoj boji paleta
Ostakljenje:
- Proračun debljine, izradu, obradu i ugradnju stakla izvršiti u skladu s Tehničkim propisom za staklene konstrukcije (NN 153/13, 53/17). Debljine stakla prema potrebi provjeriti od strane ovlaštenog statičara. Kao osiguranje od pucanja kod laminiranog stakla obavezno pobrusiti rubove
- visina ostakljenja: prema planu fasade
- dvoslojno VSG izolacijsko staklo s Low E premaz + ispuna toplinski inertnim plinom argonom (6+16+6) s EPDM brtvenim profilima, odnosno prema statičkom proračunu
- gornji dio stavke (iznad kote spuštenog stropa +3,80m) izvesti u punoj ispuni (sendvič panel)
Koeficijent toplinske provodljivosti (Uw): min. 1,3 W/m2K i odnosi se na cijeli fasadni sustav, dok za ostekljenje vrijedi 1,1 W/m2K
Zaštita od sunca (prema smjernicama iz opisa gradnje KaBa HR):
Vrsta izvedbe 1 - prozirno staklo sa zaštitom od sunca
Prioritet 1
Staklo sa zaštitom od sunca ima prioritet u odnosu na prozirno staklo s roletama.
Preduvjet: Bez zasljepljivanja radnih mjesta zbog sunčevog zračenja!
Aspekti: Smanjenje investicije, montaže i instalacije. Izbjegavanje troškova za čišćenje, održavanje, popravak roleta. Vidljivost je uvijek dana
Karakteristike stakla i kriteriji za prozirno staklo sa zaštitom od sunca
Početak: prozirno staklo sa zaštitom od sunca
Ukupna propusnost energije (g-vrijednost / SHGC - koeficijent solarnog toplinskog prirasta): otpr. 30 - 20 %
Što je niža vrijednost SHGC, manje topline zračenja (sunca) dolazi izvana prema unutra
Propust svjetlosti (TL): približno 62 - 45 %
što je manja propusnost svjetla (TL), manje svjetla dolazi izvana
Staklo sa zaštitom od sunca s nižom propusnošću svjetlosti (TL: pribl. 50-45 %) prikladnije je za fasade s duljim/intenzivnijim sunčevim zračenjem, npr. orijentacije zapad/sjeverozapad.
Moraju se uzeti u obzir mogući efekti refleksije od susjednih zgrada.
Stakla na vrijeme ispitati.",52,m2,,,,0,
309.040,,Vjetrobran,,,,,0,,,
309.040.00100,,x..AT1..x - vanjska automatska klizna vrata dim. [250/230] m,"POZ A01
Dobava i ugradnja vanjskih evakucijskih automatskih kliznih vrata u pripremljeni otvor u vanjskoj fasadnoj staklenoj stijeni. Automatska vrata treba konstruirati tako, da ne može doći do gnječenja i uklještenja. Mjesta na kojima može doći do uklještenja trebaju se osigurati mekanim gumenim brtvenim profilima. Na elemente okvira paralelno s unutarnje i vanjske strane treba postaviti staklo. Razmak između sporednih rubova zatvaranja i bočnih površina mora uvijek biti veći od 200 mm.

Izvedba: evakuacijska klizna vrata s 2 krila
Krila vrata: Okvir od aluminija, s praškastim premazom otpornim na ultraljubičasto zračenje i ostakljenje s dvoslojnim VSG izolacijskim staklom s Low E premaz + ispuna toplinski inertnim plinom argonom (6+16+6) s EPDM brtvenim profilima. Klizna vrata u fino uokvirenoj izvedbi, dubina profila cca. 30 - 40 mm,ovisno o proizvođaču.
Pogon: Pogon kliznih vrata s modularnim sastavom i tihom kliznom šinom, brzina otvaranja i zatvaranja 0,5-0,7 m/s po krilima, 80 % širine otvara se unutar 3 sekunde u slučaju nužde
Upravljanje: Mikroprocesorska upravljačka jedinica, s vremenom otvorenosti od 0 do 180 sekundi i sljedećim radnim programima: Isključeno, Automatski, Otvoreno, Izlaz, podesivo pomoću programske sklopke
Sigurnosna oprema: Sigurnosna oprema odabire se prema državnim propisima i direktivama, ali minimalno je potrebna: Samostalna regulacija i nadzor kretnje krila, okretanje smjera u slučaju nailaženja na prepreku, samostalna provjera sigurnosnih uređaja, sklopka za isključivanje u slučaju nužde.
Aktivacija: obostrani kombinirani detektor s radarskim senzorom (za detekciju pokreta) i infracrveni senzor (za nadzor prisutnosti), sklopka s ključem s unutarnje strane
Zaključavanje: Elektromehaničko standardno zaključavanje s ručnim otključavanjem s unutarnje strane, mehaničko zaključavanje putem brave s kukastim zasunom s unutarnje strane
Kontrola: Stanja vrata putem bespotencijalnog kontakta na protuprovalnoj centrali
Zaštita od sunca (ostakljenje) potrebno izvesti identično kao za stavku u koju se ugrađuje kako bi se postigao uejdnačen izgled i svojstvo fasade.",1,kom,,,,0,
309.040.00105,,"x..AT1..x - unutarnja staklena stijena za ugradnju kliznih vrata dim. [ 6,5 / 3,8 ] m","POZ A02
Izrada, dobava i ugradnja unutarnje staklene stijene sa nadsvjetlom za ugradnju automatskih kliznih vrata. Fasadu izraditi od sistema samonosivih plastificiranih aluminijskih horizontalnih i vertikalnih pravokutnih šupljih profila s prekidom toplinskog mosta širine cca.60mm i dubine prema statičkom proračunu. Sve brtve na fasadi od EPDM-a prema DIN 7863. U cijeni stavke uključiti komplet sav potreban rad i materijal prema opisu u troškovniku, kao i sve dodatne radove i materijale potrebne da se izradi kompletna fasada kao oblikovna i funkcionalna cjelina.
Konstrukcija:
- razmak osi stupova: prema planu fasade
- visina podjele stijene po horizontali: 2300 mm
- osiguranje stakla protiv odvrtanja: npr. kombinacija Secu-Fast vijaka s vijcima s unutarnjim mnogokutom
- pokrovni profili s nevidljivim pričvršćivanjem (stegnuti)
- tip profila: kao Schuco FW 50+ ili jednakovrijedno
- premaz: praškastim premaz otporan na ultraljubičasto zračenje boja RAL7016 ili sukladno Kauflandovoj boji paleta
- proširenje zadnjeg lijevog ili desnog profila za ugradnju pogonske i upravljačke jedinice
Ostakljenje:
- Proračun debljine, izradu, obradu i ugradnju stakla izvršiti u skladu s Tehničkim propisom za staklene konstrukcije (NN 153/13, 53/17). Debljine stakla prema potrebi provjeriti od strane ovlaštenog statičara. Kao osiguranje od pucanja kod laminiranog stakla obavezno pobrusiti rubove
- visina ostakljenja: prema planu fasade
- jednoslojno VSG izolacijsko staklo 8mm s EPDM brtvenim profilima, odnosno prema statičkom proračunu",25,m2,,,,0,
309.040.00106,,"x..AT1..x - unutarnja automatska klizna vrata dim. [ 2,5 / 2,3 ] m","POZ A02
Dobava i ugradnja unutarnjih evakucijskih automatskih kliznih vrata u pripremljeni otvor u unutarnjoj staklenoj stijeni. Automatska vrata treba konstruirati tako, da ne može doći do gnječenja i uklještenja. Mjesta na kojima može doći do uklještenja trebaju se osigurati mekanim gumenim brtvenim profilima. Na elemente okvira paralelno s unutarnje i vanjske strane treba postaviti staklo. Razmak između sporednih rubova zatvaranja i bočnih površina mora uvijek biti veći od 200 mm.

Izvedba: evakuacijska klizna vrata s 2 krila
Krila vrata: Okvir od aluminija, s praškastim premazom otpornim na ultraljubičasto zračenje i ostakljenje s jednoslojnim VSG izolacijskim staklom 8mm s EPDM brtvenim profilima. Klizna vrata u fino uokvirenoj izvedbi, dubina profila cca. 30 - 40 mm,ovisno o proizvođaču.
Pogon: Pogon kliznih vrata s modularnim sastavom i tihom kliznom šinom, brzina otvaranja i zatvaranja 0,5-0,7 m/s po krilima, 80 % širine otvara se unutar 3 sekunde u slučaju nužde
Upravljanje: Mikroprocesorska upravljačka jedinica, s vremenom otvorenosti od 0 do 180 sekundi i sljedećim radnim programima: Isključeno, Automatski, Otvoreno, Izlaz, podesivo pomoću programske sklopke
Sigurnosna oprema: Sigurnosna oprema odabire se prema državnim propisima i direktivama, ali minimalno je potrebna: Samostalna regulacija i nadzor kretnje krila, okretanje smjera u slučaju nailaženja na prepreku, samostalna provjera sigurnosnih uređaja, sklopka za isključivanje u slučaju nužde.
Aktivacija: obostrani kombinirani detektor s radarskim senzorom (za detekciju pokreta) i infracrveni senzor (za nadzor prisutnosti), sklopka s ključem s unutarnje strane
Zaključavanje: Elektromehaničko standardno zaključavanje s ručnim otključavanjem",1,kom,,,,0,
309.040.00110,,x..AT1..x - satenske trake na kliznim krilima,"Dobava i postava lijepljenjem na klizna krila automatskih vrata satinirane trake širine 20cm. Postava na visini od 1,5-1,7m mjereno od gotovog poda.

Referentni proizvod: Oracal 8510-90, fino srebro, ili istovjetno",5,m,,,,0,
309.040.00115,,x..RS28..x - Zaštita od nehrđajućeg čelika,"Zaštitu rubova, od nehrđajućeg čelika V4A, s brušenom (240 granulacija) i četkanom površinom, debljine materijala od min. 2 mm, u više dijelova s kutovima različitih dimenzija, pojedinačne dužine 2,3 m, za vanjsku zaštitu dviju vertikalnih unutarnjih površina u otvoru za automatska vrata, izraditi, isporučiti, zalijepiti i po potrebi dodatno mehnički pričvrstiti.

Jedinična cijena po automatskim vratima.",2,kom,,,,0,
309.040.00120,,x..BS4..x - Podni prag kao razdvojni profil od nehrđajučeg ćelika,"Podni prag kao razdvojni profil, od nehrđajućeg čelika V4A, debljine materijala od minimalno 3 mm, sa širinom prilagođenom stupovima i automatskim vratima, u U obliku, s blago zaobljenim rubovima, u različitim pojedinačnim dužinama, isporučiti, postaviti u jednoj liniji i na ispravnoj visini ispod automatskih vrata i pričvrstiti.",2.5,m,,,,0,
309.050,,Sustavi izloga,,,,,0,,,
309.060,,Staklene pregrade,,,,,0,,,
309.070,,Ostali,,,,,0,,,
309.070.00100,,"x... VD2 - stubište sa staklenom nadstrešnicom, dimenzije cca 1,50 / 1,30 m","POZ 801
Staklenu nadstrešnicu, slobodno viseću, s podkonstrukcijom od nehrđajućeg čelika V4A, s brušenom (granulacija 240) i četkanom površinom, umetkom od sigurnosnog stakla za zaštitu od propadanja, pričvršćenu pomoću letvi za držanje stakla, za nagibe krove od ca. 5 % na vanjsku stranu, sa slobodnim odvodnjavanjem preko ruba krova, izraditi, isporučiti i montirati.

Širina: 1,50m
Dubina: ca. 1,30 m",1,kom,,,,0,
310,,Plastični prozori,,,,,0,,,
310.000,,Prethodne napomene,,,,,0,,,
,,ZTV - Dodatni tehnički uvjeti ugovora,"1.) Dodatni ugovoreni tehnički uvjeti dio su troškovnika te u slučaju ugovaranja postaju dio ugovora. Izvođač radova se dakle obavezuje na sve radove i primjene koje proizlaze iz ovih uvjeta te su one uračunate u cijenu, ukoliko nisu zasebno ponuđene.

2.) Cijene stavki se prikazuju kao neto iznos u državnoj valuti. Važeći zakonski propisani porez na dodanu vrijednost obračunava se zasebno.

3.) U slučaju proturječnosti dodatnih ugovorenih tehničkih uvjeta vrijede prvenstveno podaci iz troškovnika. U slučaju proturječnosti između troškovnika i tehničke dokumentacije koja se predaje prilikom natječaja, vrijedi tehnička dokumentacija.

4.) Prije početka davanja ponude, ponuditelj je dužan pažljivo pročitati kompletan tekst općih uvjeta uz troškovnik, općih i posebnih uvjeta uz svaku grupu radova, tekst samog troškovnika i ostale dijelove tehničke dokumentacije. Ako opis bilo koje stavke u troškovniku dovodi do sumnje o načinu izvedbe ili upotrebu gradiva zahtijevane kvalitete, treba prije predaje ponude zatražiti pojašnjenje od ovlaštene osobe Investitora. Naknadno pozivanje na manjkavost ili nepoznavanje projektno-tehničke dokumentacije ili opisa u troškovniku neće se uzeti u obzir, niti smatrati razlogom za produženje roka izvedbe, a niti će se priznati bilo kakva razlika u cijeni s tog naslova.

5.) Tehnička dokumentacija koja se predaje prilikom natječaja informativnog je karaktera, a ponuđač je dužan u svom trošku izvršiti kontrolu projektno tehničke dokumentacije u smislu točnosti, tehničke ispravnosti, izvedivosti i međusobne usklađenosti. Sve eventualne primjedbe ponuditelj/izvoditelj dužan je pravovremeno uz ponudu, a u svakom slučaju prije izvedbe u pisanom obliku dostaviti Nadzoru i Naručitelju

6.) Ponuditelj je dužan provesti i kontrolu lokacije na licu mjesta prije davanja ponude. Jedinične cijene za pojedine vrste radova sadrže i sve one posredne troškove koji nisu iskazani u troškovniku, ali su neminovni za izvršenje radova predviđenih projektom.

7.) Organizacija gradilišta uračunata je u cijenu, ukoliko nije ponuđena kao zasebna stavka.

8.) Dizalice za podizanje, skele, strojevi, alati, pomoćna sredstva i konstrukcije uzeti su u obzir te su uračunati u jediničnu cijenu.

9.) Skele za radove na fasadi i radove na krovu predmet su ovog natječaja. Ponuditelj smije koristiti postojeće skele uz poštivanje sigurnosnih uvjeta i na vlastitu odgovornost. Preinake na skelama nisu dozvoljene te se one moraju predati u ispravnom stanju u kojem su i preuzete.

10.) Kompletnu režiju gradilišta usigurava i rješava ponuditelj/izvođač i i uključena je u jediničnu cijenu.

11.) Ponuditelj je obvezan redovno prikupljati i ,pravilno skladištiti i odvoziti na ovlašteni deponij sve otpadne materijale, ostatke, krhotine, građevinski otpad, ambalaže, obični otpad i slično o vlastitom trošku. Kod odlaganja otpada potrebno je pridržavati se svih javnopravnih uputa i propisa.

12.) Onečišćenja koja uslijed radova nastaju na susjednim terenima, zgradama, putovima, cestama, trgovima i slično, izvođač radova treba svakodnevno čistiti.

13.) Izvođač preuzima odgovornost za osiguravanje, skladištenje i spremanje vlastite građevinske opreme, strojeva, uređaja, alata i slično. Jednako vrijedi i za građevinske materijale, elemente i za ugradnju određenih uređaja i objekata sve do primopredaje obavljenih građevinskih radova.

14.) Prilikom izvođenja radova, izvoditelj treba zaštititi sve susjedne plohe, dijelove konstrukcije i prethodno izvedene radove na prikladan način a u skladu sa pravilima zaštite na radu, tako da ne dođe do oštećenja istih. Troškove zaštite treba izvoditelj ukalkulirati u ponudbenu cijenu izvođenja radova. Ukoliko ipak dođe do oštećenja prethodno izvedenih radova za koje je odgovoran izvoditelj ili njegov kooperant, dužan je iste o svom trošku dovesti u stanje prije oštećenja ili naručiti iste radove kod drugog izvoditelja na svoj teret.

15.) Sve potrebne mjere prema javnopravnim uputama i propisima za sigurnost i zaštitu zdravlja trebaju se uzeti u obzir te ih se treba pridržavati prilikom izvođenja radova.

16.) Prilikom davanja ponude i izvođenja radova treba se uzeti u obzir, uračunati i pridržavati se
- svih državnih i javnopravnih zakona, smjernica i propisa
- svih odgovarajućih tehničkih standarda, pravila i smjernica
- općeprihvaćenih pravila tehnike
- uputa, propisa i napomena proizvođača za ugradnju i obradu
- Kauflandovih građevinskih opisa, ugovorenih uvjeta i ostalih Kauflandovih dokumenata i planova.

17.) Stavke troškovnika obuhvačaju konačno dovršenje radova definiranih po količini i kvaliteti, onosno podrazumijevaju se kao gotove, potpune i funkcionirajuće, uklj. sve potrebne male dijelove i sredstva za pričvršćivanje, pomoćne materijale i sredstva, podkonstrukcije itd., kao i sve dodatne i posebne usluge - čak i kada one nisu detaljno opisane.

18.) Ako su treće stranke uključene u izvođenje predradnji, izvođač radova ih treba provjeravati. U slučaju nepravilnosti ili prigovora pravovremeno treba informirati naručitelja, tako da može tehnički i organizacijski dovršiti poslove.

19.) Obavezno se treba pridržavati svih Kauflandovih proizvodnih uputa, osim ako postoje opravdani razlozi za odstupanje (npr. dostupnost). U tom slučaju izvođač treba ponuditi istovjetni proizvod ili sustav te potvrditi istovjetnost. O njoj odlučuje naručitelj.

20.) Sustavi se izvode isključivo pomoću komponenata koje su predviđene od strane proizvođača sustava.

21.) Svi materijali, građevinski elementi i uređaji koji neposredno utječu na izgled i funkcionalnost prije ugradnje se trebaju provjeriti. Ugrađuju se tek nakon što naručitelj ili ovlaštena osoba odobri ugradnju na gradilištu. O vrsti i obliku uzorka odlučuje naručitelj.

22.) Ako nije drukčije propisano, izmjene postojećih projektnih rješenja od strane ponuditelja/izvođača a koje utječu na mehaničku stabilnost, ponuditelj/izvođač je dužan u svom trošku ishoditi sve suglasnosti, dozvole i sl.
Projekt izvedenog stanja ukalkulirati u jedničnu cijenu te dostaviti Kauflandu u pisanom i digitalnom obliku.

23.) Svi radovi na objektu te primjenjeni sistemi gradnje moraju biti izvedeni prema pravilu struke, odnosnu u granicama dopuštenih tolerancija.

24.) Ukoliko je ugovoreni termin izvršenja objekta uključen i zimski odnosno ljetni period, to se neće posebno izvođaču priznavati na ime naknade za rad pri niskoj temperaturi, zaštita konstrukcija od hladnoće i vrućine, te atmosferskih nepogoda, sve mora biti uključeno u jediničnu cijenu. Za vrijeme zime objekat se mora zaštititi. Svi eventualni smrznuti dijelovi moraju se ukloniti i izvesti ponovo bez bilo kakve naplate. Ukoliko je temperatura niža od temperature pri kojoj je dozvoljen dotični rad, a Investitor ipak traži da se radi, Izvođač si ima pravo zaračunati naknadu po normi 6,006 ali u tom slučaju Izvođač snosi punu odgovornost za ispravnost i kvalitetu rada. To isto vrijedi i za zaštitu radova tokom ljeta od prebrzog sušenja uslijed visoke temperature.

25.) U jediničnu cijenu rada izvođač treba obuhvatiti i slijedeće radove, koji se neće zasebno platiti kao naknadni rad, čak i ako nisu izričito navedenei u troškovniku:
- sve vrste transporta građevinskih materijala, elemenata, uređaja, objekata itd. do mjesta ugradnje
- potrebne i uobičajene pripreme i predobrade tla
- sve vrste bušenja, zavarivanja, lijepljenja, malih dijelova, sredstava za pričvršćivanje, međupoložaja, izolacije, brtvljenja, folija, spojeva itd. koje su potrebne za priključak, montažu i pričvršćivanje građevinskih dijelova i elemenata
- stručna priprema i priključak na sve okolne dijelove, ugradbene i nadgradne elemente i propuste
- sve izrade kutova, spojnih površina i elemenata, završnih elemenata, slobodnih krajeva itd.
- sve podloge za montažu, priključak i pričvršćivanje kao što su beton, zidani elementi, čelik, aluminij, limovi, gips karton, itd.
- potrebne spojne, kose i okrugle rezove te ostatke rezanja
- Izrada otvora i proreza za instalacije i ugradbene elemente drugih izvođača
- interno povezivanje kablovima i priključak objekata, dovod prema električnim trošilima na gradilištu od strane elektro izvođača",,,,,,,
,,Ostale usluge plastičnih prozora,"U sljedećim pozicijama potrebno je uzeti u obzir i uračunati sljedeće usluge, čak i ako nisu izričito navedene:
- obojane limove i pravokutne dijelove za priključke, krajeve i prijelaze
- eventualna oštećenja na površini i / ili slojevima pravilno ukloniti
- potrebne podkonstrukcije i pojačanja
- Prihvate za fuge na građevinama i promjene dužina uslijed temperaturnih varijacija
- kontrolirano odvođenje kišnice i kišnice nošene vjetrom
- Zaštitu građevinskih priključaka protiv kišnice s vanjske strane, odnosno pare s unutarnje strane
- interno povezivanje kablovima na prozorima, koristiti profile za prekrivanje kabela
- Pričvršćivanje klupice za prozor s odgovarajućim kutovima, sa zaštitnom folijom za zvučnu izolaciju, brtvom od elastomernog profila te bočnom i donjom trajno elastičnom brtvom na bazi thiokola",,,,,,,
310.010,,PVC prozori,,,,,0,,,
310.010.00100,,"x..AF1..x - PVC otklopni prozor dim [1,26 / 1,4] m","POZ P05
Dobava, izvedba i ugradnja vanjskog otklopnog PVC prozora s višekomornim profilnim sustavom i dvije brtve dubine od cca.70mm. Prošireni nadvojni profil, visina 200 mm (nije iskazan u dimenziji stavke, ali je uključen u cijenu). Okvir pripravljen za spajanje s prozorskom klupicom. Dvoslojno izolacijsko float staklo. U cijeni stavke uključiti komplet sav potreban rad i materijal prema opisu u troškovniku, kao i sve dodatne radove i materijale potrebne da se izradi kompletni prozor kao oblikovna i funkcionalna cjelina.

Izvedba: prozor s otklopnim krilom
Širina prozora: 1,26 m
Visina prozora: 1,4 m
Koeficijent toplinske provodljivosti: min. 1,3 W/m2K. Zahtijevani koeficijent prolaza topline Uw odnosi se na cijeli prozor i uzima u obzir koeficijent prolaza topline okvira (Uf), ostakljenja (Ug min. 1,1 W/m2K) i profila za održavanje razmaka izolacijskog ostakljenja (y-vrijednost).)
Kontrola: Kontakt na zasunu za kombiniranu kontrolu otvaranja i zatvaranja, VdS razred C, skrivena ugradnja
Okovi: Ručka prozora, od aluminija, s eloksiranom površinom. Panti skriveni.
Vanjska klupica za prozor: od ekstrudiranog aluminijskog profila, debljina 2 mm, boja RAL7047 - anthrazitgrau, praškasti premaz. 50 mm izbočena iz fasade, bočno izvučena za spoj sa zidom, sidrenje s podesivim kutnikom za učvršćivanje uglavljenim odozdo, antivibracijska traka.
Boje: sukladno Kauflandovoj paleti boja",1,kom,,,,0,
310.010.00105,,"x..AF1..x - PVC zaokterno otklopni prozor dim [1,26 / 1,7] m","POZ P10
Dobava, izvedba i ugradnja vanjskog zaokretno-otklopnog PVC prozora s višekomornim profilnim sustavom i dvije brtve dubine od cca.70mm. Prošireni nadvojni profil, visina 200 mm (nije iskazan u dimenziji stavke, ali je uključen u cijenu). Okvir pripravljen za spajanje s prozorskom klupicom. Dvoslojno izolacijsko float staklo. U cijeni stavke uključiti komplet sav potreban rad i materijal prema opisu u troškovniku, kao i sve dodatne radove i materijale potrebne da se izradi kompletni prozor kao oblikovna i funkcionalna cjelina.

Izvedba: prozor s zaokretno-otklopnim krilom
Širina prozora: 1,26 m
Visina prozora: 1,7 m
Koeficijent toplinske provodljivosti: min. 1,3 W/m2K. Zahtijevani koeficijent prolaza topline Uw odnosi se na cijeli prozor i uzima u obzir koeficijent prolaza topline okvira (Uf), ostakljenja (Ug min. 1,1 W/m2K) i profila za održavanje razmaka izolacijskog ostakljenja (y-vrijednost).)
Kontrola: Kontakt na zasunu za kombiniranu kontrolu otvaranja i zatvaranja, VdS razred C, skrivena ugradnja
Okovi: Ručka prozora, od aluminija, s eloksiranom površinom. Panti skriveni.
Vanjska klupica za prozor: od ekstrudiranog aluminijskog profila, debljina 2 mm, boja RAL 7016 - anthrazitgrau, praškasti premaz. 50 mm izbočena iz fasade, bočno izvučena za spoj sa zidom, sidrenje s podesivim kutnikom za učvršćivanje uglavljenim odozdo, antivibracijska traka.
Boje: sukladno Kauflandovoj paleti boja",1,kom,,,,0,
310.010.00110,,"x..AF1..x - PVC dvodijelni zaokretno otklopni prozor visine 1,7 m","POZ P07
Dobava, izvedba i ugradnja vanjskog dvodijelnog zaokretno-otklopnog PVC prozora s višekomornim profilnim sustavom i dvije brtve dubine od cca.70mm. Prošireni nadvojni profil, visina 200 mm (nije iskazan u dimenziji stavke, ali je uključen u cijenu). Okvir pripravljen za spajanje s prozorskom klupicom. Dvoslojno izolacijsko float staklo. U cijeni stavke uključiti komplet sav potreban rad i materijal prema opisu u troškovniku, kao i sve dodatne radove i materijale potrebne da se izradi kompletni prozor kao oblikovna i funkcionalna cjelina.

Izvedba: dvodijelni prozor sa fiksnim ostakljenjem i prozorom sa zaokretnim/otklopnim krilima rastera 1,26 m, uklj. spojne i panel površine
Visina prozora: 1,7 m
Koeficijent toplinske provodljivosti: min. 1,3 W/m2K. Zahtijevani koeficijent prolaza topline Uw odnosi se na cijeli prozor i uzima u obzir koeficijent prolaza topline okvira (Uf), ostakljenja (Ug min. 1,1 W/m2K) i profila za održavanje razmaka izolacijskog ostakljenja (y-vrijednost).)
Kontrola: Kontakt na zasunu za kombiniranu kontrolu otvaranja i zatvaranja, VdS razred C, skrivena ugradnja
Okovi: Ručka prozora, od aluminija, s eloksiranom površinom. Panti skriveni.
Vanjska klupica za prozor: od ekstrudiranog aluminijskog profila, debljina 2 mm, boja RAL 7016 - anthrazitgrau, praškasti premaz. 50 mm izbočena iz fasade, bočno izvučena za spoj sa zidom, sidrenje s podesivim kutnikom za učvršćivanje uglavljenim odozdo, antivibracijska traka.
Boje: sukladno Kauflandovoj paleti boja",2.51,m,,,,0,
310.010.00115,,"x..AF1..x - PVC dvodijelni zaokretno otklopni prozor visine 1,7 m","POZ P15
Dobava, izvedba i ugradnja vanjskog dvodijelnog zaokretno-otklopnog PVC prozora s višekomornim profilnim sustavom i dvije brtve dubine od cca.70mm. Prošireni nadvojni profil, visina 200 mm (nije iskazan u dimenziji stavke, ali je uključen u cijenu). Okvir pripravljen za spajanje s prozorskom klupicom. Dvoslojno izolacijsko float staklo. U cijeni stavke uključiti komplet sav potreban rad i materijal prema opisu u troškovniku, kao i sve dodatne radove i materijale potrebne da se izradi kompletni prozor kao oblikovna i funkcionalna cjelina.

Izvedba: dvodijelni prozor sa fiksnim ostakljenjem i prozorom sa zaokretnim/otklopnim krilima rastera 1,26 m, uklj. spojne i panel površine
Visina prozora: 1,7 m
Koeficijent toplinske provodljivosti: min. 1,3 W/m2K. Zahtijevani koeficijent prolaza topline Uw odnosi se na cijeli prozor i uzima u obzir koeficijent prolaza topline okvira (Uf), ostakljenja (Ug min. 1,1 W/m2K) i profila za održavanje razmaka izolacijskog ostakljenja (y-vrijednost).)
Kontrola: Kontakt na zasunu za kombiniranu kontrolu otvaranja i zatvaranja, VdS razred C, skrivena ugradnja
Okovi: Ručka prozora, od aluminija, s eloksiranom površinom. Panti skriveni.
Vanjska klupica za prozor: od ekstrudiranog aluminijskog profila, debljina 2 mm, boja RAL 7016 - anthrazitgrau, praškasti premaz. 50 mm izbočena iz fasade, bočno izvučena za spoj sa zidom, sidrenje s podesivim kutnikom za učvršćivanje uglavljenim odozdo, antivibracijska traka.
Boje: sukladno Kauflandovoj paleti boja",2.51,m,,,,0,
310.010.00120,,"x..AF1..x - PVC dvodijelni zaokretno otklopni prozor visine 1,7 m","POZ P16
Dobava, izvedba i ugradnja vanjskog dvodijelnog zaokretno-otklopnog PVC prozora s višekomornim profilnim sustavom i dvije brtve dubine od cca.70mm. Prošireni nadvojni profil, visina 200 mm (nije iskazan u dimenziji stavke, ali je uključen u cijenu). Okvir pripravljen za spajanje s prozorskom klupicom. Dvoslojno izolacijsko float staklo. U cijeni stavke uključiti komplet sav potreban rad i materijal prema opisu u troškovniku, kao i sve dodatne radove i materijale potrebne da se izradi kompletni prozor kao oblikovna i funkcionalna cjelina.

Izvedba: dvodijelni uglovni prozor sa fiksnim ostakljenjem i prozorom sa zaokretnim/otklopnim krilima rastera 1,26 m, uklj. spojne i panel površine
Visina prozora: 1,7 m
Koeficijent toplinske provodljivosti: min. 1,3 W/m2K. Zahtijevani koeficijent prolaza topline Uw odnosi se na cijeli prozor i uzima u obzir koeficijent prolaza topline okvira (Uf), ostakljenja (Ug min. 1,1 W/m2K) i profila za održavanje razmaka izolacijskog ostakljenja (y-vrijednost).)
Kontrola: Kontakt na zasunu za kombiniranu kontrolu otvaranja i zatvaranja, VdS razred C, skrivena ugradnja
Okovi: Ručka prozora, od aluminija, s eloksiranom površinom. Panti skriveni.
Vanjska klupica za prozor: od ekstrudiranog aluminijskog profila, debljina 2 mm, boja RAL 7016 - anthrazitgrau, praškasti premaz. 50 mm izbočena iz fasade, bočno izvučena za spoj sa zidom, sidrenje s podesivim kutnikom za učvršćivanje uglavljenim odozdo, antivibracijska traka.
Boje: sukladno Kauflandovoj paleti boja",2.51,m,,,,0,
310.010.00125,,"x..AF1..x - PVC  višedijelni zaokretno otklopni prozor visine 1,7 m","POZ P08
Dobava, izvedba i ugradnja vanjskog dvodijelnog ili višedijelnog zaokretno-otklopnog PVC prozora s višekomornim profilnim sustavom i dvije brtve dubine od cca.70mm. Prošireni nadvojni profil, visina 200 mm (nije iskazan u dimenziji stavke, ali je uključen u cijenu). Okvir pripravljen za spajanje s prozorskom klupicom. Dvoslojno izolacijsko float staklo. U cijeni stavke uključiti komplet sav potreban rad i materijal prema opisu u troškovniku, kao i sve dodatne radove i materijale potrebne da se izradi kompletni prozor kao oblikovna i funkcionalna cjelina.

Izvedba: prozorska traka s prozorima sa zaokretnim/otklopnim krilima rastera 1,26 m, uklj. spojne i panel površine
Visina prozora: 1,7 m
Koeficijent toplinske provodljivosti: min. 1,3 W/m2K. Zahtijevani koeficijent prolaza topline Uw odnosi se na cijeli prozor i uzima u obzir koeficijent prolaza topline okvira (Uf), ostakljenja (Ug min. 1,1 W/m2K) i profila za održavanje razmaka izolacijskog ostakljenja (y-vrijednost).)
Kontrola: Kontakt na zasunu za kombiniranu kontrolu otvaranja i zatvaranja, VdS razred C, skrivena ugradnja
Okovi: Ručka prozora, od aluminija, s eloksiranom površinom. Panti skriveni.
Vanjska klupica za prozor: od ekstrudiranog aluminijskog profila, debljina 2 mm, boja RAL 7016 - anthrazitgrau, praškasti premaz. 50 mm izbočena iz fasade, bočno izvučena za spoj sa zidom, sidrenje s podesivim kutnikom za učvršćivanje uglavljenim odozdo, antivibracijska traka.
Boje: sukladno Kauflandovoj paleti boja",6.26,m,,,,0,
310.010.00130,,"x..AF3..x - PVC otklopni prozor dim [1,01 / 0,6] m","POZ P03, POZ P04, POZ P06, POZ P11, POZ P12
Dobava, izvedba i ugradnja vanjskog otklopnog PVC prozora s višekomornim profilnim sustavom i dvije brtve dubine od cca.70mm. Prošireni nadvojni profil, visina 200 mm (nije iskazan u dimenziji stavke, ali je uključen u cijenu). Okvir pripravljen za spajanje s prozorskom klupicom. Dvoslojno izolacijsko neprozirno satinirano float staklo. U cijeni stavke uključiti komplet sav potreban rad i materijal prema opisu u troškovniku, kao i sve dodatne radove i materijale potrebne da se izradi kompletni prozor kao oblikovna i funkcionalna cjelina.

Izvedba: prozor s otklopnim krilom
Širina prozora: 1,01 m
Visina prozora: 0,6 m
Koeficijent toplinske provodljivosti: min. 1,3 W/m2K. Zahtijevani koeficijent prolaza topline Uw odnosi se na cijeli prozor i uzima u obzir koeficijent prolaza topline okvira (Uf), ostakljenja (Ug min. 1,1 W/m2K) i profila za održavanje razmaka izolacijskog ostakljenja (y-vrijednost).)
Kontrola: Kontakt na zasunu za kombiniranu kontrolu otvaranja i zatvaranja, VdS razred C, skrivena ugradnja
Okovi: Poluga za otvaranje/zatvaranje prozora, s eloksiranom površinom, sa zaključavanjem, osigurana protiv pogrešne upotrebe.
Vanjska klupica za prozor: od ekstrudiranog aluminijskog profila, debljina 2 mm, boja RAL 7047 - anthrazitgrau, praškasti premaz. 50 mm izbočena iz fasade, bočno izvučena za spoj sa zidom, sidrenje s podesivim kutnikom za učvršćivanje uglavljenim odozdo, antivibracijska traka.
Boje: sukladno Kauflandovoj paleti boja",5,kom,,,,0,
310.010.00135,,"x..AF3..x -  PVC dvodijelni otklopni prozor visine 0,6 m","POZ P02
Dobava, izvedba i ugradnja vanjskog dvodijelnog otklopnog PVC prozora s višekomornim profilnim sustavom i dvije brtve dubine od cca.70mm. Prošireni nadvojni profil, visina 200 mm (nije iskazan u dimenziji stavke, ali je uključen u cijenu). Okvir pripravljen za spajanje s prozorskom klupicom. Dvoslojno izolacijsko neprozirno satinirano float staklo. U cijeni stavke uključiti komplet sav potreban rad i materijal prema opisu u troškovniku, kao i sve dodatne radove i materijale potrebne da se izradi kompletni prozor kao oblikovna i funkcionalna cjelina.

Izvedba: prozorska traka, s prozorima s otklopnim krilima rastera 1,01 m, uklj. spojne i panel površine
Visina prozora: 0,6 m
Koeficijent toplinske provodljivosti: min. 1,3 W/m2K. Zahtijevani koeficijent prolaza topline Uw odnosi se na cijeli prozor i uzima u obzir koeficijent prolaza topline okvira (Uf), ostakljenja (Ug min. 1,1 W/m2K) i profila za održavanje razmaka izolacijskog ostakljenja (y-vrijednost).)
Kontrola: Kontakt na zasunu za kombiniranu kontrolu otvaranja i zatvaranja, VdS razred C, skrivena ugradnja
Okovi: Poluga za otvaranje/zatvaranje prozora, s eloksiranom površinom, sa zaključavanjem, osigurana protiv pogrešne upotrebe.
Vanjska klupica za prozor: od ekstrudiranog aluminijskog profila, debljina 2 mm, boja RAL 7047 - anthrazitgrau, praškasti premaz. 50 mm izbočena iz fasade, bočno izvučena za spoj sa zidom, sidrenje s podesivim kutnikom za učvršćivanje uglavljenim odozdo, antivibracijska traka.
Boje: sukladno Kauflandovoj paleti boja",2.01,m,,,,0,
310.010.00140,,"x..AF3..x -  PVC dvodijelni otklopni prozor visine 0,6 m","POZ P13
Dobava, izvedba i ugradnja vanjskog dvodijelnog otklopnog PVC prozora s višekomornim profilnim sustavom i dvije brtve dubine od cca.70mm. Prošireni nadvojni profil, visina 200 mm (nije iskazan u dimenziji stavke, ali je uključen u cijenu). Okvir pripravljen za spajanje s prozorskom klupicom. Dvoslojno izolacijsko neprozirno satinirano float staklo. U cijeni stavke uključiti komplet sav potreban rad i materijal prema opisu u troškovniku, kao i sve dodatne radove i materijale potrebne da se izradi kompletni prozor kao oblikovna i funkcionalna cjelina.

Izvedba: prozorska traka, s prozorima s otklopnim krilima rastera 1,01 m, uklj. spojne i panel površine
Visina prozora: 0,6 m
Koeficijent toplinske provodljivosti: min. 1,3 W/m2K. Zahtijevani koeficijent prolaza topline Uw odnosi se na cijeli prozor i uzima u obzir koeficijent prolaza topline okvira (Uf), ostakljenja (Ug min. 1,1 W/m2K) i profila za održavanje razmaka izolacijskog ostakljenja (y-vrijednost).)
Kontrola: Kontakt na zasunu za kombiniranu kontrolu otvaranja i zatvaranja, VdS razred C, skrivena ugradnja
Okovi: Poluga za otvaranje/zatvaranje prozora, s eloksiranom površinom, sa zaključavanjem, osigurana protiv pogrešne upotrebe.
Vanjska klupica za prozor: od ekstrudiranog aluminijskog profila, debljina 2 mm, boja RAL 7016 - anthrazitgrau, praškasti premaz. 50 mm izbočena iz fasade, bočno izvučena za spoj sa zidom, sidrenje s podesivim kutnikom za učvršćivanje uglavljenim odozdo, antivibracijska traka.
Boje: sukladno Kauflandovoj paleti boja",2.01,m,,,,0,
310.010.00145,,"x..AF3..x -  PVC višedijelni  otklopni prozor visine 0,6 m","POZ P14
Dobava, izvedba i ugradnja vanjskog dvodijelnog ili višedijelnog otklopnog PVC prozora s višekomornim profilnim sustavom i dvije brtve dubine od cca.70mm. Prošireni nadvojni profil, visina 200 mm (nije iskazan u dimenziji stavke, ali je uključen u cijenu). Okvir pripravljen za spajanje s prozorskom klupicom. Dvoslojno izolacijsko neprozirno satinirano float staklo. U cijeni stavke uključiti komplet sav potreban rad i materijal prema opisu u troškovniku, kao i sve dodatne radove i materijale potrebne da se izradi kompletni prozor kao oblikovna i funkcionalna cjelina.

Izvedba: prozorska traka, s prozorima s otklopnim krilima rastera 1,01 m, uklj. spojne i panel površine
Visina prozora: 0,6 m
Koeficijent toplinske provodljivosti: min. 1,3 W/m2K. Zahtijevani koeficijent prolaza topline Uw odnosi se na cijeli prozor i uzima u obzir koeficijent prolaza topline okvira (Uf), ostakljenja (Ug min. 1,1 W/m2K) i profila za održavanje razmaka izolacijskog ostakljenja (y-vrijednost).)
Kontrola: Kontakt na zasunu za kombiniranu kontrolu otvaranja i zatvaranja, VdS razred C, skrivena ugradnja
Okovi: Poluga za otvaranje/zatvaranje prozora, s eloksiranom površinom, sa zaključavanjem, osigurana protiv pogrešne upotrebe.
Vanjska klupica za prozor: od ekstrudiranog aluminijskog profila, debljina 2 mm, boja RAL 7016 - anthrazitgrau, praškasti premaz. 50 mm izbočena iz fasade, bočno izvučena za spoj sa zidom, sidrenje s podesivim kutnikom za učvršćivanje uglavljenim odozdo, antivibracijska traka.
Boje: sukladno Kauflandovoj paleti boja",5.01,m,,,,0,
310.010.00150,,"x..AF3..x -  PVC višedijelni  otklopni prozor visine 0,6 m","POZ F02
Dobava, izvedba i ugradnja vanjskog dvodijelnog ili višedijelnog otklopnog PVC prozora s višekomornim profilnim sustavom i dvije brtve dubine od cca.70mm. Prošireni nadvojni profil, visina 200 mm (nije iskazan u dimenziji stavke, ali je uključen u cijenu). Okvir pripravljen za spajanje s prozorskom klupicom. Dvoslojno izolacijsko neprozirno satinirano float staklo. U cijeni stavke uključiti komplet sav potreban rad i materijal prema opisu u troškovniku, kao i sve dodatne radove i materijale potrebne da se izradi kompletni prozor kao oblikovna i funkcionalna cjelina.

Izvedba: prozorska traka, s prozorima sa zaokretnim krilima rastera 1,01 m, uklj. spojne i panel površine
Visina prozora: 0,6 m
Koeficijent toplinske provodljivosti: min. 1,3 W/m2K. Zahtijevani koeficijent prolaza topline Uw odnosi se na cijeli prozor i uzima u obzir koeficijent prolaza topline okvira (Uf), ostakljenja (Ug min. 1,1 W/m2K) i profila za održavanje razmaka izolacijskog ostakljenja (y-vrijednost).)
Kontrola: Kontakt na zasunu za kombiniranu kontrolu otvaranja i zatvaranja, VdS razred C, skrivena ugradnja
Okovi: Poluga za otvaranje/zatvaranje prozora, s eloksiranom površinom, sa zaključavanjem, osigurana protiv pogrešne upotrebe.
Vanjska klupica za prozor: od ekstrudiranog aluminijskog profila, debljina 2 mm, boja RAL 7016 - anthrazitgrau, praškasti premaz. 50 mm izbočena iz fasade, bočno izvučena za spoj sa zidom, sidrenje s podesivim kutnikom za učvršćivanje uglavljenim odozdo, antivibracijska traka.
Boje: sukladno Kauflandovoj paleti boja
Prozorska krila trebaju biti spojena na sigurnosni sustav koji u slučaju požara otvara sva tri otvora - tri motora za tri krila u potpuno otvorenom položaju 90° (otvor služi za osiguranje uvjeta provjetravanja stubišta u slučaju požara, i kao takav treba ispuniti sve projektom predviđene zahtjeve).",3.01,m,,,,0,
310.010.00155,,"x..AF5..x - PVC protuprovalni prozor dim [1,26 / 1,1] m","POZ P01
Dobava, izvedba i ugradnja vanjskog PVC prozora s višekomornim profilnim sustavom i dvije brtve dubine od cca.70mm. Prošireni nadvojni profil, visina 200 mm. Okvir pripravljen za spajanje s prozorskom klupicom. U cijeni stavke uključiti komplet sav potreban rad i materijal prema opisu u troškovniku, kao i sve dodatne radove i materijale potrebne da se izradi kompletni prozor kao oblikovna i funkcionalna cjelina.

Izvedba: fiksni prozor
Širina prozora: 1,26 m + 1,26 m
Visina prozora: 1,1 m
Koeficijent toplinske provodljivosti: min. 1,3 W/m2K. Zahtijevani koeficijent prolaza topline Uw odnosi se na cijeli prozor i uzima u obzir koeficijent prolaza topline okvira (Uf), ostakljenja (Ug min. 1,1 W/m2K) i profila za održavanje razmaka izolacijskog ostakljenja (y-vrijednost).) Uključena folija za zaštitiu od pogleda.
Kontrola: Kontakt na zasunu za kombiniranu kontrolu otvaranja i zatvaranja, detektor loma stakla, VdS razred C, skrivena ugradnja
Zahtjev: folija za zaštitu od pogleda
Vanjska klupica za prozor: od ekstrudiranog aluminijskog profila, debljina 2 mm, boja RAL 7047 - anthrazitgrau, praškasti premaz. 50 mm izbočena iz fasade, bočno izvučena za spoj sa zidom, sidrenje s podesivim kutnikom za učvršćivanje uglavljenim odozdo, antivibracijska traka.
Boje: sukladno Kauflandovoj paleti boja",1,kom,,,,0,
310.020,,Vrata,,,,,0,,,
310.030,,Ostali,,,,,0,,,
311,,Zaštita od sunca,,,,,0,,,
311.000,,Prethodne napomene,,,,,0,,,
,,ZTV - Dodatni tehnički uvjeti ugovora,"1.) Dodatni ugovoreni tehnički uvjeti dio su troškovnika te u slučaju ugovaranja postaju dio ugovora. Izvođač radova se dakle obavezuje na sve radove i primjene koje proizlaze iz ovih uvjeta te su one uračunate u cijenu, ukoliko nisu zasebno ponuđene.

2.) Cijene stavki se prikazuju kao neto iznos u državnoj valuti. Važeći zakonski propisani porez na dodanu vrijednost obračunava se zasebno.

3.) U slučaju proturječnosti dodatnih ugovorenih tehničkih uvjeta vrijede prvenstveno podaci iz troškovnika. U slučaju proturječnosti između troškovnika i tehničke dokumentacije koja se predaje prilikom natječaja, vrijedi tehnička dokumentacija.

4.) Prije početka davanja ponude, ponuditelj je dužan pažljivo pročitati kompletan tekst općih uvjeta uz troškovnik, općih i posebnih uvjeta uz svaku grupu radova, tekst samog troškovnika i ostale dijelove tehničke dokumentacije. Ako opis bilo koje stavke u troškovniku dovodi do sumnje o načinu izvedbe ili upotrebu gradiva zahtijevane kvalitete, treba prije predaje ponude zatražiti pojašnjenje od ovlaštene osobe Investitora. Naknadno pozivanje na manjkavost ili nepoznavanje projektno-tehničke dokumentacije ili opisa u troškovniku neće se uzeti u obzir, niti smatrati razlogom za produženje roka izvedbe, a niti će se priznati bilo kakva razlika u cijeni s tog naslova.

5.) Tehnička dokumentacija koja se predaje prilikom natječaja informativnog je karaktera, a ponuđač je dužan u svom trošku izvršiti kontrolu projektno tehničke dokumentacije u smislu točnosti, tehničke ispravnosti, izvedivosti i međusobne usklađenosti. Sve eventualne primjedbe ponuditelj/izvoditelj dužan je pravovremeno uz ponudu, a u svakom slučaju prije izvedbe u pisanom obliku dostaviti Nadzoru i Naručitelju

6.) Ponuditelj je dužan provesti i kontrolu lokacije na licu mjesta prije davanja ponude. Jedinične cijene za pojedine vrste radova sadrže i sve one posredne troškove koji nisu iskazani u troškovniku, ali su neminovni za izvršenje radova predviđenih projektom.

7.) Organizacija gradilišta uračunata je u cijenu, ukoliko nije ponuđena kao zasebna stavka.

8.) Dizalice za podizanje, skele, strojevi, alati, pomoćna sredstva i konstrukcije uzeti su u obzir te su uračunati u jediničnu cijenu.

9.) Skele za radove na fasadi i radove na krovu predmet su ovog natječaja. Ponuditelj smije koristiti postojeće skele uz poštivanje sigurnosnih uvjeta i na vlastitu odgovornost. Preinake na skelama nisu dozvoljene te se one moraju predati u ispravnom stanju u kojem su i preuzete.

10.) Kompletnu režiju gradilišta usigurava i rješava ponuditelj/izvođač i i uključena je u jediničnu cijenu.

11.) Ponuditelj je obvezan redovno prikupljati i ,pravilno skladištiti i odvoziti na ovlašteni deponij sve otpadne materijale, ostatke, krhotine, građevinski otpad, ambalaže, obični otpad i slično o vlastitom trošku. Kod odlaganja otpada potrebno je pridržavati se svih javnopravnih uputa i propisa.

12.) Onečišćenja koja uslijed radova nastaju na susjednim terenima, zgradama, putovima, cestama, trgovima i slično, izvođač radova treba svakodnevno čistiti.

13.) Izvođač preuzima odgovornost za osiguravanje, skladištenje i spremanje vlastite građevinske opreme, strojeva, uređaja, alata i slično. Jednako vrijedi i za građevinske materijale, elemente i za ugradnju određenih uređaja i objekata sve do primopredaje obavljenih građevinskih radova.

14.) Prilikom izvođenja radova, izvoditelj treba zaštititi sve susjedne plohe, dijelove konstrukcije i prethodno izvedene radove na prikladan način a u skladu sa pravilima zaštite na radu, tako da ne dođe do oštećenja istih. Troškove zaštite treba izvoditelj ukalkulirati u ponudbenu cijenu izvođenja radova. Ukoliko ipak dođe do oštećenja prethodno izvedenih radova za koje je odgovoran izvoditelj ili njegov kooperant, dužan je iste o svom trošku dovesti u stanje prije oštećenja ili naručiti iste radove kod drugog izvoditelja na svoj teret.

15.) Sve potrebne mjere prema javnopravnim uputama i propisima za sigurnost i zaštitu zdravlja trebaju se uzeti u obzir te ih se treba pridržavati prilikom izvođenja radova.

16.) Prilikom davanja ponude i izvođenja radova treba se uzeti u obzir, uračunati i pridržavati se
- svih državnih i javnopravnih zakona, smjernica i propisa
- svih odgovarajućih tehničkih standarda, pravila i smjernica
- općeprihvaćenih pravila tehnike
- uputa, propisa i napomena proizvođača za ugradnju i obradu
- Kauflandovih građevinskih opisa, ugovorenih uvjeta i ostalih Kauflandovih dokumenata i planova.

17.) Stavke troškovnika obuhvačaju konačno dovršenje radova definiranih po količini i kvaliteti, onosno podrazumijevaju se kao gotove, potpune i funkcionirajuće, uklj. sve potrebne male dijelove i sredstva za pričvršćivanje, pomoćne materijale i sredstva, podkonstrukcije itd., kao i sve dodatne i posebne usluge - čak i kada one nisu detaljno opisane.

18.) Ako su treće stranke uključene u izvođenje predradnji, izvođač radova ih treba provjeravati. U slučaju nepravilnosti ili prigovora pravovremeno treba informirati naručitelja, tako da može tehnički i organizacijski dovršiti poslove.

19.) Obavezno se treba pridržavati svih Kauflandovih proizvodnih uputa, osim ako postoje opravdani razlozi za odstupanje (npr. dostupnost). U tom slučaju izvođač treba ponuditi istovjetni proizvod ili sustav te potvrditi istovjetnost. O njoj odlučuje naručitelj.

20.) Sustavi se izvode isključivo pomoću komponenata koje su predviđene od strane proizvođača sustava.

21.) Svi materijali, građevinski elementi i uređaji koji neposredno utječu na izgled i funkcionalnost prije ugradnje se trebaju provjeriti. Ugrađuju se tek nakon što naručitelj ili ovlaštena osoba odobri ugradnju na gradilištu. O vrsti i obliku uzorka odlučuje naručitelj.

22.) Ako nije drukčije propisano, izmjene postojećih projektnih rješenja od strane ponuditelja/izvođača a koje utječu na mehaničku stabilnost, ponuditelj/izvođač je dužan u svom trošku ishoditi sve suglasnosti, dozvole i sl.
Projekt izvedenog stanja ukalkulirati u jedničnu cijenu te dostaviti Kauflandu u pisanom i digitalnom obliku.

23.) Svi radovi na objektu te primjenjeni sistemi gradnje moraju biti izvedeni prema pravilu struke, odnosnu u granicama dopuštenih tolerancija.

24.) Ukoliko je ugovoreni termin izvršenja objekta uključen i zimski odnosno ljetni period, to se neće posebno izvođaču priznavati na ime naknade za rad pri niskoj temperaturi, zaštita konstrukcija od hladnoće i vrućine, te atmosferskih nepogoda, sve mora biti uključeno u jediničnu cijenu. Za vrijeme zime objekat se mora zaštititi. Svi eventualni smrznuti dijelovi moraju se ukloniti i izvesti ponovo bez bilo kakve naplate. Ukoliko je temperatura niža od temperature pri kojoj je dozvoljen dotični rad, a Investitor ipak traži da se radi, Izvođač si ima pravo zaračunati naknadu po normi 6,006 ali u tom slučaju Izvođač snosi punu odgovornost za ispravnost i kvalitetu rada. To isto vrijedi i za zaštitu radova tokom ljeta od prebrzog sušenja uslijed visoke temperature.

25.) U jediničnu cijenu rada izvođač treba obuhvatiti i slijedeće radove, koji se neće zasebno platiti kao naknadni rad, čak i ako nisu izričito navedenei u troškovniku:
- sve vrste transporta građevinskih materijala, elemenata, uređaja, objekata itd. do mjesta ugradnje
- potrebne i uobičajene pripreme i predobrade tla
- sve vrste bušenja, zavarivanja, lijepljenja, malih dijelova, sredstava za pričvršćivanje, međupoložaja, izolacije, brtvljenja, folija, spojeva itd. koje su potrebne za priključak, montažu i pričvršćivanje građevinskih dijelova i elemenata
- stručna priprema i priključak na sve okolne dijelove, ugradbene i nadgradne elemente i propuste
- sve izrade kutova, spojnih površina i elemenata, završnih elemenata, slobodnih krajeva itd.
- sve podloge za montažu, priključak i pričvršćivanje kao što su beton, zidani elementi, čelik, aluminij, limovi, gips karton, itd.
- potrebne spojne, kose i okrugle rezove te ostatke rezanja
- Izrada otvora i proreza za instalacije i ugradbene elemente drugih izvođača
- interno povezivanje kablovima i priključak objekata, dovod prema električnim trošilima na gradilištu od strane elektro izvođača",,,,,,,
,,Ograničenje usluge zaštite od sunca,"U sljedećim pozicijama potrebno je uzeti u obzir i uračunati sljedeće usluge, čak i ako nisu izričito navedene:
- Pričvršćivanje na svim vrstama podloga kao što su profilni sustavi od plastike, aluminija, itd.
- eventualna oštećenja na površini i / ili slojevima pravilno ukloniti
- Kabele za priključak pogona zaštite protiv sunjca dovesti u unutrašnjost zgrade i opremiti utikačem, proboje zabrtviti
- Upravljačku jedinicu spaja električar na gradilištu",,,,,,,
311.010,,Vanjska zaštita od sunca,,,,,0,,,
311.010.00100,,"x..SJ6..x - Vanjske žaluzine, za pojedinačne prozore, veličine 1,26 / 1,4 m","POZ P05
Zaštitu od sunca kao vanjske lamelne žaluzine, za jednostruke prozore, uklj. dodatnu zaštitu od vjetra sukladno sustavu proizvođača. izraditi, isporučiti i montirati.

Izvedba: Jednostruka zavjesa
Aluminijske lamele: sa savijenim rubovima, 80 mm, blago zakrivljene, s premazom u prahu
Donja šina: od aluminija, s premazom u prahu
Bočna vodilica: Aluminijske vodilice, s premazom u prahu
Traka i ljestvasti svitak: od vrlo čvrstog poliestra
Rukovanje: ručno, pomoću poluge i ručice s unutarnje strane.
Širina prozorskog elementa: 1,26 m
Visina prozorskog elementa: 1,4 m
Boje: sukladno Kauflandovoj paleti boja",1,kom,,,,0,
311.010.00105,,"x..SJ6..x - Vanjske žaluzine, za pojedinačne prozore, veličine 1,26 / 1,7 m","POZ P10
Zaštitu od sunca kao vanjske lamelne žaluzine, za jednostruke prozore, uklj. dodatnu zaštitu od vjetra sukladno sustavu proizvođača. izraditi, isporučiti i montirati.

Izvedba: Jednostruka zavjesa
Aluminijske lamele: sa savijenim rubovima, 80 mm, blago zakrivljene, s premazom u prahu
Donja šina: od aluminija, s premazom u prahu
Bočna vodilica: Aluminijske vodilice, s premazom u prahu
Traka i ljestvasti svitak: od vrlo čvrstog poliestra
Rukovanje: ručno, pomoću poluge i ručice s unutarnje strane.
Širina prozorskog elementa: 1,26 m
Visina prozorskog elementa: 1,7 m
Boje: sukladno Kauflandovoj paleti boja",1,kom,,,,0,
311.010.00110,,"x..SJ6..x - Vanjske žaluzine, za prozorske vrpce, visine 1,7 m (SAMO KUTIJA)","POZ P07
Zaštitu od sunca kao vanjske lamelne žaluzine, za prozorske trake, u različitim pojedinačnim dimenzijama, uklj. dodatnu zaštitu od vjetra sukladno sustavu proizvođača. izraditi, isporučiti i montirati.

Isporuka kao prethodna stavka, ali samo kutije za žaluzine radi ujednačenog izgleda fasade.

Visina prozorskih traka: 1,7 m
Boje: sukladno Kauflandovoj paleti boja",2.5,m,,,,0,
311.010.00115,,"x..SJ6..x - Vanjske žaluzine, za prozorske vrpce, visine 1,7 m","POZ P08, POZ P15, POZ P16
Zaštitu od sunca kao vanjske lamelne žaluzine, za prozorske trake, u različitim pojedinačnim dimenzijama, uklj. dodatnu zaštitu od vjetra sukladno sustavu proizvođača. izraditi, isporučiti i montirati.

Izvedba: Jednostruka zavjesa s maksimalnom širinom od 2,52 m, raster 1,26 m, uklj. spojna polja, maksimalno 2 mehanički spojene zavjese
Aluminijske lamele: sa savijenim rubovima, 80 mm, blago zakrivljene, s premazom u prahu
Donja šina: od aluminija, s premazom u prahu
Bočna vodilica: Aluminijske vodilice, s premazom u prahu
Traka i ljestvasti svitak: od vrlo čvrstog poliestra
Rukovanje: ručno, pomoću poluge i ručice s unutarnje strane.
Visina prozorskih traka: 1,7 m
Boje: sukladno Kauflandovoj paleti boja",11.25,m,,,,0,
311.010.00120,,- maska lamela zaštite od sunca,"Dobava, izrada i postava gornja kutne maskice za prihvat paleta lamela, od obrubljenog aluminijskog lima, minimalne debljine lima 1,5 mm, obloženo prahom u nijansi RAL 7016 - anthrazitgrau otporni na ultraljubičasto zračenje.",16.5,m,,,,0,
311.020,,Unutarnja zaštita od sunca,,,,,0,,,
311.030,,Ostali,,,,,0,,,
312,,Čelična vrata,,,,,0,,,
312.000,,Prethodne napomene,,,,,0,,,
,,ZTV - Dodatni tehnički uvjeti ugovora,"1.) Dodatni ugovoreni tehnički uvjeti dio su troškovnika te u slučaju ugovaranja postaju dio ugovora. Izvođač radova se dakle obavezuje na sve radove i primjene koje proizlaze iz ovih uvjeta te su one uračunate u cijenu, ukoliko nisu zasebno ponuđene.

2.) Cijene stavki se prikazuju kao neto iznos u državnoj valuti. Važeći zakonski propisani porez na dodanu vrijednost obračunava se zasebno.

3.) U slučaju proturječnosti dodatnih ugovorenih tehničkih uvjeta vrijede prvenstveno podaci iz troškovnika. U slučaju proturječnosti između troškovnika i tehničke dokumentacije koja se predaje prilikom natječaja, vrijedi tehnička dokumentacija.

4.) Prije početka davanja ponude, ponuditelj je dužan pažljivo pročitati kompletan tekst općih uvjeta uz troškovnik, općih i posebnih uvjeta uz svaku grupu radova, tekst samog troškovnika i ostale dijelove tehničke dokumentacije. Ako opis bilo koje stavke u troškovniku dovodi do sumnje o načinu izvedbe ili upotrebu gradiva zahtijevane kvalitete, treba prije predaje ponude zatražiti pojašnjenje od ovlaštene osobe Investitora. Naknadno pozivanje na manjkavost ili nepoznavanje projektno-tehničke dokumentacije ili opisa u troškovniku neće se uzeti u obzir, niti smatrati razlogom za produženje roka izvedbe, a niti će se priznati bilo kakva razlika u cijeni s tog naslova.

5.) Tehnička dokumentacija koja se predaje prilikom natječaja informativnog je karaktera, a ponuđač je dužan u svom trošku izvršiti kontrolu projektno tehničke dokumentacije u smislu točnosti, tehničke ispravnosti, izvedivosti i međusobne usklađenosti. Sve eventualne primjedbe ponuditelj/izvoditelj dužan je pravovremeno uz ponudu, a u svakom slučaju prije izvedbe u pisanom obliku dostaviti Nadzoru i Naručitelju

6.) Ponuditelj je dužan provesti i kontrolu lokacije na licu mjesta prije davanja ponude. Jedinične cijene za pojedine vrste radova sadrže i sve one posredne troškove koji nisu iskazani u troškovniku, ali su neminovni za izvršenje radova predviđenih projektom.

7.) Organizacija gradilišta uračunata je u cijenu, ukoliko nije ponuđena kao zasebna stavka.

8.) Dizalice za podizanje, skele, strojevi, alati, pomoćna sredstva i konstrukcije uzeti su u obzir te su uračunati u jediničnu cijenu.

9.) Skele za radove na fasadi i radove na krovu predmet su ovog natječaja. Ponuditelj smije koristiti postojeće skele uz poštivanje sigurnosnih uvjeta i na vlastitu odgovornost. Preinake na skelama nisu dozvoljene te se one moraju predati u ispravnom stanju u kojem su i preuzete.

10.) Kompletnu režiju gradilišta usigurava i rješava ponuditelj/izvođač i i uključena je u jediničnu cijenu.

11.) Ponuditelj je obvezan redovno prikupljati i ,pravilno skladištiti i odvoziti na ovlašteni deponij sve otpadne materijale, ostatke, krhotine, građevinski otpad, ambalaže, obični otpad i slično o vlastitom trošku. Kod odlaganja otpada potrebno je pridržavati se svih javnopravnih uputa i propisa.

12.) Onečišćenja koja uslijed radova nastaju na susjednim terenima, zgradama, putovima, cestama, trgovima i slično, izvođač radova treba svakodnevno čistiti.

13.) Izvođač preuzima odgovornost za osiguravanje, skladištenje i spremanje vlastite građevinske opreme, strojeva, uređaja, alata i slično. Jednako vrijedi i za građevinske materijale, elemente i za ugradnju određenih uređaja i objekata sve do primopredaje obavljenih građevinskih radova.

14.) Prilikom izvođenja radova, izvoditelj treba zaštititi sve susjedne plohe, dijelove konstrukcije i prethodno izvedene radove na prikladan način a u skladu sa pravilima zaštite na radu, tako da ne dođe do oštećenja istih. Troškove zaštite treba izvoditelj ukalkulirati u ponudbenu cijenu izvođenja radova. Ukoliko ipak dođe do oštećenja prethodno izvedenih radova za koje je odgovoran izvoditelj ili njegov kooperant, dužan je iste o svom trošku dovesti u stanje prije oštećenja ili naručiti iste radove kod drugog izvoditelja na svoj teret.

15.) Sve potrebne mjere prema javnopravnim uputama i propisima za sigurnost i zaštitu zdravlja trebaju se uzeti u obzir te ih se treba pridržavati prilikom izvođenja radova.

16.) Prilikom davanja ponude i izvođenja radova treba se uzeti u obzir, uračunati i pridržavati se
- svih državnih i javnopravnih zakona, smjernica i propisa
- svih odgovarajućih tehničkih standarda, pravila i smjernica
- općeprihvaćenih pravila tehnike
- uputa, propisa i napomena proizvođača za ugradnju i obradu
- Kauflandovih građevinskih opisa, ugovorenih uvjeta i ostalih Kauflandovih dokumenata i planova.

17.) Stavke troškovnika obuhvačaju konačno dovršenje radova definiranih po količini i kvaliteti, onosno podrazumijevaju se kao gotove, potpune i funkcionirajuće, uklj. sve potrebne male dijelove i sredstva za pričvršćivanje, pomoćne materijale i sredstva, podkonstrukcije itd., kao i sve dodatne i posebne usluge - čak i kada one nisu detaljno opisane.

18.) Ako su treće stranke uključene u izvođenje predradnji, izvođač radova ih treba provjeravati. U slučaju nepravilnosti ili prigovora pravovremeno treba informirati naručitelja, tako da može tehnički i organizacijski dovršiti poslove.

19.) Obavezno se treba pridržavati svih Kauflandovih proizvodnih uputa, osim ako postoje opravdani razlozi za odstupanje (npr. dostupnost). U tom slučaju izvođač treba ponuditi istovjetni proizvod ili sustav te potvrditi istovjetnost. O njoj odlučuje naručitelj.

20.) Sustavi se izvode isključivo pomoću komponenata koje su predviđene od strane proizvođača sustava.

21.) Svi materijali, građevinski elementi i uređaji koji neposredno utječu na izgled i funkcionalnost prije ugradnje se trebaju provjeriti. Ugrađuju se tek nakon što naručitelj ili ovlaštena osoba odobri ugradnju na gradilištu. O vrsti i obliku uzorka odlučuje naručitelj.

22.) Ako nije drukčije propisano, izmjene postojećih projektnih rješenja od strane ponuditelja/izvođača a koje utječu na mehaničku stabilnost, ponuditelj/izvođač je dužan u svom trošku ishoditi sve suglasnosti, dozvole i sl.
Projekt izvedenog stanja ukalkulirati u jedničnu cijenu te dostaviti Kauflandu u pisanom i digitalnom obliku.

23.) Svi radovi na objektu te primjenjeni sistemi gradnje moraju biti izvedeni prema pravilu struke, odnosnu u granicama dopuštenih tolerancija.

24.) Ukoliko je ugovoreni termin izvršenja objekta uključen i zimski odnosno ljetni period, to se neće posebno izvođaču priznavati na ime naknade za rad pri niskoj temperaturi, zaštita konstrukcija od hladnoće i vrućine, te atmosferskih nepogoda, sve mora biti uključeno u jediničnu cijenu. Za vrijeme zime objekat se mora zaštititi. Svi eventualni smrznuti dijelovi moraju se ukloniti i izvesti ponovo bez bilo kakve naplate. Ukoliko je temperatura niža od temperature pri kojoj je dozvoljen dotični rad, a Investitor ipak traži da se radi, Izvođač si ima pravo zaračunati naknadu po normi 6,006 ali u tom slučaju Izvođač snosi punu odgovornost za ispravnost i kvalitetu rada. To isto vrijedi i za zaštitu radova tokom ljeta od prebrzog sušenja uslijed visoke temperature.

25.) U jediničnu cijenu rada izvođač treba obuhvatiti i slijedeće radove, koji se neće zasebno platiti kao naknadni rad, čak i ako nisu izričito navedenei u troškovniku:
- sve vrste transporta građevinskih materijala, elemenata, uređaja, objekata itd. do mjesta ugradnje
- potrebne i uobičajene pripreme i predobrade tla
- sve vrste bušenja, zavarivanja, lijepljenja, malih dijelova, sredstava za pričvršćivanje, međupoložaja, izolacije, brtvljenja, folija, spojeva itd. koje su potrebne za priključak, montažu i pričvršćivanje građevinskih dijelova i elemenata
- stručna priprema i priključak na sve okolne dijelove, ugradbene i nadgradne elemente i propuste
- sve izrade kutova, spojnih površina i elemenata, završnih elemenata, slobodnih krajeva itd.
- sve podloge za montažu, priključak i pričvršćivanje kao što su beton, zidani elementi, čelik, aluminij, limovi, gips karton, itd.
- potrebne spojne, kose i okrugle rezove te ostatke rezanja
- Izrada otvora i proreza za instalacije i ugradbene elemente drugih izvođača
- interno povezivanje kablovima i priključak objekata, dovod prema električnim trošilima na gradilištu od strane elektro izvođača",,,,,,,
,,Opseg usluga čelična vrata,"U sljedećim pozicijama potrebno je uzeti u obzir i uračunati sljedeće usluge, čak i ako nisu izričito navedene:
- Ugradnju u sve vrste zidove od betona, zidanih elemenata, gips kartona, čelične konstrukcije, itd.
- Ispune okvira kod ugradnje u masivne zidove, ispuna u kvaliteti vidljivih površina
- eventualna oštećenja na površini i / ili slojevima pravilno ukloniti
- Debljinu vrata od 1,5 mm, debljinu okvira od 2,0 mm
- Okviri s konusnim rubom, prekriveno pričvršćene
- Aktivaciju pogonskog zasuna, na visini od 1,60 m iznad poda
- Vanjska vrata s limom za zatvaranje u teškoj izvedbi
- kao alternativu obuhvatnom okviru: Kutni okvir s protuokvirom
- Boju plastičnih garnitura prema Kauflandovoj paleti boja
- Primopredaju okvira za ugradnju od strane odjeljka za suhogradnju
- izvedbu slijepih podnih profila (u razini slojeva poda)
- konzekventnu izvedbu hidroizolacije u podnožju pojedinih stavki
- konzekventnu izvedbu parne brane na svim rubovima pojedinih stavki
- padajuće brtve za vanjska i protupožarne stavke uključena u cijenu",,,,,,,
312.010,,unutarnja vrata,,,,,0,,,
312.010.00100,,"x..IT1..x - čelična 1-krilna vrata sa zaštitom od udara, dimenzije 1,26 / 2,28 m","POZ F06
Vrata od čeličnog lima koja se sastoje od krila vrata i okvira, kao unutarnja vrata, uklj. sve brtve, okove, opreme, dodatke, itd., izraditi, isporučiti i montirati.

Referentna mjera za ugradnju: 1,26 / 2,28 m
Izvedba: Zaokretna vrata, 1-krilna, sa smjerom otvaranja ulijevo ili udesno
Okvir: Obuhvatni okvir od čeličnog lima, pocinčano i grundirano, sa širinom profila do 20 cm
Krilo vrata: Spojna konstrukcija od čeličnog lima i izolacijske ploče, pocinčana i grundirana, debljina krila min. 50 mm, debeli stepenasti rub
Šarke: konstrukcijske šarke s kuglastim ležajevima
Garnitura: Kvaka, od plastike s čeličnom jezgrom
Brava: Ugradbena brava sa zasunom, objektne kvalitete, pripremljena za profilni cilindar
Gornji zatvarač: s kliznom šinom, s integriranim sustavom za automatsko zatvaranje u slučaju nužde
Protupožarni zahtjev: sprječava širenje vatre, nepropusna i sa samostalnim zatvaranjem, EI2 90 Sa C5 prema DIN EN 13501
Naprava za zadržavanje u otvorenom položaju, ali spojena na sustav vatrodojave, te po primljenom signalu, vrata se otpuštaju potiskom gornjeg zatvarača (princip elektromagneta).
Ostalo: obostrane gumene čepaste obloge, debljine ca. 3 mm, na visini do 1,1 m visine kao zaštita od udaraca
Boje: sukladno Kauflandovoj paleti boja",1,kom,,,,0,
312.010.00105,,"x..IT2..x - čelična 1-krilna vrata sa prozorom, dimenzije 1,17 / 2,16 m","POZ F08
Vrata od čeličnog lima koja se sastoje od krila vrata i okvira, kao unutarnja vrata, uklj. sve brtve, okove, opreme, dodatke, itd., izraditi, isporučiti i montirati.

Referentna mjera za ugradnju: 1,17 / 2,16 m
Izvedba: Zaokretna vrata, 1-krilna, sa smjerom otvaranja ulijevo ili udesno
Okvir: Obuhvatni okvir od čeličnog lima, pocinčano i grundirano, sa širinom profila do 20 cm
Krilo vrata: Spojna konstrukcija od čeličnog lima i izolacijske ploče, pocinčana i grundirana, debljina krila min. 50 mm, s debelim stepenastim rubom, prozorom od laminiranog stakla 60/40 cm, s donjim rubom prozora na 1,40 m iznad poda
Šarke: konstrukcijske šarke s kuglastim ležajevima
Garnitura: Kvaka, od plastike s čeličnom jezgrom
Brava: Ugradbena brava sa zasunom, objektne kvalitete, pripremljena za profilni cilindar
Gornji zatvarač: s kliznom šinom, s integriranim sustavom za automatsko zatvaranje u slučaju nužde
Boje: sukladno Kauflandovoj paleti boja",1,kom,,,,0,
312.010.00110,,"x..IT4..x - čelična 1-krilna vrata sa prozorom, dimenzije 1,17 / 2,16 m","POZ B31
Vrata od čeličnog lima koja se sastoje od krila vrata i okvira, kao unutarnja vrata, uklj. sve brtve, okove, opreme, dodatke, itd., izraditi, isporučiti i montirati.

Referentna mjera za ugradnju: 1,17 / 2,16 m
Izvedba: Zaokretna vrata, 1-krilna, sa smjerom otvaranja ulijevo ili udesno
Okvir: Obuhvatni okvir od čeličnog lima, pocinčano i grundirano, sa širinom profila do 20 cm
Krilo vrata:Spojna konstrukcija od čeličnog lima i izolacijske ploče, pocinčana i grundirana, debljina krila min. 50 mm, debeli stepenasti rub
Šarke: konstrukcijske šarke s kuglastim ležajevima
Garnitura: Kvaka izvana, ručka iznutra, od plastike s čeličnom jezgrom
Brava: Ugradbena brava sa zasunom, objektne kvalitete, pripremljena za profilni cilindar
Gornji zatvarač: s kliznom šinom, s integriranim sustavom za automatsko zatvaranje u slučaju nužde
Primopredajni poklopac s kvakom i bravom s padajućim jezičkom u krilu vrata, kut otvaranja poklopca 90°- svijetla dimenzija otvora (širina/visina) 200/150 mm. Zaštitni lim kod ručke za otvaranje od plemenitog čelika obrađen brušenjem, najmanje 3 mm debljine, čvrsto povezan s primopredajnim poklopcem, širina zaštitnog lima 380 mm.
Sigurnosna brava u 4 točke, izvedba: sigurnosna garnitura, brava pripremljena za puni profilni cilindar. Okov Langschild zamjenska garnitura, protuprovalni ES3, s kuglastom kvakom izvana, ravna kvaka iznutra. Alternativno garnitura s ravnom kvakom od laganog metala.
Gornji zatvarač vrata. Električni otvarač vrata, upravlja se s radnog mjesta prostorija s trezorom/obračun blagajne. Priključak na alarmni sustav, opremanje kontaktom za zatvaranje i magnetskim kontaktom, proširenim cilindrom za ključ i praznom cijevi za kabel koja je visoko provedena iznutra. Špijunka sa širokim kutom gledanja 1,50m iznad gotovog poda.
Boje: sukladno Kauflandovoj paleti boja
Zidni zaustavljač vrata od mekane plastike, okrugli, promjera ca. 40 mm, s držačem od nehrđajućeg čelika, uklj. sredstva za pričvršćivanje, isporučiti i montirati.",1,kom,,,,0,
312.010.00115,,"x..IT5.1..x - čelična 1-krilna vrata sa prozorom, dimenzije 1,06 / 2,16 m","POZ B23
Vrata od čeličnog lima koja se sastoje od krila vrata i okvira, kao unutarnja vrata, uklj. sve brtve, okove, opreme, dodatke, itd., izraditi, isporučiti i montirati.

Referentna mjera za ugradnju: 1,06 / 2,16 m
Izvedba: Zaokretna vrata, 1-krilna, sa smjerom otvaranja ulijevo ili udesno
Okvir: Obuhvatni okvir od čeličnog lima, pocinčano i grundirano, sa širinom profila do 20 cm
Krilo vrata: Spojna konstrukcija od čeličnog lima i izolacijske ploče, pocinčana i grundirana, debljina krila min. 50 mm, s debelim stepenastim rubom, prozorom od laminiranog stakla 60/40 cm, s donjim rubom prozora na 1,40 m iznad poda
Šarke: konstrukcijske šarke s kuglastim ležajevima
Garnitura: Kvaka, od plastike s čeličnom jezgrom
Brava: Ugradbena panik brava sa zasunom, objektne kvalitete, pripremljena za profilni cilindar.
Gornji zatvarač: s kliznom šinom
Ostalo: Podni držač za vrata
Boje: sukladno Kauflandovoj paleti boja",1,kom,,,,0,
312.010.00120,,"x..IT6..x - čelična 1-krilna vrata zvučno izolirana dimenzije 1,06 / 2,16 m","POZ B14
Vrata od čeličnog lima koja se sastoje od krila vrata i okvira, kao unutarnja vrata, uklj. sve brtve, okove, opreme, dodatke, itd., izraditi, isporučiti i montirati.

Referentna mjera za ugradnju: 1,06 / 2,16 m
Izvedba: Zaokretna vrata, 1-krilna, sa smjerom otvaranja ulijevo ili udesno
Okvir: Obuhvatni okvir od čeličnog lima, pocinčano i grundirano, sa širinom profila do 20 cm
Krilo vrata: Spojna konstrukcija od čeličnog lima i izolacijske ploče, pocinčana i grundirana, debljina krila min. 50 mm, debeli stepenasti rub
Zahtjevi zvučne izolacije: Rw,p >= 37 dB
Šarke: konstrukcijske šarke s kuglastim ležajevima
Garnitura: Kvaka i okretna ručka, od plastike s čeličnom jezgrom
Brava: Ugradbena brava sa zasunom, objektne kvalitete, pripremljena za profilni polucilindar, s panik funkcijom prema EN 179
Gornji zatvarač: s kliznom šinom
Boje: sukladno Kauflandovoj paleti boja",1,kom,,,,0,
312.010.00125,,"x..IT7..x - čelična 1-krilna vrata za ulaz osoblja sa zaštitom od udara dimenzije 1,17 / 2,16 m","POZ B30
Vrata od čeličnog lima koja se sastoje od krila vrata i okvira, kao unutarnja vrata, uklj. sve brtve, okove, opreme, dodatke, itd., izraditi, isporučiti i montirati.

Referentna mjera za ugradnju: 1,17 / 2,16 m
Izvedba: Zaokretna vrata, 1-krilna, sa smjerom otvaranja ulijevo ili udesno
Okvir: Obuhvatni okvir od čeličnog lima, pocinčano i grundirano, sa širinom profila do 20 cm
Krilo vrata: Spojna konstrukcija od čeličnog lima i izolacijske ploče, pocinčana i grundirana, debljina krila min. 50 mm, debeli stepenasti rub
Šarke: konstrukcijske šarke s kuglastim ležajevima
Garnitura: Kvaka i ručka, od plastike s čeličnom jezgrom
Brava: Ugradbena brava sa zasunom, objektne kvalitete, pripremljena za profilni cilindar, s panik funkcijom prema EN 179
Gornji zatvarač: s kliznom šinom
Ostalo: električni otvarač vrata, otključavanje brave s kliznim vođenjem, 12V DC, radna struja, lim od nehrđajućeg čelika, debljine 2 mm, visine 200 mm, s brušenom (granulacija 240) i četkanom površinom, s jedne strane u području podnožja kao nagazni lim
Boje: sukladno Kauflandovoj paleti boja
Zidni zaustavljač vrata od mekane plastike, okrugli, promjera ca. 40 mm, s držačem od nehrđajućeg čelika, uklj. sredstva za pričvršćivanje, isporučiti i montirati.",1,kom,,,,0,
312.010.00130,,"x... IT7.1 - čelična 1-krilna vrata dimenzije 0,86 / 2,16 m","POZ B22
Vrata od čeličnog lima koja se sastoje od krila vrata i okvira, kao unutarnja vrata, uklj. sve brtve, okove, opreme, dodatke, itd., izraditi, isporučiti i montirati.

Referentna mjera za ugradnju: 0,86 / 2,16 m
Izvedba: Zaokretna vrata, 1-krilna, sa smjerom otvaranja ulijevo ili udesno
Okvir: Obuhvatni okvir od čeličnog lima, pocinčano i grundirano, sa širinom profila do 20 cm
Krilo vrata: Spojna konstrukcija od čeličnog lima i izolacijske ploče, pocinčana i grundirana, debljina krila min. 50 mm, debeli stepenasti rub
Šarke: konstrukcijske šarke s kuglastim ležajevima
Garnitura: Garnitura za zahod s kvakama od plastike s čeličnom jezgrom, U-oblik s okruglim okvirima za kvake, okviri za zahod s prikazom „Slobodno/zauzeto“
Brava: Ugradbena brava sa zasunom, objektne kvalitete, pripremljena za okove vrata za zahod
Gornji zatvarač: s kliznom šinom
Boje: sukladno Kauflandovoj paleti boja",1,kom,,,,0,
312.010.00135,,"x..IT8..x - čelična 1-krilna vrata za wc osoba smanjene pokretljivosti dimenzije 1,17 / 2,16 m","POZ B13
Vrata od čeličnog lima koja se sastoje od krila vrata i okvira, kao unutarnja vrata, uklj. sve brtve, okove, opreme, dodatke, itd., izraditi, isporučiti i montirati.

Referentna mjera za ugradnju: 1,17/2,16 m
Izvedba: Zaokretna vrata, 1-krilna, sa smjerom otvaranja ulijevo ili udesno
Okvir: Obuhvatni okvir od nehrđajućeg čelika, s brušenom (granulacija 240) i četkanom površinom, sa širinom profila do 20 cm
Krilo vrata: Spojna konstrukcija od čeličnog lima i saćastog umetka, pocinčana i s premazom u prahu, debljina vrata min. 40 mm, debeli stepenasti rub, s nakošenim donjim rubom
Šarke: trodijelne, od nehrđajućeg čelika
Garnitura: ručke s obje strane, okrugle, promjera ca. 30-36 mm, dužine najmanje 300-500mm od nehrđajućeg čelika, s brušenom (granulacija 240) i četkanom površinom, s okretnim zasunom s unutarnje i prikazom „Slobodno/zauzeto“ s vanjske strane, s okruglim okvirima, s četvrtastim klinom za otvaranje u nuždi, od nehrđajućeg čelika. Dodatna poprečna šipka ručke na visini 80 do 85 cm, na unutarnjoj strani vrata, za pomoć invalidnim osobama.
Brava: Ugradbena brava sa zasunom, objektne kvalitete, pripremljena za okove vrata za zahod, s valjkastim zasunom, dodatno vijčana brava, pripremljena za profilne polucilindre, donji rub brave ca. 1,30 m iznad gotovog poda
Marka brave: Dorma 484.
Ostalo: Lim od nehrđajućeg čelika, debljine 2 mm, visine 150 mm, s brušenom (granulacija 240) i četkanom površinom, s obje strane u području podnožja kao nagazni lim, debljine 2 mm, visine 300 mm, s brušenom (granulacija 240) i četkanom površinom, sa zaobljenim kutovima, s obje strane s gornjim rubom na 1,11 m iznad gotovog poda kao zaštitni lim
Boje: sukladno Kauflandovoj paleti boja",1,kom,,,,0,
312.010.00140,,"x..IT10..x - čelična 1-krilna vrata  dimenzije 0.96 / 2,16 m","POZ B15
Vrata od čeličnog lima koja se sastoje od krila vrata i okvira, kao unutarnja vrata, uklj. sve brtve, okove, opreme, dodatke, itd., izraditi, isporučiti i montirati.

Referentna mjera za ugradnju: 0.96 / 2,16 m
Izvedba: Zaokretna vrata, 1-krilna, sa smjerom otvaranja ulijevo ili udesno
Okvir: Kutni okvir od čeličnog lima, pocinčan i grundiran
Krilo vrata: Spojna konstrukcija od čeličnog lima i izolacijske ploče, pocinčana i grundirana, debljina krila min. 50 mm, debeli stepenasti rub
Šarke: konstrukcijske šarke s kuglastim ležajevima
Garnitura: Kvaka, od plastike s čeličnom jezgrom
Vrata s uređajem za dnevni alarm i sklopkom s ključem
Brava: Ugradbena brava sa zasunom, objektne kvalitete, pripremljena za profilni cilindar, s panik funkcijom prema EN 179.
Ostalo: Podni držač za vrata te ojačanja unutar vrata za ugradnju zaštite od udara
Boje: sukladno Kauflandovoj paleti boja",1,kom,,,,0,
312.010.00145,,"x..IT12..x - požarna čelična 1-krilna vrata dimenzije 1,06 / 2,16","POZ B12
Vrata od čeličnog lima koja se sastoje od krila vrata i okvira, kao unutarnja vrata, uklj. sve brtve, okove, opreme, dodatke, itd., izraditi, isporučiti i montirati.

Referentna mjera za ugradnju: 1,06 / 2,16 m
Izvedba: Zaokretna vrata, 1-krilna, sa smjerom otvaranja ulijevo ili udesno
Okvir: Obuhvatni okvir od čeličnog lima, pocinčano i grundirano, sa širinom profila do 20 cm
Krilo vrata: Spojna konstrukcija od čeličnog lima i izolacijske ploče, pocinčana i grundirana, debljina krila min. 50 mm, debeli stepenasti rub
Protupožarni zahtjev: sprječava širenje vatre, nepropusna i sa samostalnim zatvaranjem, EI2 30 Sa C5 prema DIN EN 13501
Šarke: konstrukcijske šarke s kuglastim ležajevima
Garnitura: Garnitura s kvakom ili s kvakom i ručkom, od plastike s čeličnom jezgrom
Brava: Ugradbena brava sa zasunom, objektne kvalitete, pripremljena za profilni cilindar, s panik funkcijom prema EN 179.
Gornji zatvarač: s kliznom šinom.
Boje: sukladno Kauflandovoj paleti boja
Zidni zaustavljač vrata od mekane plastike, okrugli, promjera ca. 40 mm, s držačem od nehrđajućeg čelika, uklj. sredstva za pričvršćivanje, isporučiti i montirati.",1,kom,,,,0,
312.010.00150,,"x..IT12..x - požarna čelična 1-krilna vrata dimenzije 1,06 / 2,16","POZ F12
Vrata od čeličnog lima koja se sastoje od krila vrata i okvira, kao unutarnja vrata, uklj. sve brtve, okove, opreme, dodatke, itd., izraditi, isporučiti i montirati.

Referentna mjera za ugradnju: 1,06 / 2,16 m
Izvedba: Zaokretna vrata, 1-krilna, sa smjerom otvaranja ulijevo ili udesno
Okvir: Obuhvatni okvir od čeličnog lima, pocinčano i grundirano, sa širinom profila do 20 cm
Krilo vrata: Spojna konstrukcija od čeličnog lima i izolacijske ploče, pocinčana i grundirana, debljina krila min. 50 mm, debeli stepenasti rub
Protupožarni zahtjev: sprječava širenje vatre, nepropusna i sa samostalnim zatvaranjem, EI2 90 Sa C5 prema DIN EN 13501
Šarke: konstrukcijske šarke s kuglastim ležajevima
Garnitura: Garnitura s kvakom ili s kvakom i ručkom, od plastike s čeličnom jezgrom
Brava: Ugradbena brava sa zasunom, objektne kvalitete, pripremljena za profilni cilindar, s panik funkcijom prema EN 179.
Gornji zatvarač: s kliznom šinom.
Boje: sukladno Kauflandovoj paleti boja
Zidni zaustavljač vrata od mekane plastike, okrugli, promjera ca. 40 mm, s držačem od nehrđajućeg čelika, uklj. sredstva za pričvršćivanje, isporučiti i montirati.",1,kom,,,,0,
312.010.00155,,"x..IT12..x - požarna čelična 1-krilna vrata dimenzije 1,06 / 2,16","POZ B21
Vrata od čeličnog lima koja se sastoje od krila vrata i okvira, kao unutarnja vrata, uklj. sve brtve, okove, opreme, dodatke, itd., izraditi, isporučiti i montirati.

Referentna mjera za ugradnju: 1,06 / 2,16 m
Izvedba: Zaokretna vrata, 1-krilna, sa smjerom otvaranja ulijevo ili udesno
Okvir: Obuhvatni okvir od čeličnog lima, pocinčano i grundirano, sa širinom profila do 20 cm
Krilo vrata: Spojna konstrukcija od čeličnog lima i izolacijske ploče, pocinčana i grundirana, debljina krila min. 50 mm, debeli stepenasti rub
Protupožarni zahtjev: sprječava širenje vatre, nepropusna i sa samostalnim zatvaranjem, EI2 30 Sa C5 prema DIN EN 13501
Šarke: konstrukcijske šarke s kuglastim ležajevima
Garnitura: Garnitura s kvakom ili s kvakom i ručkom, od plastike s čeličnom jezgrom
Brava: Ugradbena brava sa zasunom, objektne kvalitete, pripremljena za profilni cilindar, s panik funkcijom prema EN 179.
Gornji zatvarač: s kliznom šinom.
Boje: sukladno Kauflandovoj paleti boja
Zidni zaustavljač vrata od mekane plastike, okrugli, promjera ca. 40 mm, s držačem od nehrđajućeg čelika, uklj. sredstva za pričvršćivanje, isporučiti i montirati.",1,kom,,,,0,
312.010.00160,,"x..IT12.4..x - protuprovalna i požarna čelična 1-krilna vrata dimenzije 1,06 / 2,16 m","POZ F03
Vrata od čeličnog lima koja se sastoje od krila vrata i okvira, kao unutarnja vrata, uklj. sve brtve, okove, opreme, dodatke, itd., izraditi, isporučiti i montirati.

Referentna mjera za ugradnju: 1,06 / 2,16 m
Izvedba: Zaokretna vrata, 1-krilna, sa smjerom otvaranja ulijevo ili udesno
Okvir: Obuhvatni okvir od čeličnog lima, pocinčano i grundirano, sa širinom profila do 20 cm
Krilo vrata: Spojna konstrukcija od čeličnog lima i izolacijske ploče, pocinčana i grundirana, debljina krila min. 50 mm, debeli stepenasti rub
Protupožarni zahtjev: sprječava širenje vatre, nepropusna i sa samostalnim zatvaranjem, EI2 90 Sa C5 prema DIN EN 13501
Proutuprovalna zaštita: Razred otpornosti RC2 prema DIN EN 1627
Šarke: konstrukcijske šarke s kuglastim ležajevima
Garnitura: Garnitura s kvakom i ručkom, s kratkim okvirom i zaštitom kod povlačenja, od aluminija, s eloksiranom površinom
Brava: Ugradbena brava sa zasunom, objektne kvalitete, pripremljena za profilni cilindar, s panik funkcijom prema EN 179
Gornji zatvarač: s kliznom šinom
Boje: sukladno Kauflandovoj paleti boja",1,kom,,,,0,
312.010.00165,,"x..IT15..x - čelična dvokrilna vrata dimenzije u otvorenom položaju 2,17 / 2,53 m","POZ B16
Vrata od čeličnog lima koja se sastoje od krila vrata i okvira, kao unutarnja vrata, uklj. sve brtve, okove, opreme, dodatke, itd., izraditi, isporučiti i montirati.

Referentna mjera za ugradnju: 2,17 / 2,53 m
Izvedba: Zaokretna vrata, 2-krilna, sa smjerom otvaranja ulijevo ili udesno
Okvir: Obuhvatni okvir od čeličnog lima, pocinčano i grundirano, sa širinom profila do 20 cm
Krilo vrata: Spojna konstrukcija od čeličnog lima i izolacijske ploče, pocinčana i grundirana, debljina krila min. 50 mm, 3 zaštitna klina
Protupožarni zahtjev: sprječava širenje vatre, nepropusna i sa samostalnim zatvaranjem, EI2 30 Sa C5 prema DIN EN 13501.
Šarke: konstrukcijske šarke s kuglastim ležajevima
Garnitura: Garnitura s kvakom, s ručkom za aktivaciju pogonskog zasuna, od plastike s čeličnom jezgrom
Brava na pomičnoj strani vrata: Ugradbena brava sa zasunom, objektne kvalitete, pripremljena za profilni cilindar
Brava na nepomičnoj strani vrata: skrivena bravica zasuna i objektne kvalitete
Kontrola: Magnetni kontakti za kontrolu otvorenosti (2 na pomičnoj strani, 1 na nepomičnoj strani), kontrola zatvorenosti integrirana u bravu, kontakt za zatvoreno stanje na pogonskom zasunu, VdS razred C, prekrivena ugradnja
Gornji zatvarač: s kliznom šinom i regulacijom redoslijeda zatvaranja
Ostalo: Zadržavanje u otvorenom položaju pomoću magneta, vatrodojavna centrala, detektori dima s obje strane, tipka za zatvaranje vrata
Boje: sukladno Kauflandovoj paleti boja",1,kom,,,,0,
312.010.00170,,"x..IT15..x - požarna čelična dvokrilna vrata dimenzije u otvorenom položaju 2,17 / 2,53 m","POZ F05, POZ F07, POZ F11
Vrata od čeličnog lima koja se sastoje od krila vrata i okvira, kao unutarnja vrata, uklj. sve brtve, okove, opreme, dodatke, itd., izraditi, isporučiti i montirati.

Referentna mjera za ugradnju: 2,17 / 2,53 m
Izvedba: Zaokretna vrata, 2-krilna, sa smjerom otvaranja ulijevo ili udesno
Okvir: Obuhvatni okvir od čeličnog lima, pocinčano i grundirano, sa širinom profila do 20 cm
Krilo vrata: Spojna konstrukcija od čeličnog lima i izolacijske ploče, pocinčana i grundirana, debljina krila min. 50 mm, 3 zaštitna klina
Protupožarni zahtjev: sprječava širenje vatre, nepropusna i sa samostalnim zatvaranjem, EI2 90 Sa C5 prema DIN EN 13501
Šarke: konstrukcijske šarke s kuglastim ležajevima
Garnitura: Garnitura s kvakom, s ručkom za aktivaciju pogonskog zasuna, od plastike s čeličnom jezgrom
Brava na pomičnoj strani vrata: Ugradbena brava sa zasunom, objektne kvalitete, pripremljena za profilni cilindar, s panik funkcijom prema EN 179
Brava/panik letva na nepomičnoj strani vrata: skrivena bravica zasuna i objektne kvalitete
Kontrola: Magnetni kontakti za kontrolu otvorenosti (2 na pomičnoj strani, 1 na nepomičnoj strani), kontrola zatvorenosti integrirana u bravu, kontakt za zatvoreno stanje na pogonskom zasunu, VdS razred C, prekrivena ugradnja
Gornji zatvarač: s kliznom šinom i regulacijom redoslijeda zatvaranja
Ostalo: Zadržavanje u otvorenom položaju pomoću magneta, vatrodojavna centrala, detektori dima s obje strane, tipka za zatvaranje vrata
Boje: sukladno Kauflandovoj paleti boja",3,kom,,,,0,
312.020,,Vanjska vrata,,,,,0,,,
312.020.00100,,"x..AT4..x čelična dvokrilna vrata dimenzije 2,17 / 2,16 m, izlaz u nuždi EN 1125","POZ B10, POZ B11
Vrata od čeličnog lima koja se sastoje od krila vrata i okvira, kao vanjska vrata, uklj. sve brtve, okove, opreme, dodatke, itd., izraditi, isporučiti i montirati.

Referentna mjera za ugradnju: 2,17 / 2,16 m
Izvedba: Zaokretna vrata, 2-krilna, sa smjerom otvaranja ulijevo ili udesno
Okvir: Obuhvatni okvir od čeličnog lima, pocinčano i grundirano, sa širinom profila do 30 cm
Krilo vrata: Spojna konstrukcija od čeličnog lima i izolacijske ploče, pocinčana i grundirana, debljina krila min. 50 mm, s donjim rubom na ca. 15 mm, 3 zaštitna klina
Koeficijent toplinske provodljivosti: min. 1,7 W/m2K
Šarke: konstrukcijske šarke s kuglastim ležajevima
Garnitura: glatko bez rozeta s vanjske strane, s unutarnje strane šipka na pomičnoj i nepomičnoj strani, od plastike s čeličnom jezgrom
Brava na pomičnoj strani vrata: Ugradbena brava sa zasunom, objektne kvalitete, pripremljena za profilni cilindar, s panik funkcijom prema EN 1125, sa samostalnim zaključavanjem
Brava na nepomičnoj strani vrata: skrivena bravica zasuna i objektne kvalitete, s panik funkcijom prema EN 1125
Kontrola: Magnetni kontakti za kontrolu otvorenosti (2 na pomičnoj strani, 1 na nepomičnoj strani), kontrola zatvorenosti integrirana u bravu, kontakt za zatvoreno stanje na pogonskom zasunu, VdS razred C, prekrivena ugradnja
Ostalo: Profil za zaštitu do kiše
Boje: sukladno Kauflandovoj paleti boja",2,kom,,,,0,
312.020.00105,,"x..AT8..x - čelična vrata dvokrilna dimenzije 2,18/ 2,16 m, NEA","POZ B01
Vrata od čeličnog lima koja se sastoje od krila vrata i okvira, kao vanjska vrata, uklj. sve brtve, okove, opreme, dodatke, itd., izraditi, isporučiti i montirati.

Referentna mjera za ugradnju: 2,18 / 2,16 m
Izvedba: Zaokretna vrata, 2-krilna, sa smjerom otvaranja ulijevo ili udesno
Okvir: Obuhvatni okvir od čeličnog lima, pocinčano i grundirano, sa širinom profila do 30 cm
Krilo vrata: Spojna konstrukcija od čeličnog lima i izolacijske ploče, pocinčana i grundirana, debljina krila min. 50 mm, s donjim rubom na ca. 15 mm, 3 zaštitna klina
Koeficijent toplinske provodljivosti: min. 1,7 W/m2K
Šarke: konstrukcijske šarke s kuglastim ležajevima
Garnitura: Garnitura s kvakom i ručkom, s ručkom za aktivaciju pogonskog zasuna, od plastike s čeličnom jezgrom
Brava na pomičnoj strani vrata: Ugradbena brava sa zasunom, objektne kvalitete, pripremljena za profilni cilindar, s panik funkcijom prema EN 179, sa samostalnim zaključavanjem
Brava na nepomičnoj strani vrata: skrivena bravica zasuna i objektne kvalitete, s panik funkcijom prema EN 179
Kontrola: Magnetni kontakti za kontrolu otvorenosti (2 na pomičnoj strani, 1 na nepomičnoj strani), kontrola zatvorenosti integrirana u bravu, kontakt za zatvoreno stanje na pogonskom zasunu, VdS razred C, prekrivena ugradnja
Ostalo: Profil za zaštitu do kiše, podni držač za vrata, kukica
Boje: RAL7047 ili prema odluci Investitora",1,kom,,,,0,
312.020.00110,,"x..AT9.1..x -  čelična vrata dvokrilna dimenzije 1,57 / 2,53 m, KKV","POZ B05
Vrata od čeličnog lima koja se sastoje od krila vrata i okvira, kao vanjska vrata, uklj. sve brtve, okove, opreme, dodatke, itd., izraditi, isporučiti i montirati.

Referentna mjera za ugradnju: 1,57 / 2,53 m
Izvedba: Zaokretna vrata, 2-krilna, sa smjerom otvaranja ulijevo ili udesno
Okvir: Obuhvatni okvir od čeličnog lima, pocinčano i grundirano, sa širinom profila do 30 cm
Krilo vrata: Spojna konstrukcija od čeličnog lima i izolacijske ploče, pocinčana i grundirana, debljina krila min. 50 mm, s donjim rubom na ca. 15 mm, 3 zaštitna klina

Koeficijent toplinske provodljivosti: min. 1,7 W/m2K
Šarke: konstrukcijske šarke s kuglastim ležajevima
Garnitura: Garnitura s kvakom i ručkom, s ručkom za aktivaciju pogonskog zasuna, od plastike s čeličnom jezgrom
Brava na pomičnoj strani vrata: Ugradbena brava sa zasunom, objektne kvalitete, pripremljena za profilni cilindar, s panik funkcijom prema EN 179, sa samostalnim zaključavanjem
Brava na nepomičnoj strani vrata: skrivena bravica zasuna i objektne kvalitete, s panik funkcijom prema EN 179
Kontrola: Magnetni kontakti za kontrolu otvorenosti (2 na pomičnoj strani, 1 na nepomičnoj strani), kontrola zatvorenosti integrirana u bravu, kontakt za zatvoreno stanje na pogonskom zasunu, VdS razred C, prekrivena ugradnja
Gornji zatvarač: s kliznom šinom, na strani na kojoj se ne nalaze šarke, regulacija redoslijeda zatvaranja
Ostalo: Profil za zaštitu do kiše, podni držač za vrata, kukica
Marka brave: Dorma SVP5000.
Boje: RAL7047 ili prema odluci Investitora",1,kom,,,,0,
312.020.00115,,"x..AT10..x - čelična 1-krilna vrata dimenzije 1,27 / 2,16 m","POZ B04
Vrata od čeličnog lima koja se sastoje od krila vrata i okvira, kao vanjska vrata, uklj. sve brtve, okove, opreme, dodatke, itd., izraditi, isporučiti i montirati.

Referentna mjera za ugradnju: 1,27 / 2,16 m
Izvedba: Zaokretna vrata, 1-krilna, sa smjerom otvaranja ulijevo ili udesno
Okvir: Obuhvatni okvir od čeličnog lima, pocinčano i grundirano, sa širinom profila do 30 cm
Krilo vrata: Spojna konstrukcija od čeličnog lima i izolacijske ploče, pocinčana i grundirana, debljina krila min. 50 mm, s donjim rubom na ca. 15 mm, 3 zaštitna klina
Koeficijent toplinske provodljivosti: min. 1,7 W/m2K
Šarke: konstrukcijske šarke s kuglastim ležajevima
Garnitura: Kvaka i ručka, od plastike s čeličnom jezgrom
Brava: Ugradbena brava sa zasunom, objektne kvalitete, pripremljena za profilni cilindar, s panik funkcijom prema EN 179, sa samostalnim zaključavanjem
Kontrola: Magnetni kontakti za kontrolu otvorenosti (2 na pomičnoj strani), kontakt na zasunu za kontrolu zatvorenosti, VdS razred C, prekrivena ugradnja
Ostalo: Profil za zaštitu do kiše, podni držač za vrata, kukica
Podni fiksator. Marka brave: Dorma SVP5000.
Boje: RAL7047 ili prema odluci Investitora",1,kom,,,,0,
312.020.00120,,"x..AT10..x - čelična 1-krilna vrata dimenzije 1,07 /  2,16 m","POZ B02, POZ B03
Vrata od čeličnog lima koja se sastoje od krila vrata i okvira, kao vanjska vrata, uklj. sve brtve, okove, opreme, dodatke, itd., izraditi, isporučiti i montirati.

Referentna mjera za ugradnju: 1,07 / 2,16 m
Izvedba: Zaokretna vrata, 1-krilna, sa smjerom otvaranja ulijevo ili udesno
Okvir: Obuhvatni okvir od čeličnog lima, pocinčano i grundirano, sa širinom profila do 30 cm
Krilo vrata: Spojna konstrukcija od čeličnog lima i izolacijske ploče, pocinčana i grundirana, debljina krila min. 50 mm, s donjim rubom na ca. 15 mm, 3 zaštitna klina
Koeficijent toplinske provodljivosti: min. 1,7 W/m2K
Šarke: konstrukcijske šarke s kuglastim ležajevima
Garnitura: Kvaka i ručka, od plastike s čeličnom jezgrom
Brava: Ugradbena brava sa zasunom, objektne kvalitete, pripremljena za profilni cilindar, s panik funkcijom prema EN 179, sa samostalnim zaključavanjem, Podna blokada.
Kontrola: Magnetni kontakti za kontrolu otvorenosti (2 na pomičnoj strani), kontakt na zasunu za kontrolu zatvorenosti, VdS razred C, prekrivena ugradnja
Marka brave: Dorma SVP5000.
Ostalo: Profil za zaštitu do kiše, podni držač za vrata, kukica
Priključak na alarmni uređaj, oprema sa zasunskim i magnetnim kontaktom, unutarnja prazna cijev za kabel. Na strani panta 3 trna, prilikom skidanja panta vrata se ne smiju ovjesiti.
Boje: Boje: RAL7047 ili prema odluci Investitora",2,kom,,,,0,
312.020.00125,,"x..AT17..x - čelična 1-krilna vrata dimenzije 1,18 / 2,16 m, izlaz u nuždi EN 179","POZ B06
Vrata od čeličnog lima koja se sastoje od krila vrata i okvira, kao vanjska vrata, uklj. sve brtve, okove, opreme, dodatke, itd., izraditi, isporučiti i montirati.

Referentna mjera za ugradnju: 1,18 / 2,16 m
Izvedba: Zaokretna vrata, 1-krilna, sa smjerom otvaranja ulijevo ili udesno
Okvir: Obuhvatni okvir od čeličnog lima, pocinčano i grundirano, sa širinom profila do 30 cm
Krilo vrata: Spojna konstrukcija od čeličnog lima i izolacijske ploče, pocinčana i grundirana, debljina krila min. 50 mm, s donjim rubom na ca. 15 mm, 3 zaštitna klina, s debelim stepenastim rubom
Koeficijent toplinske provodljivosti: min. 1,7 W/m2K
Šarke: konstrukcijske šarke s kuglastim ležajevima
Garnitura: Garnitura s kvakom i ručkom, od aluminija, eloksirana površina
Brava: Ugradbena brava sa zasunom, objektne kvalitete, pripremljena za profilni polucilindar, s panik funkcijom prema EN 179, sa samostalnim zaključavanjem
Kontrola: Magnetni kontakti za kontrolu otvorenosti (2 na pomičnoj strani), kontakt na zasunu za kontrolu zatvorenosti, VdS razred C, prekrivena ugradnja
Gornji zatvarač: s kliznom šinom, na strani na kojoj se ne nalaze šarke
Ostalo: Profil za zaštitu od kiše, podni držač za vrata
Boje: RAL7047 ili prema odluci Investitora
Marka brave: Dorma SVP5000.",1,kom,,,,0,
312.020.00130,,"x..AT28..x - Vanjska 1-krilna vrata, dimenzije 1,37/ 1,16 m","POZ B09
Višenamjenka vrata od čeličnog lima koja se sastoje od krila vrata i steznog okvira za PU sendvič panele, kao vanjska vrata, uklj. sve brtve, okove, opreme, dodatke, itd., izraditi, isporučiti i montirati.

Referentna mjera za ugradnju: 1,37/1,16 m
Izvedba: Zaokretna vrata, 1-krilna, sa smjerom otvaranja ulijevo ili udesno prema unutra
Krilo vrata: Spojna konstrukcija od čeličnog lima i izolacijske ploče, pocinčana i grundirana, debljina krila min. 50 mm
Koeficijent toplinske provodljivosti: min. 1,8 W/m2K
Šarke: konstrukcijske šarke s kuglastim ležajevima
Garnitura: ručka od aluminija, eloksirana površina, s vanjske strana glatka
Brava: pripremljena za polucilindar
Protuprovala: Povezivanje s alarmnim sustavom putem pričvršćenih magnetskih kontakata i prekidača s ključem za dnevni alarm.
Ostalo: Održavanje vrata otvorenima pomoću kuke za pričvršćivanje ili preklopne poluge, za zidnu montažu, npr. tip KWS 1011 ili KWS 1073, kako bi se izbjeglo oštećenje ručke vrata, po mogućnosti s odstojnim nosačem.
Kanal za smeće: pričvršćen izvana na fasadu, od vruće pocinčanog lima, min. 2 mm debljine, s bočnim podignutim rubovima visine otprilike 30 cm, s nosačem za učvršćenje/ podupiranje na fasadi. Širina u skladu s ugradnim otvorom cca. 1200 mm, dubina i kosina prikladne za vanjski kontejner za smeće.
Boje: sukladno Kauflandovoj paleti boja",1,kom,,,,0,
312.030,,Revizijska vratašca,,,,,0,,,
312.030.00100,,"-  protupožarna revizijska čelična 1-krilna vrata dimenzije 1,00/1,00 m","Dobava i postava tipskih protupožarnih čeličnih revizijskih vratašca u gk zidove dimenzija prema projektu. Ugradnja prema uputama proizvođača.

Svijetle dimenzije: [ 1,00/1,00 ] m
Protupožarni zahtjev: EI2 90 Sa C5 prema DIN EN 13501
Boje: sukladno Kauflandovoj paleti boja",2,kom,,,,0,
312.040,,Ostalo,,,,,0,,,
312.040.00100,,- zidni odbojnik za vrata,"Zidni zaustavljač vrata od mekane plastike, okrugli, promjera ca. 40 mm, s držačem od nehrđajućeg čelika, uklj. sredstva za pričvršćivanje, isporučiti i montirati.",7,kom,,,,0,
312.050,,Prijem / puštanje u rad,,,,,0,,,
312.050.00100,,"- puštanje u rad i upute, početno ispitivanje od strane stučnih osoba","Puštanje u rad i obučavanje djelatnika poslovnice za vrata kao što su protupožarna vrata, vrata pod dnevnim alarmom i automatska vrata.

Inicijalno ispitivanje prema EN 12635 gore navedenih ručno upravljanim vratima i vratima s automatskim zatvaranjem u slučaju nužde od strane ovlaštene i priznate stručne osobe prema važećim propisima o ispitivanju u pojedinoj državi, uklj. izradu knjige o ispitivanju, potrebne naknadne provjere, ponovo vraćanje u rad.",1,paušal,,,,0,
312.060,,održavanje,,,,,0,,,
313,,Drvena vrata,,,,,0,,,
313.000,,Prethodne napomene,,,,,0,,,
,,ZTV - Dodatni tehnički uvjeti ugovora,"1.) Dodatni ugovoreni tehnički uvjeti dio su troškovnika te u slučaju ugovaranja postaju dio ugovora. Izvođač radova se dakle obavezuje na sve radove i primjene koje proizlaze iz ovih uvjeta te su one uračunate u cijenu, ukoliko nisu zasebno ponuđene.

2.) Cijene stavki se prikazuju kao neto iznos u državnoj valuti. Važeći zakonski propisani porez na dodanu vrijednost obračunava se zasebno.

3.) U slučaju proturječnosti dodatnih ugovorenih tehničkih uvjeta vrijede prvenstveno podaci iz troškovnika. U slučaju proturječnosti između troškovnika i tehničke dokumentacije koja se predaje prilikom natječaja, vrijedi tehnička dokumentacija.

4.) Prije početka davanja ponude, ponuditelj je dužan pažljivo pročitati kompletan tekst općih uvjeta uz troškovnik, općih i posebnih uvjeta uz svaku grupu radova, tekst samog troškovnika i ostale dijelove tehničke dokumentacije. Ako opis bilo koje stavke u troškovniku dovodi do sumnje o načinu izvedbe ili upotrebu gradiva zahtijevane kvalitete, treba prije predaje ponude zatražiti pojašnjenje od ovlaštene osobe Investitora. Naknadno pozivanje na manjkavost ili nepoznavanje projektno-tehničke dokumentacije ili opisa u troškovniku neće se uzeti u obzir, niti smatrati razlogom za produženje roka izvedbe, a niti će se priznati bilo kakva razlika u cijeni s tog naslova.

5.) Tehnička dokumentacija koja se predaje prilikom natječaja informativnog je karaktera, a ponuđač je dužan u svom trošku izvršiti kontrolu projektno tehničke dokumentacije u smislu točnosti, tehničke ispravnosti, izvedivosti i međusobne usklađenosti. Sve eventualne primjedbe ponuditelj/izvoditelj dužan je pravovremeno uz ponudu, a u svakom slučaju prije izvedbe u pisanom obliku dostaviti Nadzoru i Naručitelju

6.) Ponuditelj je dužan provesti i kontrolu lokacije na licu mjesta prije davanja ponude. Jedinične cijene za pojedine vrste radova sadrže i sve one posredne troškove koji nisu iskazani u troškovniku, ali su neminovni za izvršenje radova predviđenih projektom.

7.) Organizacija gradilišta uračunata je u cijenu, ukoliko nije ponuđena kao zasebna stavka.

8.) Dizalice za podizanje, skele, strojevi, alati, pomoćna sredstva i konstrukcije uzeti su u obzir te su uračunati u jediničnu cijenu.

9.) Skele za radove na fasadi i radove na krovu predmet su ovog natječaja. Ponuditelj smije koristiti postojeće skele uz poštivanje sigurnosnih uvjeta i na vlastitu odgovornost. Preinake na skelama nisu dozvoljene te se one moraju predati u ispravnom stanju u kojem su i preuzete.

10.) Kompletnu režiju gradilišta usigurava i rješava ponuditelj/izvođač i i uključena je u jediničnu cijenu.

11.) Ponuditelj je obvezan redovno prikupljati i ,pravilno skladištiti i odvoziti na ovlašteni deponij sve otpadne materijale, ostatke, krhotine, građevinski otpad, ambalaže, obični otpad i slično o vlastitom trošku. Kod odlaganja otpada potrebno je pridržavati se svih javnopravnih uputa i propisa.

12.) Onečišćenja koja uslijed radova nastaju na susjednim terenima, zgradama, putovima, cestama, trgovima i slično, izvođač radova treba svakodnevno čistiti.

13.) Izvođač preuzima odgovornost za osiguravanje, skladištenje i spremanje vlastite građevinske opreme, strojeva, uređaja, alata i slično. Jednako vrijedi i za građevinske materijale, elemente i za ugradnju određenih uređaja i objekata sve do primopredaje obavljenih građevinskih radova.

14.) Prilikom izvođenja radova, izvoditelj treba zaštititi sve susjedne plohe, dijelove konstrukcije i prethodno izvedene radove na prikladan način a u skladu sa pravilima zaštite na radu, tako da ne dođe do oštećenja istih. Troškove zaštite treba izvoditelj ukalkulirati u ponudbenu cijenu izvođenja radova. Ukoliko ipak dođe do oštećenja prethodno izvedenih radova za koje je odgovoran izvoditelj ili njegov kooperant, dužan je iste o svom trošku dovesti u stanje prije oštećenja ili naručiti iste radove kod drugog izvoditelja na svoj teret.

15.) Sve potrebne mjere prema javnopravnim uputama i propisima za sigurnost i zaštitu zdravlja trebaju se uzeti u obzir te ih se treba pridržavati prilikom izvođenja radova.

16.) Prilikom davanja ponude i izvođenja radova treba se uzeti u obzir, uračunati i pridržavati se
- svih državnih i javnopravnih zakona, smjernica i propisa
- svih odgovarajućih tehničkih standarda, pravila i smjernica
- općeprihvaćenih pravila tehnike
- uputa, propisa i napomena proizvođača za ugradnju i obradu
- Kauflandovih građevinskih opisa, ugovorenih uvjeta i ostalih Kauflandovih dokumenata i planova.

17.) Stavke troškovnika obuhvačaju konačno dovršenje radova definiranih po količini i kvaliteti, onosno podrazumijevaju se kao gotove, potpune i funkcionirajuće, uklj. sve potrebne male dijelove i sredstva za pričvršćivanje, pomoćne materijale i sredstva, podkonstrukcije itd., kao i sve dodatne i posebne usluge - čak i kada one nisu detaljno opisane.

18.) Ako su treće stranke uključene u izvođenje predradnji, izvođač radova ih treba provjeravati. U slučaju nepravilnosti ili prigovora pravovremeno treba informirati naručitelja, tako da može tehnički i organizacijski dovršiti poslove.

19.) Obavezno se treba pridržavati svih Kauflandovih proizvodnih uputa, osim ako postoje opravdani razlozi za odstupanje (npr. dostupnost). U tom slučaju izvođač treba ponuditi istovjetni proizvod ili sustav te potvrditi istovjetnost. O njoj odlučuje naručitelj.

20.) Sustavi se izvode isključivo pomoću komponenata koje su predviđene od strane proizvođača sustava.

21.) Svi materijali, građevinski elementi i uređaji koji neposredno utječu na izgled i funkcionalnost prije ugradnje se trebaju provjeriti. Ugrađuju se tek nakon što naručitelj ili ovlaštena osoba odobri ugradnju na gradilištu. O vrsti i obliku uzorka odlučuje naručitelj.

22.) Ako nije drukčije propisano, izmjene postojećih projektnih rješenja od strane ponuditelja/izvođača a koje utječu na mehaničku stabilnost, ponuditelj/izvođač je dužan u svom trošku ishoditi sve suglasnosti, dozvole i sl.
Projekt izvedenog stanja ukalkulirati u jedničnu cijenu te dostaviti Kauflandu u pisanom i digitalnom obliku.

23.) Svi radovi na objektu te primjenjeni sistemi gradnje moraju biti izvedeni prema pravilu struke, odnosnu u granicama dopuštenih tolerancija.

24.) Ukoliko je ugovoreni termin izvršenja objekta uključen i zimski odnosno ljetni period, to se neće posebno izvođaču priznavati na ime naknade za rad pri niskoj temperaturi, zaštita konstrukcija od hladnoće i vrućine, te atmosferskih nepogoda, sve mora biti uključeno u jediničnu cijenu. Za vrijeme zime objekat se mora zaštititi. Svi eventualni smrznuti dijelovi moraju se ukloniti i izvesti ponovo bez bilo kakve naplate. Ukoliko je temperatura niža od temperature pri kojoj je dozvoljen dotični rad, a Investitor ipak traži da se radi, Izvođač si ima pravo zaračunati naknadu po normi 6,006 ali u tom slučaju Izvođač snosi punu odgovornost za ispravnost i kvalitetu rada. To isto vrijedi i za zaštitu radova tokom ljeta od prebrzog sušenja uslijed visoke temperature.

25.) U jediničnu cijenu rada izvođač treba obuhvatiti i slijedeće radove, koji se neće zasebno platiti kao naknadni rad, čak i ako nisu izričito navedenei u troškovniku:
- sve vrste transporta građevinskih materijala, elemenata, uređaja, objekata itd. do mjesta ugradnje
- potrebne i uobičajene pripreme i predobrade tla
- sve vrste bušenja, zavarivanja, lijepljenja, malih dijelova, sredstava za pričvršćivanje, međupoložaja, izolacije, brtvljenja, folija, spojeva itd. koje su potrebne za priključak, montažu i pričvršćivanje građevinskih dijelova i elemenata
- stručna priprema i priključak na sve okolne dijelove, ugradbene i nadgradne elemente i propuste
- sve izrade kutova, spojnih površina i elemenata, završnih elemenata, slobodnih krajeva itd.
- sve podloge za montažu, priključak i pričvršćivanje kao što su beton, zidani elementi, čelik, aluminij, limovi, gips karton, itd.
- potrebne spojne, kose i okrugle rezove te ostatke rezanja
- Izrada otvora i proreza za instalacije i ugradbene elemente drugih izvođača
- interno povezivanje kablovima i priključak objekata, dovod prema električnim trošilima na gradilištu od strane elektro izvođača",,,,,,,
,,Ograničenje usluga za drvena vrata,"U sljedećim pozicijama potrebno je uzeti u obzir i uračunati sljedeće usluge, čak i ako nisu izričito navedene:
- Ugradnju u sve vrste zidove od betona, zidanih elemenata, gips kartona, čelične konstrukcije, itd.
- Ispune okvira kod ugradnje u masivne zidove, ispuna u kvaliteti vidljivih površina
- Boju plastičnih garnitura prema Kauflandovoj paleti boja
- Primopredaju okvira za ugradnju od strane odjeljka za suhogradnju",,,,,,,
313.010,,unutarnja vrata,,,,,0,,,
313.010.00100,,"x..IT26..x - PVC 1-krilna vrata dimenzije [ 0,86 / 2,16 ] m","POZ P19, POZ P20
Izrada i postava unutarnjih jednokrilnih vrata PVC izvedbe bez praga. Okvir vrata od pvc profila sa pocinčanim metalnim ojačanjem od čelika

Referentna mjera za ugradnju: [ 0,86 / 2,16 ] m
Izvedba: Zaokretna vrata, 1-krilna, sa smjerom otvaranja ulijevo ili udesno
Okvir: pvc profila sa pocinčanim metalnim ojačanjem od čelika
Krilo vrata: izvedeno od pvc sendvić panela debljine 40mm.
Izvedba rubova: savijeni
Šarke: od nehrđajućeg čelika
Garnitura: Kvaka od plastike s čeličnom jezgrom, U-oblik s okruglim okvirima kvake i brave
Brava: Ugradbena brava sa zasunom, objektne kvalitete, pripremljena za profilni cilindar
Boje: sukladno Kauflandovoj paleti boja
Zidni zaustavljač vrata od mekane plastike, okrugli, promjera ca. 40 mm, s držačem od nehrđajućeg čelika, uklj. sredstva za pričvršćivanje, isporučiti i montirati",2,kom,,,,0,
313.010.00105,,"x..IT26..x - PVC 1-krilna vrata dimenzije [ 0,96 / 2,16 ] m","POZ P21, POZ P22, POZ P23, POZ P24
Izrada i postava unutarnjih jednokrilnih vrata PVC izvedbe bez praga. Okvir vrata od pvc profila sa pocinčanim metalnim ojačanjem od čelika

Referentna mjera za ugradnju: [ 0,96 / 2,16 ] m
Izvedba: Zaokretna vrata, 1-krilna, sa smjerom otvaranja ulijevo ili udesno
Okvir: pvc profila sa pocinčanim metalnim ojačanjem od čelika
Krilo vrata: izvedeno od pvc sendvić panela debljine 40mm.
Izvedba rubova: savijeni
Šarke: od nehrđajućeg čelika
Garnitura: Kvaka od plastike s čeličnom jezgrom, U-oblik s okruglim okvirima kvake i brave
Brava: Ugradbena brava sa zasunom, objektne kvalitete, pripremljena za profilni cilindar
Boje: sukladno Kauflandovoj paleti boja
Zidni zaustavljač vrata od mekane plastike, okrugli, promjera ca. 40 mm, s držačem od nehrđajućeg čelika, uklj. sredstva za pričvršćivanje, isporučiti i montirati",4,kom,,,,0,
313.010.00110,,"x..IT26..x - PVC 1-krilna vrata dimenzije [ 1,06 / 2,16 ] m","POZ P25
Izrada i postava unutarnjih jednokrilnih vrata PVC izvedbe bez praga. Okvir vrata od pvc profila sa pocinčanim metalnim ojačanjem od čelika

Referentna mjera za ugradnju: [ 1,06 / 2,16 ] m
Izvedba: Zaokretna vrata, 1-krilna, sa smjerom otvaranja ulijevo ili udesno
Okvir: pvc profila sa pocinčanim metalnim ojačanjem od čelika
Krilo vrata: izvedeno od pvc sendvić panela debljine 40mm.
Izvedba rubova: savijeni
Šarke: od nehrđajućeg čelika
Garnitura: Kvaka od plastike s čeličnom jezgrom, U-oblik s okruglim okvirima kvake i brave
Brava: Ugradbena brava sa zasunom, objektne kvalitete, pripremljena za profilni cilindar
Boje: sukladno Kauflandovoj paleti boja
Zidni zaustavljač vrata od mekane plastike, okrugli, promjera ca. 40 mm, s držačem od nehrđajućeg čelika, uklj. sredstva za pričvršćivanje, isporučiti i montirati",1,kom,,,,0,
313.010.00115,,"x..IT27..x - drvena 1-krilna vrata dimenzije - ured voditelja [ 1,06 / 2,16 ] m, 47 dB","POZ D01
Vrata koja se sastoje do drvenog krila i čeličnog okvira, uklj. sve okove, sitne dijelove, sredstva za pričvršćivanje i ispunu, isporučiti, ugraditi, odnosno montirati i podesiti.

Referentna mjera za ugradnju: 1,06 / 2,16 m
Izvedba: Zaokretna vrata, 1-krilna, sa smjerom otvaranja ulijevo ili udesno
Zahtjevi zvučne izolacije: Rw,p >= 47 dB
Protuprovalna izvedba (RC2)
Okvir: Obuhvatni okvir od čeličnog lima, pocinčan i grundiran
Zid: Zid od gips kartona, debljina zida 12,5 cm
Krilo vrata: okvir od masivnog drveta ispune od cjevaste iverice
Površina: HPL ploča
Izvedba rubova: savijeni, s drvenom prevlakom, plastični rub
Šarke: od nehrđajućeg čelika
Garnitura: Kvaka od plastike s čeličnom jezgrom, U-oblik s okruglim okvirima kvake i brave
Brava: Ugradbena brava sa zasunom, objektne kvalitete, pripremljena za profilni cilindar
Boje: sukladno Kauflandovoj paleti boja
Zidni zaustavljač vrata od mekane plastike, okrugli, promjera ca. 40 mm, s držačem od nehrđajućeg čelika, uklj. sredstva za pričvršćivanje, isporučiti i montirati",1,kom,,,,0,
313.010.00120,,"x..IT27..x - drvena 1-krilna vrata dimenzije [ 1,06 / 2,16 ] m, 37 dB","POZ D02, POZ D03
Vrata koja se sastoje do drvenog krila i čeličnog okvira, uklj. sve okove, sitne dijelove, sredstva za pričvršćivanje i ispunu, isporučiti, ugraditi, odnosno montirati i podesiti.

Referentna mjera za ugradnju: 1,06 / 2,16 m
Izvedba: Zaokretna vrata, 1-krilna, sa smjerom otvaranja ulijevo ili udesno
Zahtjevi zvučne izolacije: Rw,p >= 37 dB
Okvir: Obuhvatni okvir od čeličnog lima, pocinčan i grundiran
Zid: Zid od gips kartona, debljina zida 12,5 cm
Krilo vrata: okvir od masivnog drveta ispune od cjevaste iverice
Površina: HPL ploča
Izvedba rubova: savijeni, s drvenom prevlakom, plastični rub
Šarke: od nehrđajućeg čelika
Garnitura: Kvaka od plastike s čeličnom jezgrom, U-oblik s okruglim okvirima kvake i brave
Brava: Ugradbena brava sa zasunom, objektne kvalitete, pripremljena za profilni cilindar
Boje: sukladno Kauflandovoj paleti boja
Zidni zaustavljač vrata od mekane plastike, okrugli, promjera ca. 40 mm, s držačem od nehrđajućeg čelika, uklj. sredstva za pričvršćivanje, isporučiti i montirati",2,kom,,,,0,
313.010.00125,,"x..IT27..x - drvena 1-krilna vrata za garderobe dimenzije [ 1,06 / 2,16 ] m, 37 dB","POZ D04, POZ D05
Vrata koja se sastoje do drvenog krila i čeličnog okvira, uklj. sve okove, sitne dijelove, sredstva za pričvršćivanje i ispunu, isporučiti, ugraditi, odnosno montirati i podesiti.

Referentna mjera za ugradnju: 1,06 / 2,16 m
Izvedba: Okretna vrata, 1-krilna, sa smjerom otvaranja ulijevo ili udesno
Zahtjevi zvučne izolacije: Rw,p >= 37 dB
Okvir: Obuhvatni okvir od čeličnog lima, pocinčan i grundiran
Zid: Zid od gips kartona, debljina zida 12,5 cm
Krilo vrata: okvir od masivnog drveta ispune od cjevaste iverice
Površina: HPL ploča
Izvedba rubova: savijeni, s drvenom prevlakom, plastični rub
Šarke: od nehrđajućeg čelika
Garnitura: Ručka od plastike, s okruglim okvirima brave
Brava: Ugradbena brava sa zasunom, objektne kvalitete, pripremljena za profilni cilindar, bez izbočenja s valjkastim zasunom
Marka brave: Dorma 484
Gornji zatvarač: s kliznom šinom, na strani na kojoj se ne nalaze šarke
Ostalo: Lim od nehrđajućeg čelika, debljine 2 mm, visine 200 mm, s brušenom (granulacija 240) i četkanom površinom, s jedne strane na donjoj strani krila kao nagazni lim
Boje: sukladno Kauflandovoj paleti boja
Zidni zaustavljač vrata od mekane plastike, okrugli, promjera ca. 40 mm, s držačem od nehrđajućeg čelika, uklj. sredstva za pričvršćivanje, isporučiti i montirati",2,kom,,,,0,
313.010.00130,,"x..IT28..x - drvena 1-krilna vrata dimenzije 0,96 / 2,16 m","POZ D06, POZ D07, POZ D08
Vrata koja se sastoje od drvenog krila i čeličnog okvira, uklj. sve okove, sitne dijelove, sredstva za pričvršćivanje i ispunu, isporučiti, ugraditi, odnosno montirati i podesiti.

Referentna mjera za ugradnju: 0,96 / 2,16 m
Izvedba: Zaokretna vrata, 1-krilna, sa smjerom otvaranja ulijevo ili udesno
Zahtjev: prikladna za vlažna područja
Okvir: Obuhvatni okvir od čeličnog lima, pocinčan i grundiran
Zid: Zid od gips kartona, debljina zida 12,5 cm
Krilo vrata: okvir od masivnog drveta, puna ispuna od iverice
Površina: HPL ploča
Izvedba rubova: savijeni, s plastičnom prevlakom
Šarke: od nehrđajućeg čelika
Garnitura: Ručka od plastike, s okruglim okvirima brave
Gornji zatvarač: s kliznom šinom, na strani na kojoj se ne nalaze šarke
Brava: Ugradbena brava sa zasunom, objektne kvalitete, pripremljena za profilni cilindar, bez izbočenja s valjkastim zasunom
Ostalo: Lim od nehrđajućeg čelika, debljine 2 mm, visine 200 mm, s brušenom (granulacija 240) površinom, s obje strane na donjoj strani krila kao nagaznim limom
Boje: sukladno Kauflandovoj paleti boja
Zidni zaustavljač vrata od mekane plastike, okrugli, promjera ca. 40 mm, s držačem od nehrđajućeg čelika, uklj. sredstva za pričvršćivanje, isporučiti i montirati",3,kom,,,,0,
313.020,,Ostali,,,,,0,,,
313.020.00100,,- odbojnik zidnih vrata,"Zidni zaustavljač vrata od mekane plastike, okrugli, promjera ca. 40 mm, s držačem od nehrđajućeg čelika, uklj. sredstva za pričvršćivanje, isporučiti i montirati.",5,kom,,,,0,
314,,Vrata,,,,,0,,,
314.000,,Prethodne napomene,,,,,0,,,
,,ZTV - Dodatni tehnički uvjeti ugovora,"1.) Dodatni ugovoreni tehnički uvjeti dio su troškovnika te u slučaju ugovaranja postaju dio ugovora. Izvođač radova se dakle obavezuje na sve radove i primjene koje proizlaze iz ovih uvjeta te su one uračunate u cijenu, ukoliko nisu zasebno ponuđene.

2.) Cijene stavki se prikazuju kao neto iznos u državnoj valuti. Važeći zakonski propisani porez na dodanu vrijednost obračunava se zasebno.

3.) U slučaju proturječnosti dodatnih ugovorenih tehničkih uvjeta vrijede prvenstveno podaci iz troškovnika. U slučaju proturječnosti između troškovnika i tehničke dokumentacije koja se predaje prilikom natječaja, vrijedi tehnička dokumentacija.

4.) Prije početka davanja ponude, ponuditelj je dužan pažljivo pročitati kompletan tekst općih uvjeta uz troškovnik, općih i posebnih uvjeta uz svaku grupu radova, tekst samog troškovnika i ostale dijelove tehničke dokumentacije. Ako opis bilo koje stavke u troškovniku dovodi do sumnje o načinu izvedbe ili upotrebu gradiva zahtijevane kvalitete, treba prije predaje ponude zatražiti pojašnjenje od ovlaštene osobe Investitora. Naknadno pozivanje na manjkavost ili nepoznavanje projektno-tehničke dokumentacije ili opisa u troškovniku neće se uzeti u obzir, niti smatrati razlogom za produženje roka izvedbe, a niti će se priznati bilo kakva razlika u cijeni s tog naslova.

5.) Tehnička dokumentacija koja se predaje prilikom natječaja informativnog je karaktera, a ponuđač je dužan u svom trošku izvršiti kontrolu projektno tehničke dokumentacije u smislu točnosti, tehničke ispravnosti, izvedivosti i međusobne usklađenosti. Sve eventualne primjedbe ponuditelj/izvoditelj dužan je pravovremeno uz ponudu, a u svakom slučaju prije izvedbe u pisanom obliku dostaviti Nadzoru i Naručitelju

6.) Ponuditelj je dužan provesti i kontrolu lokacije na licu mjesta prije davanja ponude. Jedinične cijene za pojedine vrste radova sadrže i sve one posredne troškove koji nisu iskazani u troškovniku, ali su neminovni za izvršenje radova predviđenih projektom.

7.) Organizacija gradilišta uračunata je u cijenu, ukoliko nije ponuđena kao zasebna stavka.

8.) Dizalice za podizanje, skele, strojevi, alati, pomoćna sredstva i konstrukcije uzeti su u obzir te su uračunati u jediničnu cijenu.

9.) Skele za radove na fasadi i radove na krovu predmet su ovog natječaja. Ponuditelj smije koristiti postojeće skele uz poštivanje sigurnosnih uvjeta i na vlastitu odgovornost. Preinake na skelama nisu dozvoljene te se one moraju predati u ispravnom stanju u kojem su i preuzete.

10.) Kompletnu režiju gradilišta usigurava i rješava ponuditelj/izvođač i i uključena je u jediničnu cijenu.

11.) Ponuditelj je obvezan redovno prikupljati i ,pravilno skladištiti i odvoziti na ovlašteni deponij sve otpadne materijale, ostatke, krhotine, građevinski otpad, ambalaže, obični otpad i slično o vlastitom trošku. Kod odlaganja otpada potrebno je pridržavati se svih javnopravnih uputa i propisa.

12.) Onečišćenja koja uslijed radova nastaju na susjednim terenima, zgradama, putovima, cestama, trgovima i slično, izvođač radova treba svakodnevno čistiti.

13.) Izvođač preuzima odgovornost za osiguravanje, skladištenje i spremanje vlastite građevinske opreme, strojeva, uređaja, alata i slično. Jednako vrijedi i za građevinske materijale, elemente i za ugradnju određenih uređaja i objekata sve do primopredaje obavljenih građevinskih radova.

14.) Prilikom izvođenja radova, izvoditelj treba zaštititi sve susjedne plohe, dijelove konstrukcije i prethodno izvedene radove na prikladan način a u skladu sa pravilima zaštite na radu, tako da ne dođe do oštećenja istih. Troškove zaštite treba izvoditelj ukalkulirati u ponudbenu cijenu izvođenja radova. Ukoliko ipak dođe do oštećenja prethodno izvedenih radova za koje je odgovoran izvoditelj ili njegov kooperant, dužan je iste o svom trošku dovesti u stanje prije oštećenja ili naručiti iste radove kod drugog izvoditelja na svoj teret.

15.) Sve potrebne mjere prema javnopravnim uputama i propisima za sigurnost i zaštitu zdravlja trebaju se uzeti u obzir te ih se treba pridržavati prilikom izvođenja radova.

16.) Prilikom davanja ponude i izvođenja radova treba se uzeti u obzir, uračunati i pridržavati se
- svih državnih i javnopravnih zakona, smjernica i propisa
- svih odgovarajućih tehničkih standarda, pravila i smjernica
- općeprihvaćenih pravila tehnike
- uputa, propisa i napomena proizvođača za ugradnju i obradu
- Kauflandovih građevinskih opisa, ugovorenih uvjeta i ostalih Kauflandovih dokumenata i planova.

17.) Stavke troškovnika obuhvačaju konačno dovršenje radova definiranih po količini i kvaliteti, onosno podrazumijevaju se kao gotove, potpune i funkcionirajuće, uklj. sve potrebne male dijelove i sredstva za pričvršćivanje, pomoćne materijale i sredstva, podkonstrukcije itd., kao i sve dodatne i posebne usluge - čak i kada one nisu detaljno opisane.

18.) Ako su treće stranke uključene u izvođenje predradnji, izvođač radova ih treba provjeravati. U slučaju nepravilnosti ili prigovora pravovremeno treba informirati naručitelja, tako da može tehnički i organizacijski dovršiti poslove.

19.) Obavezno se treba pridržavati svih Kauflandovih proizvodnih uputa, osim ako postoje opravdani razlozi za odstupanje (npr. dostupnost). U tom slučaju izvođač treba ponuditi istovjetni proizvod ili sustav te potvrditi istovjetnost. O njoj odlučuje naručitelj.

20.) Sustavi se izvode isključivo pomoću komponenata koje su predviđene od strane proizvođača sustava.

21.) Svi materijali, građevinski elementi i uređaji koji neposredno utječu na izgled i funkcionalnost prije ugradnje se trebaju provjeriti. Ugrađuju se tek nakon što naručitelj ili ovlaštena osoba odobri ugradnju na gradilištu. O vrsti i obliku uzorka odlučuje naručitelj.

22.) Ako nije drukčije propisano, izmjene postojećih projektnih rješenja od strane ponuditelja/izvođača a koje utječu na mehaničku stabilnost, ponuditelj/izvođač je dužan u svom trošku ishoditi sve suglasnosti, dozvole i sl.
Projekt izvedenog stanja ukalkulirati u jedničnu cijenu te dostaviti Kauflandu u pisanom i digitalnom obliku.

23.) Svi radovi na objektu te primjenjeni sistemi gradnje moraju biti izvedeni prema pravilu struke, odnosnu u granicama dopuštenih tolerancija.

24.) Ukoliko je ugovoreni termin izvršenja objekta uključen i zimski odnosno ljetni period, to se neće posebno izvođaču priznavati na ime naknade za rad pri niskoj temperaturi, zaštita konstrukcija od hladnoće i vrućine, te atmosferskih nepogoda, sve mora biti uključeno u jediničnu cijenu. Za vrijeme zime objekat se mora zaštititi. Svi eventualni smrznuti dijelovi moraju se ukloniti i izvesti ponovo bez bilo kakve naplate. Ukoliko je temperatura niža od temperature pri kojoj je dozvoljen dotični rad, a Investitor ipak traži da se radi, Izvođač si ima pravo zaračunati naknadu po normi 6,006 ali u tom slučaju Izvođač snosi punu odgovornost za ispravnost i kvalitetu rada. To isto vrijedi i za zaštitu radova tokom ljeta od prebrzog sušenja uslijed visoke temperature.

25.) U jediničnu cijenu rada izvođač treba obuhvatiti i slijedeće radove, koji se neće zasebno platiti kao naknadni rad, čak i ako nisu izričito navedenei u troškovniku:
- sve vrste transporta građevinskih materijala, elemenata, uređaja, objekata itd. do mjesta ugradnje
- potrebne i uobičajene pripreme i predobrade tla
- sve vrste bušenja, zavarivanja, lijepljenja, malih dijelova, sredstava za pričvršćivanje, međupoložaja, izolacije, brtvljenja, folija, spojeva itd. koje su potrebne za priključak, montažu i pričvršćivanje građevinskih dijelova i elemenata
- stručna priprema i priključak na sve okolne dijelove, ugradbene i nadgradne elemente i propuste
- sve izrade kutova, spojnih površina i elemenata, završnih elemenata, slobodnih krajeva itd.
- sve podloge za montažu, priključak i pričvršćivanje kao što su beton, zidani elementi, čelik, aluminij, limovi, gips karton, itd.
- potrebne spojne, kose i okrugle rezove te ostatke rezanja
- Izrada otvora i proreza za instalacije i ugradbene elemente drugih izvođača
- interno povezivanje kablovima i priključak objekata, dovod prema električnim trošilima na gradilištu od strane elektro izvođača",,,,,,,
,,Opseg ciljeva izvedbe,"U sljedećim pozicijama potrebno je uzeti u obzir i uračunati sljedeće usluge, čak i ako nisu izričito navedene:
-",,,,,,,
314.010,,Brzopodizna vrata,,,,,0,,,
314.010.00100,,"x..IT29..x - unutarnja brzopodizna vrata dimenzije 1,5 / 2,5 m","POZ B27
Brza vrata za unutarnji prostor s električnim pogonom, na sljedeći način izraditi, isporučiti, montirati i spojiti:

Krilo: Plastično krilo, boja prema Kauflandovoj paleti boja, zatvoreno bez prozora, donji dio sa zaštitom protiv miševa
Obloge: Bočni elementi i oklop vratila od pocinčanog čeličnog lima, lako uklonjivi
Boje: Vodilice, okvir, limene obloge i oklop za pogonsku jedinicu u RAL boji prema Kauflandovoj paleti boja
Pogon: Upravljačka jedinica s frekvencijskim pretvaračem, za nježno ubrzavanje i usporavanje u krajnjim položajima, ručica za upravljanje bez ljestvi, ručno otključavanje i upravljanje u slučaju nužde bez skidanja obloga
Sigurnosne funkcije: Zaštita od sudara odnosno zaštitna mehanika s automatskim vraćanjem u vodilice, električnom kontaktnom letvom, sigurnosnom svjetlosnom barijerom
Brzine: Brzina otvaranja min. 2,0 m/s, brzina zatvaranja min. 0,5 m/s, programabilno vrijeme otvorenosti (kod prvog puštanja u rad min. 12 s)
Izjednačavanje tereta pomoću protuutega u bočnim dijelovima

Svijetla širina prolaza: 1,5 m
Svijetla visina prolaza: 2,5 m

Referentni proizvodi: sukladno Kauflandovom opisu gradnje",1,kom,,,,0,
314.010.00105,,"x..IT29..x - unutarnja brzopodizna vrata dimenzija 2,17 / 2,50 m","POZ B28, POZ B29
Brza vrata za unutarnji prostor s električnim pogonom, na sljedeći način izraditi, isporučiti, montirati i spojiti:

Krilo: Plastično krilo, boja prema Kauflandovoj paleti boja, zatvoreno bez prozora, donji dio sa zaštitom protiv miševa
Obloge: Bočni elementi i oklop vratila od pocinčanog čeličnog lima, lako uklonjivi
Boje: Vodilice, okvir, limene obloge i oklop za pogonsku jedinicu u RAL boji prema Kauflandovoj paleti boja
Pogon: Upravljačka jedinica s frekvencijskim pretvaračem, za nježno ubrzavanje i usporavanje u krajnjim položajima, ručica za upravljanje bez ljestvi, ručno otključavanje i upravljanje u slučaju nužde bez skidanja obloga
Sigurnosne funkcije: Zaštita od sudara odnosno zaštitna mehanika s automatskim vraćanjem u vodilice, električnom kontaktnom letvom, sigurnosnom svjetlosnom barijerom
Brzine: Brzina otvaranja min. 2,0 m/s, brzina zatvaranja min. 0,5 m/s, programabilno vrijeme otvorenosti (kod prvog puštanja u rad min. 12 s)
Izjednačavanje tereta pomoću protuutega u bočnim dijelovima

Svijetla širina prolaza: 2,17 m
Svijetla visina prolaza: 2,50 m

Referentni proizvodi: sukladno Kauflandovom opisu gradnje",2,kom,,,,0,
314.010.00110,,"x..IT29..x - unutarnja brzopodizna vrata dimenzija 2,01 / 2,50 m","POZ B17
Brza vrata za unutarnji prostor s električnim pogonom, na sljedeći način izraditi, isporučiti, montirati i spojiti:

Krilo: Plastično krilo, boja prema Kauflandovoj paleti boja, zatvoreno bez prozora, donji dio sa zaštitom protiv miševa
Obloge: Bočni elementi i oklop vratila od pocinčanog čeličnog lima, lako uklonjivi
Boje: Vodilice, okvir, limene obloge i oklop za pogonsku jedinicu u RAL boji prema Kauflandovoj paleti boja
Pogon: Upravljačka jedinica s frekvencijskim pretvaračem, za nježno ubrzavanje i usporavanje u krajnjim položajima, ručica za upravljanje bez ljestvi, ručno otključavanje i upravljanje u slučaju nužde bez skidanja obloga
Sigurnosne funkcije: Zaštita od sudara odnosno zaštitna mehanika s automatskim vraćanjem u vodilice, električnom kontaktnom letvom, sigurnosnom svjetlosnom barijerom
Brzine: Brzina otvaranja min. 2,0 m/s, brzina zatvaranja min. 0,5 m/s, programabilno vrijeme otvorenosti (kod prvog puštanja u rad min. 12 s)
Izjednačavanje tereta pomoću protuutega u bočnim dijelovima

Svijetla širina prolaza: 2,01 m
Svijetla visina prolaza: 2,50 m

Referentni proizvodi: sukladno Kauflandovom opisu gradnje",1,kom,,,,0,
314.010.00115,,"-Dodatna oprema za brzopodizna vrata, svjetlosna barijera","Dodatna opema za gore Navedena brzopodizna vrata: aktivacijua putem svjetlosne barijere, montaža na pod.",4,kom,,,,0,
314.010.00120,,"- Dodatna oprema brzopodizna vrata, radarski detektori pokreta","Dodatna oprema za gore Navedena brzopodizna vrata: aktivacija putem radarskog detektora pokreta, vertikalna/zidna montaža.",4,kom,,,,0,
314.010.00125,,"- Dodatna oprema za brzopodizna vrata, tipke","Dodatna oprema za gore Navedena brzopodizna vrata: aktivacija putem tipke, zidna montaža, ca. 1,2 m iznad poda.",4,kom,,,,0,
314.020,,Sekcijska vrata,,,,,0,,,
314.020.00100,,"- Sekcijska vanjska vrata, dimenzije 2,8 / 2,6 m, ručna","POZ B07
Sekcijska vrata za vanjski prostor, na sljedeći način izraditi, isporučiti, montirati i spojiti:

Krilo vrata: dvostruke sekcije, od pocinčanog čeličnog lima s ispunom od PU pjene, s premazom u prahu, s prozirnim dijelom podijeljenim u sredini i dvostrukim pločama od polikarbonata, otporno na udarce i provalu, visina sekcija ca. 500 mm
Boja: Krilo s unutarnje strane slično RAL 9002 (sivo-bijelo), s vanjske strane prema Kauflandovoj paleti boja
Vrsta okova: okovi za visoko vođenje, od pocinčanog čeličnog lima
Koeficijent toplinske provodnosti: prema državnim propisima i direktivama, min. 1,8 W/m2K
Pogon: ručni s lancem od okruglog čelika
Zaključavanje i nadzor vrata: Zasun s kontaktom, magnetni kontakt montiran u okvir

Svijetla širina prolaza: 2,8 m
Svijetla visina prolaza: 2,5 m, nisko vođenje vrata do visine priključka (-1,2 m u odnosu na visinu gotovog poda), visina vrata ca. 3,7 m",1,kom,,,,0,
314.020.00105,Optional position,"x..AT27..x - sekcijska vanjska vrata, dimenzije 2,8 / 2,6 m, električni pogon","POZ B07
Sekcijska vrata za vanjski prostor s električnim pogonom, na sljedeći način izraditi, isporučiti, montirati i spojiti:

Krilo vrata: dvostruke sekcije, od pocinčanog čeličnog lima s ispunom od PU pjene, s premazom u prahu, s prozirnim dijelom podijeljenim u sredini i dvostrukim pločama od polikarbonata, otporno na udarce i provalu, visina sekcija ca. 500 mm
Boja: Krilo s unutarnje strane slično RAL 9002 (sivo-bijelo), s vanjske strane prema Kauflandovoj paleti boja
Vrsta okova: okovi za visoko vođenje, od pocinčanog čeličnog lima
Koeficijent toplinske provodnosti: prema državnim propisima i direktivama, min. 1,8 W/m2K
Pogon: Električni pogon s vratilom, vrsta zaštite min. IP 44, s upravljanjem pomoću frekvencijskog pretvarača, elektronički krajnji prekidač, rukovanje u nuždi pomoću ručnog lanca
Sigurnosne funkcije: Sigurnosna oprema odabire se prema državnim propisima i direktivama, ali minimalno je potrebna zaštita rubova zatvaranja
Brzine: Brzina otvaranja min. 0,3 m/s, brzina zatvaranja min. 0,5 m/s
Zaključavanje i nadzor vrata: Zasun s kontaktom, magnetni kontakt montiran u okvir

Svijetla širina prolaza: 2,8 m
Svijetla visina prolaza: 2,5 m, nisko vođenje vrata do visine priključka (-1,2 m u odnosu na visinu gotovog poda), visina vrata ca. 3,7 m",1,kom,,,,,
314.020.00110,Optional position,"- Dodatna oprema za sekcijska vrata, otključavanje u slučaju požara","Dodatna oprema za gore Navedena sekcijska vrata, koja uključuje otključavanje u slučaju požara, prirpremljena za profilni cilindar.",1,kom,,,,,
314.030,,Rolo vrata,,,,,0,,,
314.040,,Ostali,,,,,0,,,
314.040.00100,,x..FT2..x - transportna tehnika,"Elektrohidraulička pretovarna rampa s pogonom, nosivosti 60 kN, prema DIN EN 1398 pretovarne rampe.

Ugradbena duljina 2000 mm, širina 1750 mm.
bezstupanjski pogon 1000 mm.
viseći dizajn za pristupačnost sa stražnjim dizalima.
Krug zaključavanja sekcijskih vrata i pretovarne rampe s osjetnikom svjetla, pomicanje rampe samo kada su sekcijska vrata otvorena, montaža osjetnika na okvir sekcijskih vrata, V = 1,50 m iznad gotovog poda, alternativno se pretovarna rampa aktivira preko dvosmjernog magnetskog prekidača.
Rukovanje putem upravljanja s tri ili četiri gumba (podizanje, pomak naprijed/natrag, gumb za automatsko vraćanje). Raspored komandi za pretovarnu rampu, donji rub 1,20 m.
Krug zaključavanja sekcijskih vrata i pretovarne rampe s osjetnikom svjetla, pomicanje rampe samo kada su sekcijska vrata otvorena, montaža osjetnika na okvir sekcijskih vrata, V = 1,50 m iznad gotovog poda, alternativno se pretovarna rampa aktivira preko dvosmjernog magnetskog prekidača.
Rubna zaštita
Odbojnik od sintetičkog kaučuka ili gume, visina/širina/dubina: 500/250/140 mm, boja crna, lako izmjenjiv, s čeličnom pločom za držanje. Odbojnik uvijen navojnim šipkama u rubnim zaštitnim kutnicima od punog čelika s unutarnjim navojem.
Rubni zaštitni kut otpr. 160/80/10 mm usidreni sidrima za beton u montažnu betonsku konstrukciju mjesta za pretovar.
Dodatna zaštita od udara (čelični odbojnik), izrađena od punog, pocinčanog čelika, debljine minimalno 8 mm.
Poseban slučaj specifičan za projekt: Ako je nagib između dostavnog dvorišta i zgrade veći od 2%, postoji rizik da će kamion oštetiti vanjski zid zgrade. Za svakih 1 % povećanja nagiba, vertikalni nagib kamiona povećava se za otprilike 2,5 cm u smjeru zgrade. Ova promjena u nagibu može se kompenzirati zavarivanjem odgovarajućih čeličnih odstojnih profila između vanjskog zida i udarnog odbojnika. Odstupanje od standarda (nagib 2%) uvijek je potrebno dogovoriti s Kauflandom.",1,kom,,,,0,
314.040.00105,,"x..TA2..x - ""dock shelter"" na sekcijskim vratima skladišta","Dobava i postava DOCK SHELTERA:
Standardne dimenzije: širina 3,35 m, ugradbena dubina 0,6 m, visina montaže: gornji rub brtve vratiju 3,38 m.
Širina prednje maske od cerade 600 mm, visina gornje maske (gornja površina) 800 mm.

Debljina mateijala PVC-cerade najmanje 3,5 mm. Boja cerade crna. Duljina gornje maske od cerade) se po potrebi prilagođava visini kamiona i provjerava prema specifičnostima projekta. Montaža se izvodi tako da donji rub brtve vratiju završava cca. 30 cm ispod razine poda skladišta. Gornja cerada se djelomično razdjeljuje lamelnim oblicima. Bijele orijentacijske pruge kao pomoć kod ulaska ugrađuju se u obje prednje maske od cerade, 100 mm širine, 750 mm duljine.

Na svakoj brtvi vratiju su 2 dodatne brtve (branici) za zaštitu od povlačenja/prodora hladnoće/ulaska toplog zraka, s poteznom užadi i oprugama ovješene na gornjem okviru brtve vratiju. Kutni brtveni jastuci u obliku cilindra s punjenjem od pjene (bez FCKW) i omotom otpornim na habanje, ojačanim mrežom od PVC-cerade s poliesterskom nosivim tkanjem.

Način izvedbe 1
Fleksibilna brtva vratiju sa zonama nabiranja, koje se bočno mogu izbjeći, konstrukcija s aluminijskim okvirom, prednji i stražnji elementi okvira spojeni zglobnim krakom s fleksibilnim opružnim vijcima. Brtva vratiju u zidnoj montaži s ugrađenim olukom za kišnicu na gornjoj plohi. Veličina usklađena s veličinom zabrtvljenog otvora. Gornje i bočne obloge od crnih PVC-cerada i mrežnih sustava otpornih na trenje i habanje.",1,kom,,,,0,
314.050,,Prijem / puštanje u rad,,,,,0,,,
314.050.00100,,"- puštanje u rad i upute, početno ispitivanje od strane stručnjaka","Puštanje u rad i obučavanje o gore navedenim Sustavima vrata.

Inicijalno ispitivanje prema EN 12635 gore navedenih sustava vrata u slučaju nužde od strane ovlaštene i priznate stručne osobe prema važećim propisima o ispitivanju u pojedinoj državi, uklj. izradu knjige o ispitivanju, potrebne naknadne provjere, ponovo vraćanje u rad.",1,paušal,,,,0,
314.060,,održavanje,,,,,0,,,
400,,Obrtnički radovi,,,,,0,,,
401,,Čišćenje,,,,,0,,,
401.000,,Prethodne napomene,,,,,0,,,
,,ZTV - Dodatni tehnički uvjeti ugovora,"1.) Dodatni ugovoreni tehnički uvjeti su dio opisa usluga te u slučaju narudžbe postaju dio ugovora. Izvođač radova se dakle obavezuje na sve usluge i primjene koje proizlaze iz ovih uvjeta te su one uračunate u cijenu, ukoliko nisu zasebno ponuđene.

2.) Usluge se prikazuju kao neto iznos u državnoj valuti. Važeći zakonski propisani porez na dodanu vrijednost obračunava se zasebno.

3.) U slučaju proturječnosti dodatnih ugovorenih tehničkih uvjeta vrijede prvenstveno podaci iz popisa usluga. U slučaju proturječnosti između popisa usluga i planske dokumentacije koja se predaje prilikom natječaja, vrijedi planska dokumentacija.

4.) Ponuditelj se prije izdavanja ponude detaljno informirao o građevinskim zadaćama koje treba izvesti, ukoliko su povezane s ponuđenim i planiranim uslugama, tako da na temelju popisa usluga nema nikakvih nejasnoća kod obračuna. Naknadne reklamacije koje proizlaze iz nepoznavanja natječajne dokumentacije neće se uvažavati.

5.) Planovi i u njima navedeni objekti koji se izdaju prilikom natječaja služe za informaciju. Ta dokumentacija ponuditelja ne oslobađa od obveze za vlastitim pribavljanjem svih potrebnih informacija za određivanje cijene detaljnim pregledavanjem planskih dokumenata.

6.) Ponuditelj je posjetio lokacije kako bi procijenio sve potrebne usluge. Svi vidljivi uvjeti koji utječu na formiranje cijene uzeti su u obzir prilikom određivanja jedinične cijene.

7.) Organizacija gradilišta za vlastite potrebe uračunata je u cijenu, ukoliko nije ponuđena kao zasebna stavka.

8.) Sve potrebne naprave za podizanje, skele, strojevi, alati, pomoćna sredstva i konstrukcije uzeti su u obzir te su uračunati u cijenu.

9.) Skele za radove na fasadi i radove na krovu predmet su ovog natječaja. Ponuditelj smije koristiti postojeće skele uz poštivanje sigurnosnih uvjeta i na vlastitu odgovornost. Preinake na skelama nisu dozvoljene te se one moraju predati u ispravnom stanju u kojem su i preuzete.

10.) Struju i vodu na gradilištu osigurava odjeljak za organizaciju gradilišta od mjesta distribucije odnosno crpljenja za sve ostale usluge i radove.

11.) Ponuditelj je obvezan redovno prikupljati i pravilno odložiti sve otpadne materijale, ostatke, krhotine, građevinski otpad, ambalaže, obični otpad i slično o vlastitom trošku. Kod odlaganja otpada potrebno je pridržavati se svih javnopravnih uputa i propisa.

12.) Onečišćenja koja uslijed radova nastaju na susjednim terenima, zgradama, putovima, cestama, trgovima i slično, izvođač radova svakodnevno treba očistiti.

13.) Izvođač preuzima odgovornost za osiguravanje, skladištenje i spremanje vlastitih građevinskih naprava, strojeva, uređaja, alata i slično. Jednako vrijedi i za građevinske materijale, elemente i za ugradnju određenih uređaja i objekata sve do primopredaje obavljenih građevinskih usluga.

14.) Građevinski i konstrukcijski elementi se prilikom izvođenja radova odgovarajućim mjerama trebaju zaštititi od onečišćenja i oštećenja. Jednako tako i izvođač treba zaštititi vlastite usluge sve do primopredaje obavljenih građevinskih usluga.

15.) Sve potrebne mjere prema javnopravnim uputama i propisima za sigurnost i zaštitu zdravlja trebaju se uzeti u obzir te ih se treba pridržavati prilikom izvođenja radova.

16.) Prilikom izdavanja ponude i izvođenja radova treba se uzeti u obzir, uračunati i pridržavati se
- svih državnih i javnopravnih zakona, smjernica i propisa
- svih odgovarajućih tehničkih standarda, pravila i smjernica
- općeprihvaćenih pravila tehnike
- uputa, propisa i napomena proizvođača za ugradnju i obradu
- Kauflandovih građevinskih opisa, ugovorenih uvjeta i ostalih Kauflandovih dokumenata i planova
.

17.) Navedene usluge podrazumijevaju se kao gotove, potpune i funkcionirajuće, uklj. sve potrebne male dijelove i sredstva za pričvršćivanje, pomoćne materijale i sredstva, podkonstrukcije itd., kao i sve dodatne i posebne usluge - čak i kada one nisu detaljno opisane.

18.) Ako su treće stranke uključene u izvođenje predradnji, izvođač radova ih treba provjeravati. U slučaju nepravilnosti ili prigovora pravovremeno treba informirati naručitelja, tako da može tehnički i organizacijski dovršiti poslove.

19.) Obavezno se treba pridržavati svih Kauflandovih proizvodnih uputa, osim ako postoje opravdani razlozi za odstupanje (npr. dostupnost). U tom slučaju izvođač treba ponuditi istovjetni proizvod ili sustav te potvrditi istovjetnost. O njoj odlučuje naručitelj.

20.) Sustavi se izvode isključivo pomoću komponenata koje su predviđene od strane proizvođača sustava.

21.) Svi materijali, građevinski elementi i uređaji koji neposredno utječu na izgled i funkcionalnost prije ugradnje se trebaju provjeriti. Ugrađuju se tek nakon što naručitelj ili ovlaštena osoba odobri ugradnju na gradilištu. O vrsti i obliku predloška odlučuje naručitelj.

22.) Ukoliko nisu ponuđene kao posebne stavke, troškovi za projektiranje usluga trebaju se uračunati u cijene pojedinih radova. Opseg projektiranja ovisno o radnji i potrebi može uključivati lokalno mjerenje, statičke proračune, planiranje radova, proizvodnje, detalja i montaže na temelju Kauflandovih podataka i izradu revizijskih dokumenata.

23.) Sve konstrukcije, načini gradnje i sustavi moraju biti izvedeni tako da mogu prihvatiti odnosno kompenzirati uobičajene i dozvoljene tolerancije u pripremnim radovima odnosno u tlu.

24.) Otežane okolnosti koje su uvjetovane godišnjim dobom ili vremenskim uvjetima i koje se u normalnim uvjetima trebaju uzeti u obzir, ne predstavljaju opravdan razlog za dodatne troškove ili produženje rokova izvođenja. U slučaju dvojbe izvođač mora dokazati prisutnost izvanrednih okolnosti.

25.) Ovisno o gradilištu i uslugama potrebno je uzeti u obzir i uračunati sljedeće primjene i usluge, čak i ako nisu izričito navedene u popisu usluga:
- sve vrste transporta građevinskih materijala, elemenata, uređaja, objekata itd. do mjesta ugradnje
- potrebne i uobičajene pripreme i predobrade tla
- sve vrste bušenja, zavarivanja, lijepljenja, malih dijelova, sredstava za pričvršćivanje, međupoložaja, izolacije, brtvljenja, folija, spojeva itd. koje su potrebne za priključak, montažu i pričvršćivanje građevinskih dijelova i elemenata
- stručna priprema i priključak na sve okolne dijelove, ugradbene i nadgradne elemente i propuste
- sve izrade kutova, spojnih površina i elemenata, završnih elemenata, slobodnih krajeva itd.
- sve podloge za montažu, priključak i pričvršćivanje kao što su beton, zidani elementi, čelik, aluminij, limovi, gips karton, itd.
- potrebne spojne, kose i okrugle rezove te ostatke rezanja
- Izrada otvora i proreza za instalacije i ugradbene elemente drugih izvođača
- interno povezivanje kablovima i priključak objekata, dovod prema električnim trošilima na gradilištu od strane elektro izvođača",,,,,,,
,,Opseg usluga,"U sljedećim pozicijama potrebno je uzeti u obzir i uračunati sljedeće usluge, čak i ako nisu izričito navedene:
- potrebne izrade fuga i rezova za razdvajanje
- Izrade kutova s profilima za žbuku
- Priključke s letvama za žbuku i / ili trake za brtvljenje i maskiranje
- Ugradnju armaturnih mreža u područjima u kojima postoji opasnost od pukotina
- Zatvaranje rupa od skela
- stručnu naknadnu obradu",,,,,,,
401.010,,Unutarnja žbuka,,,,,0,,,
401.010.00100,,"- gletanje armirano-betonskih površina, površina Q[2]","Stavkom obuhvaćena priprema zidova, gletanje površina s glet pastom (tipa ""POLIFIX""), brušenje i otprašivanje, te kitanje spojeva.
Sudari moraju biti oštro obrađeni.

U cijenu uračunat sav potreban materijal, alat, rad i strojevi za izradu, priprema površina brušenjem i ispravljanjem neravnina, čišćenje i odvoz otpada nakon izvedbe radova, zaštita okolnih površina, sve pomične i nepomične radne skele. Izvedba strogo prema uputstvima proizvođača sa svim potrebnim materijalom, alatom, strojevima i radom sve do potpune funkcionalne gotovosti u skladu s pravilima struke. Izvedba prema uputama tehnologa proizvođača do gotove funkcionalnosti.

Visina: do [6,50] m
Podloga: Unutarnji zid od betona
Površina: standardna kvaliteta (Q2)",410,m2,,,,0,
401.010.00105,,"- gletanje zidane površina-YTONG, površina Q[2]","U svemu kao stavka 401.010.00100 samo:

Podloga: Unutarnji zid od YTONG blokova
Gletanje debljine 3 -4 mm uz obvezno rabiciranje plastičnom mrežicom.",42,m2,,,,0,
401.020,,Vanjska žbuka,,,,,0,,,
401.020.00100,Optional position,- fasadna boja,"Nanošenje boje za fasadu od čistog akrilata kao srednji ili završni sloj, sa stalnom strukturom, veoma otpornu na vodu, s propuštanjem pare, otpornu na lužine, sa zaštitom od algi i gljivica.

Podloga: zaglađeni beton
Boja: sukladno Kauflandovoj paleti boja",150,m2,,,,,
401.030,,ETICS FASADA,,,,,0,,,
401.030.00100,,"- ETICS FASADA sa kamenom vunom, debljina [ 140 ] mm","Izrada ETICS sustava toplinske izolacije na zidanom zidu od opeke na bazi kamene vune. Izvedba završne tankoslojne fine akrilne dekorativne žbuke u boji RAL. Izvedba do gotove i potpune funkcionalnosti prema uputama proizvođača te aktualnih smjernica za izradu ETICS sustava, Hrvatske udruge proizvođača toplinsko fasadnih sustava, uključivo potrebne dodatne elemente, kutne profile, okapnice i dr.

Reakcija na požar: A1, s1-d0
Toplinska izolacija: Ploče od kamene vune prema DIN EN 13164, toplinska vodljivost [xxx] W/mK, debljina izolacije [140] mm (ljepljenjem polimerno-cementnim ljepilom točkasto i po rubovima ploče, mehaničkim učvršćenjem (6-8 spojnica/m2)
Armaturni sloj: izvesti s mortom za armaturni sloj tako da je nazivna debljina sloja dmin=3 mm, a staklena mrežica pozicionirana u gornjoj polovici armaturnog sloja.
U kutove otvora, prodore i sl. postaviti dijagonalnu mrežicu minimalne dimenzije 20x40 cm.
Završno-dekorativna akrilna žbuka: tankoslojna akrilatna završno-dekorativna žbuka zrnaste strukture granulacije 1,5mm nijanse prema ton-karti proizvođača i odabiru investitora i projektanta.
Ostalo: predobrada armaturnog sloja odgovarajućim predpremazom.",48,m2,,,,0,
401.030.00105,,- Špaleta dubine do 20cm,Dodatno izvedba špaleta iz gore navedenih sustava ETICS fasade. Dubina špalete do 20 cm.,7.6,m,,,,0,
401.040,,Ostali,,,,,0,,,
402,,Suha gradnja,,,,,0,,,
402.000,,Prethodne napomene,,,,,0,,,
,,ZTV - Dodatni tehnički uvjeti ugovora,"1.) Dodatni ugovoreni tehnički uvjeti dio su troškovnika te u slučaju ugovaranja postaju dio ugovora. Izvođač radova se dakle obavezuje na sve radove i primjene koje proizlaze iz ovih uvjeta te su one uračunate u cijenu, ukoliko nisu zasebno ponuđene.

2.) Cijene stavki se prikazuju kao neto iznos u državnoj valuti. Važeći zakonski propisani porez na dodanu vrijednost obračunava se zasebno.

3.) U slučaju proturječnosti dodatnih ugovorenih tehničkih uvjeta vrijede prvenstveno podaci iz troškovnika. U slučaju proturječnosti između troškovnika i tehničke dokumentacije koja se predaje prilikom natječaja, vrijedi tehnička dokumentacija.

4.) Prije početka davanja ponude, ponuditelj je dužan pažljivo pročitati kompletan tekst općih uvjeta uz troškovnik, općih i posebnih uvjeta uz svaku grupu radova, tekst samog troškovnika i ostale dijelove tehničke dokumentacije. Ako opis bilo koje stavke u troškovniku dovodi do sumnje o načinu izvedbe ili upotrebu gradiva zahtijevane kvalitete, treba prije predaje ponude zatražiti pojašnjenje od ovlaštene osobe Investitora. Naknadno pozivanje na manjkavost ili nepoznavanje projektno-tehničke dokumentacije ili opisa u troškovniku neće se uzeti u obzir, niti smatrati razlogom za produženje roka izvedbe, a niti će se priznati bilo kakva razlika u cijeni s tog naslova.

5.) Tehnička dokumentacija koja se predaje prilikom natječaja informativnog je karaktera, a ponuđač je dužan u svom trošku izvršiti kontrolu projektno tehničke dokumentacije u smislu točnosti, tehničke ispravnosti, izvedivosti i međusobne usklađenosti. Sve eventualne primjedbe ponuditelj/izvoditelj dužan je pravovremeno uz ponudu, a u svakom slučaju prije izvedbe u pisanom obliku dostaviti Nadzoru i Naručitelju

6.) Ponuditelj je dužan provesti i kontrolu lokacije na licu mjesta prije davanja ponude. Jedinične cijene za pojedine vrste radova sadrže i sve one posredne troškove koji nisu iskazani u troškovniku, ali su neminovni za izvršenje radova predviđenih projektom.

7.) Organizacija gradilišta uračunata je u cijenu, ukoliko nije ponuđena kao zasebna stavka.

8.) Dizalice za podizanje, skele, strojevi, alati, pomoćna sredstva i konstrukcije uzeti su u obzir te su uračunati u jediničnu cijenu.

9.) Skele za radove na fasadi i radove na krovu predmet su ovog natječaja. Ponuditelj smije koristiti postojeće skele uz poštivanje sigurnosnih uvjeta i na vlastitu odgovornost. Preinake na skelama nisu dozvoljene te se one moraju predati u ispravnom stanju u kojem su i preuzete.

10.) Kompletnu režiju gradilišta usigurava i rješava ponuditelj/izvođač i i uključena je u jediničnu cijenu.

11.) Ponuditelj je obvezan redovno prikupljati i ,pravilno skladištiti i odvoziti na ovlašteni deponij sve otpadne materijale, ostatke, krhotine, građevinski otpad, ambalaže, obični otpad i slično o vlastitom trošku. Kod odlaganja otpada potrebno je pridržavati se svih javnopravnih uputa i propisa.

12.) Onečišćenja koja uslijed radova nastaju na susjednim terenima, zgradama, putovima, cestama, trgovima i slično, izvođač radova treba svakodnevno čistiti.

13.) Izvođač preuzima odgovornost za osiguravanje, skladištenje i spremanje vlastite građevinske opreme, strojeva, uređaja, alata i slično. Jednako vrijedi i za građevinske materijale, elemente i za ugradnju određenih uređaja i objekata sve do primopredaje obavljenih građevinskih radova.

14.) Prilikom izvođenja radova, izvoditelj treba zaštititi sve susjedne plohe, dijelove konstrukcije i prethodno izvedene radove na prikladan način a u skladu sa pravilima zaštite na radu, tako da ne dođe do oštećenja istih. Troškove zaštite treba izvoditelj ukalkulirati u ponudbenu cijenu izvođenja radova. Ukoliko ipak dođe do oštećenja prethodno izvedenih radova za koje je odgovoran izvoditelj ili njegov kooperant, dužan je iste o svom trošku dovesti u stanje prije oštećenja ili naručiti iste radove kod drugog izvoditelja na svoj teret.

15.) Sve potrebne mjere prema javnopravnim uputama i propisima za sigurnost i zaštitu zdravlja trebaju se uzeti u obzir te ih se treba pridržavati prilikom izvođenja radova.

16.) Prilikom davanja ponude i izvođenja radova treba se uzeti u obzir, uračunati i pridržavati se
- svih državnih i javnopravnih zakona, smjernica i propisa
- svih odgovarajućih tehničkih standarda, pravila i smjernica
- općeprihvaćenih pravila tehnike
- uputa, propisa i napomena proizvođača za ugradnju i obradu
- Kauflandovih građevinskih opisa, ugovorenih uvjeta i ostalih Kauflandovih dokumenata i planova.

17.) Stavke troškovnika obuhvačaju konačno dovršenje radova definiranih po količini i kvaliteti, onosno podrazumijevaju se kao gotove, potpune i funkcionirajuće, uklj. sve potrebne male dijelove i sredstva za pričvršćivanje, pomoćne materijale i sredstva, podkonstrukcije itd., kao i sve dodatne i posebne usluge - čak i kada one nisu detaljno opisane.

18.) Ako su treće stranke uključene u izvođenje predradnji, izvođač radova ih treba provjeravati. U slučaju nepravilnosti ili prigovora pravovremeno treba informirati naručitelja, tako da može tehnički i organizacijski dovršiti poslove.

19.) Obavezno se treba pridržavati svih Kauflandovih proizvodnih uputa, osim ako postoje opravdani razlozi za odstupanje (npr. dostupnost). U tom slučaju izvođač treba ponuditi istovjetni proizvod ili sustav te potvrditi istovjetnost. O njoj odlučuje naručitelj.

20.) Sustavi se izvode isključivo pomoću komponenata koje su predviđene od strane proizvođača sustava.

21.) Svi materijali, građevinski elementi i uređaji koji neposredno utječu na izgled i funkcionalnost prije ugradnje se trebaju provjeriti. Ugrađuju se tek nakon što naručitelj ili ovlaštena osoba odobri ugradnju na gradilištu. O vrsti i obliku uzorka odlučuje naručitelj.

22.) Ako nije drukčije propisano, izmjene postojećih projektnih rješenja od strane ponuditelja/izvođača a koje utječu na mehaničku stabilnost, ponuditelj/izvođač je dužan u svom trošku ishoditi sve suglasnosti, dozvole i sl.
Projekt izvedenog stanja ukalkulirati u jedničnu cijenu te dostaviti Kauflandu u pisanom i digitalnom obliku.

23.) Svi radovi na objektu te primjenjeni sistemi gradnje moraju biti izvedeni prema pravilu struke, odnosnu u granicama dopuštenih tolerancija.

24.) Ukoliko je ugovoreni termin izvršenja objekta uključen i zimski odnosno ljetni period, to se neće posebno izvođaču priznavati na ime naknade za rad pri niskoj temperaturi, zaštita konstrukcija od hladnoće i vrućine, te atmosferskih nepogoda, sve mora biti uključeno u jediničnu cijenu. Za vrijeme zime objekat se mora zaštititi. Svi eventualni smrznuti dijelovi moraju se ukloniti i izvesti ponovo bez bilo kakve naplate. Ukoliko je temperatura niža od temperature pri kojoj je dozvoljen dotični rad, a Investitor ipak traži da se radi, Izvođač si ima pravo zaračunati naknadu po normi 6,006 ali u tom slučaju Izvođač snosi punu odgovornost za ispravnost i kvalitetu rada. To isto vrijedi i za zaštitu radova tokom ljeta od prebrzog sušenja uslijed visoke temperature.

25.) U jediničnu cijenu rada izvođač treba obuhvatiti i slijedeće radove, koji se neće zasebno platiti kao naknadni rad, čak i ako nisu izričito navedenei u troškovniku:
- sve vrste transporta građevinskih materijala, elemenata, uređaja, objekata itd. do mjesta ugradnje
- potrebne i uobičajene pripreme i predobrade tla
- sve vrste bušenja, zavarivanja, lijepljenja, malih dijelova, sredstava za pričvršćivanje, međupoložaja, izolacije, brtvljenja, folija, spojeva itd. koje su potrebne za priključak, montažu i pričvršćivanje građevinskih dijelova i elemenata
- stručna priprema i priključak na sve okolne dijelove, ugradbene i nadgradne elemente i propuste
- sve izrade kutova, spojnih površina i elemenata, završnih elemenata, slobodnih krajeva itd.
- sve podloge za montažu, priključak i pričvršćivanje kao što su beton, zidani elementi, čelik, aluminij, limovi, gips karton, itd.
- potrebne spojne, kose i okrugle rezove te ostatke rezanja
- Izrada otvora i proreza za instalacije i ugradbene elemente drugih izvođača
- interno povezivanje kablovima i priključak objekata, dovod prema električnim trošilima na gradilištu od strane elektro izvođača",,,,,,,
,,Kvaliteta površine od punjenja,"Kod nanošenja žbuke na gips ploče, razlikuju se sljedeći razredi kvalitete:
Razred kvalitete 1 (Q1): Osnovno nanošenje žbuke bez optičkih zahtjeva, punjenje spojnih fuga između gips ploča, presvlačenje vidljivih dijelova sredstava za pričvršćivanje, uklanjanje prekomjerne žbuke.
Razred kvalitete 2 (Q2): Standardno nanošenje žbuke uz normalne optičke zahtjeve, izvedba kao Q1, uz dodatno naknadno nanošenje žbuke (fina žbuka, finiš) do postizanja nevidljivog prijelaza na površinu ploče, brušenje žbukanih područja po potrebi.
Razred kvalitete 3 (Q3): Posebno nanošenje žbuke s većim optičkim zahtjevima, izvedba kao Q2, uz dodatno šire žbukanje fuga, oštro povlačenje preostale kartonske površine za zatvaranje svih pora žbukom, brušenje žbukane površine po potrebi.
Razred kvalitete 4 (Q4): Posebno nanošenje žbuke uz najveće optičke zahtjeve, izvedba kao Q3, uz dodatno presvlačenje površine i poravnavanje cijele površine prikladnim materijalom (debljina sloja veća od 1 mm), brušenje ožbukane površine po potrebi.",,,,,,,
,,Suhozid za razgraničenje izvedbe,"U sljedećim pozicijama potrebno je uzeti u obzir i uračunati sljedeće usluge, čak i ako nisu izričito navedene:
- Mjerenje zidova i stropova
- prijepis oznaka visine koje su potrebne za provedbu radova
- potrebne izrade fuga
- Izradu kutova i priključaka pomoću profila iz suhogradnje
- potrebne podkonstrukcije, zamjene i pojačanja
- Ugradnju armaturnih mreža u područjima u kojima postoji opasnost od pukotina
- potrebna zidna pojačanja od višeslojnih zalijepljenih drvenih ploča
- Pružanje usluga u nekoliko dijelova gradilišta za izvedbu instalacija na gradilištu
- Postavljanje zvučne izolacije na proboje za vodove
- Isporuku svih građevinskih potvrda (za protupožarnu, zvučnu i toplinsku zaštitu)
- Nanošenje žbuke na sve slojeve kod višeslojnih obloga
- elastične fuge koje se mogu premazati na svim unutarnjim kutovima i priključcima
- sve standardne priključke na podovima, stropovima, zidovima ili potpornjima
- potrebne duge nosače kod svih krovnih konstrukcija
- Okvire vrata isporučuje odjeljak za drvena i čelična vrata",,,,,,,
402.010,,Unutarnji zidovi,,,,,0,,,
402.010.00100,,"x..TW2..x - gipskartonski zid debljine [150] mm, obostrano GKB ploča","Izrada pregradnog montažnog zida iz GKP ploča oznake TW2:
• gips-kartonske ploče (1.000 kg/m3); dvostruka obloga 2x1,25cm
• jednostruka metalna potkonstrukcija (CW [ 100mm ]) za elastični ovjes gips-kartonskih ploča, ispuna samonosiva meka mineralna vuna debljine [ 100]mm)
• gips-kartonske ploče (1.000 kg/m3); dvostruka obloga 2x1,25cm
Svi spojevi moraju biti ljepljeni, bandažirani i gletani, fugirani, s obje strane pripremljeno za bojanje, bez bojanja. Izvedba do gotove funkcionalnosti a sve prema standardnim detaljima proizvođača sustava.

Debljina zida: [ 150 ] mm
Visina zida: do [ 6,15 ] m
Kvaliteta gleta: Q - [ 2 ]",910,m2,,,,0,
402.010.00105,,"x..TW2..x - gipskartonski zid debljine [ 125 ] mm, obostrano GKB ploča","Izrada pregradnog montažnog zida iz GKP ploča oznake TW2:
• gips-kartonske ploče (1.000 kg/m3); dvostruka obloga 2x1,25cm;
• jednostruka metalna potkonstrukcija (CW [ 100mm ]) za elastični ovjes gips-kartonskih ploča, ispuna samonosiva meka mineralna vuna debljine [ 60 ]mm)
• gips-kartonske ploče (1.000 kg/m3); dvostruka obloga 2x1,25cm;
Svi spojevi moraju biti ljepljeni, bandažirani i gletani, fugirani, s obje strane pripremljeno za bojanje, bez bojanja. Izvedba do gotove funkcionalnosti a sve prema standardnim detaljima proizvođača sustava.

Debljina zida: [ 125 ] mm
Visina zida: do [ 5,95] m
Kvaliteta gleta: Q - [ 2 ]",210,m2,,,,0,
402.010.00110,,"x..TW2..x - gipskartonski zid debljine [ 125 ] mm, obostrano GKB ploča","Izrada pregradnog montažnog zida iz GKP ploča oznake TW2:
• gips-kartonske ploče (1.000 kg/m3); dvostruka obloga 2x1,25cm; visina oblaganja [3,10 ] m od gotovog poda
• jednostruka metalna potkonstrukcija (CW [ 100mm ]) za elastični ovjes gips-kartonskih ploča, ispuna samonosiva meka mineralna vuna debljine [ 60 ]mm)
• gips-kartonske ploče (1.000 kg/m3); dvostruka obloga 2x1,25cm; visina oblaganja [3,10 ] m od gotovog poda
Svi spojevi moraju biti ljepljeni, bandažirani i gletani, fugirani, s obje strane pripremljeno za bojanje, bez bojanja. Izvedba do gotove funkcionalnosti a sve prema standardnim detaljima proizvođača sustava.

Debljina zida: [ 125 ] mm
Visina zida: do [ 5,95] m
Kvaliteta gleta: Q - [ 2 ]",172,m2,,,,0,
402.010.00115,,"- gipskartonski zid debljine [ 150] mm, protupožarni","Izrada požarnog montažnog zida na granici požarnog sektora EI90 (nenosiva konstrukcija) iz GK presjeka debljine 15cm, oznake W112.
• dvostruka knauf protupožarna ploča DF d=12,5mm
• metalna jednostruka potkonstrukcija CW (100mm) za elastični ovjes gips-kartonskih ploča, ispuna kamena vuna A1 debljine 100mm)
• dvostruka knauf protupožarna ploča DF d=12,5mm
Svi spojevi moraju biti ljepljeni, bandažirani i gletani, fugirani, s obje strane pripremljeno za bojanje, bez bojanja. Izvedba do gotove funkcionalnosti a sve prema standardnim detaljima proizvođača sustava.

Debljina zida: [ 150 ] mm
Visina zida: do [6,15] m
Kvaliteta gleta: Q - [ 2 ]",1045,m2,,,,0,
402.010.00120,,"- gipskartonski zid debljine [ 150] mm, protupožarni","Izrada požarnog montažnog zida na granici požarnog sektora EI90 (nenosiva konstrukcija) iz GK presjeka debljine 15cm, oznake W112.
• dvostruka knauf ploča Diamant DFH2IR d=12,5mm
• metalna jednostruka potkonstrukcija CW (100mm) za elastični ovjes gips-kartonskih ploča, ispuna kamena vuna A1 debljine 100mm)
• dvostruka knauf ploča Diamant DFH2IR d=12,5mm
Svi spojevi moraju biti ljepljeni, bandažirani i gletani, fugirani, s obje strane pripremljeno za bojanje, bez bojanja. Izvedba do gotove funkcionalnosti a sve prema standardnim detaljima proizvođača sustava.

Debljina zida: [ 150 ] mm
Visina zida: do [6,15] m
Kvaliteta gleta: Q - [ 2 ]",56,m2,,,,0,
402.010.00125,,"- gipskartonski zid debljine [ 152 ] mm, protuprovalni","Izrada pregradnog protuprovalnog montažnog zida iz GK presjeka debljine 15cm oznake W118 RO3:
• trostruka Diamant ploče debljina 12,5mm + čelični lim 2x0,5mm
• jednostruka metalna potkonstrukcija d=75mm za elastični ovjes Vidiwall ploča, ispuna izolacijom klase min B2, debljine 60mm + sloj zraka 15mm
• trostruka Diamant ploče debljina 12,5mm + čelični lim 2x0,5mm
Svi spojevi moraju biti ljepljeni, bandažirani i gletani, fugirani, s obje strane pripremljeno za bojanje, bez bojanja. Izvedba do gotove funkcionalnosti a sve prema standardnim detaljima proizvođača sustava.

Debljina zida: [ 152 ] mm
Visina zida: do [ 5,75] m
Kvaliteta gleta: Q - [ 2 ]",25,m2,,,,0,
402.010.00130,,- obloga fasadnih limenih panela; GKB ploča,"Izrada obloge fasadnih limenih panela iz GKP presjeka (W623):
• gips-kartonske ploče (1.000 kg/m3) na jednostrukoj metalnoj potkonstrukciji, finalizirane površine; dvostruka obloga 2x1,25cm; visina oblaganja [ 3,3 ] m, gornji horizontalni rub zatvoriti (uključeno u cijenu)
• metalna potkonstrukcija CD [ 60/27 ], direktni ovjes za panele točkasto, za elastični ovjes gips-kartonskih ploča, ispuna meka mineralna vuna 3,0 cm
Svi spojevi moraju biti ljepljeni, bandažirani i gletani, fugirani, s obje strane pripremljeno za bojanje, bez bojanja. Izvedba do gotove funkcionalnosti a sve prema standardnim detaljima proizvođača sustava.

Visina: do [3,3] m
Kvaliteta gleta: Q - [ 2 ]",28,m2,,,,0,
402.010.00135,,- samostojeća gipskartonga obloga; GKB ploča,"Izrada samostojeće gipskartonske obloge iz GKP presjeka (W626):
• gips-kartonske ploče (1.000 kg/m3) na jednostrukoj metalnoj potkonstrukciji, finalizirane površine; dvostruka obloga 2x1,25cm; visina oblaganja [ 3,5 ] m, gornji horizontalni rub zatvoriti (uključeno u cijenu)
• metalna potkonstrukcija CW [ 100 ], samonosova obloga - učvršćeno za AB sokl ili pod te strop (ili gredu), za elastični ovjes gips-kartonskih ploča,
Svi spojevi moraju biti ljepljeni, bandažirani i gletani, fugirani, s obje strane pripremljeno za bojanje, bez bojanja. Izvedba do gotove funkcionalnosti a sve prema standardnim detaljima proizvođača sustava.


Visina: do [6,5] m
Kvaliteta gleta: Q - [ 2 ]",390,m2,,,,0,
402.010.00140,,- samostojeća gipskartonga obloga za formiranje instalacijskih zidova; GKB ploča,"Izrada samostojeće gipskartonske obloge iz GKP presjeka (W626):
• gips-kartonske ploče (1.000 kg/m3) na jednostrukoj metalnoj potkonstrukciji, finalizirane površine; dvostruka obloga 2x1,25cm; visina oblaganja [ 3,8 ] m, gornji horizontalni rub zatvoriti (uključeno u cijenu)
• metalna potkonstrukcija CW [ 100 ], samonosova obloga - učvršćeno za AB sokl ili pod te strop (ili gredu), za elastični ovjes gips-kartonskih ploča,
Svi spojevi moraju biti ljepljeni, bandažirani i gletani, fugirani, s obje strane pripremljeno za bojanje, bez bojanja. Izvedba do gotove funkcionalnosti a sve prema standardnim detaljima proizvođača sustava.
Ovom stavkom obrađeni zidovi u sanitarijama (instalacijski)

Visina: do [6,5] m
Kvaliteta gleta: Q - [ 2 ]",65,m2,,,,0,
402.010.00145,,- Doplata za pojačanja u zidovima sa UA profilima,Doplata za vertikalna i horizontalna pojačanja iz UA profila oko otvora s priborom,300,m,,,,0,
402.010.00150,,- Doplata za tipska pojačanja sanitarne opreme,Doplata za nabavu i ugradnju tipskih pojačanja za sanitarnu opremu uključujući UA profile,8,kom,,,,0,
402.010.00155,,- Doplata za izradu špaleta oko otvora,Doplata za izradu špaleta širine do 10 do 30 cm,60,m,,,,0,
402.010.00160,,- Doplata za izradu spoja zida sa trapeznim limom,Doplata za izradu spoja zida sa krovnim trapeznim limom neravne površine; 2-strana 2-slojna obloga,150,m,,,,0,
402.010.00165,,-'Protupožarna obloga krovnog trapeznog lima.-,"Protupožarna obloga krovnog trapeznog lima.
S donje strane obložiti sa dvije protupožarne ploče tipa Knauf Fireboard 2x20 mm. Vatrootpornost sustava REI 90. Prostor između ploča i lima ispuniti kamenom vunom minimalne gustoće veće od 70 kg/m³. Na slobodnim rubovima obloge izvesti češalj prema trapeznom limu (ako obloga okomita na val lima) ili prepustiti jednu vertikalne ploče do vrha lima (ako je obloga paralelna s valom lima te završava u tlocrtnoj projekciji višeg vala), a spojeve brtviti protupožarnim trajno elastičnim kitom. Završna obrada kvalitete Q2. Sve izvesti prema uputama odabranog proizvođača sustava, te uključiti sav rad i materijal potreban za izradu kompletne funkcionalne cjeline.",310,m2,,,,0,
402.010.00167,,-'ispuna međuprostora između krovne ploče stubišta i trapeznog lima,"Ispuna međuprostora između krovne AB ploče stubišta i trapeznog lima. Međuprostor kompletno ispuniti negorivom izolacijom (mineralnom vunom), prema detalju.
Debljina toplinske izolacije varijabilne visine (prema detalju u projektu), cca 30cm debljine.",17,m2,,,,0,
402.010.00170,,- Protupožarna obloga čeličnih konzola.,"Protupožarna obloga čeličnih konzola.
Obloga čeličnih konzola ispod trapeznog lima (kao horizontalni rešetkasti nosač) s svih strana (4 strane, od kojih je gornja neposredni ispod trapeznog lima), kako bi se postigla vatrootpornost konzole REI 90. Obložiti sa dvije protupožarne ploče 2x20 mm, tip kao Knauf Fireboard. Prostor između ploča i lima ispuniti kamenom vunom minimalne gustoće veće od 70 kg/m3 Na slobodnim rubovima obloge izvesti češalj prema trapeznom limu (ako obloga okomita na val lima) ili prepustiti jednu vertikalne ploče do vrha lima (ako je obloga paralelna s valom lima te završava u tlocrtnoj projekciji višeg vala), a spojeve brtviti protupožarnim trajno elastičnim kitom. Završna obrada kvalitete Q2. Sve izvesti prema uputama odabranog proizvođača sustava, te uključiti sav rad i materijal potreban za izradu kompletne funkcionalne cjeline. Obračun po m1 kompletno obrađene konzole.
Razvijena širina obloge: 300cm",225,m,,,,0,
402.010.00171,,- Protupožarna obloga čeličnih konzola.,"Protupožarna obloga čeličnih konzola.
Obloga čeličnih nosača ispod trapeznog lima (kao horizontalni rešetkasti nosač) s svih strana (4 strane, od kojih je gornja neposredni ispod trapeznog lima), kako bi se postigla vatrootpornost konzole REI 90. Obložiti sa dvije protupožarne ploče 2x20 mm, tip kao Knauf Fireboard. Prostor između ploča i lima ispuniti kamenom vunom minimalne gustoće veće od 70 kg/m3 Na slobodnim rubovima obloge izvesti češalj prema trapeznom limu (ako obloga okomita na val lima) ili prepustiti jednu vertikalne ploče do vrha lima (ako je obloga paralelna s valom lima te završava u tlocrtnoj projekciji višeg vala), a spojeve brtviti protupožarnim trajno elastičnim kitom. Završna obrada kvalitete Q2. Sve izvesti prema uputama odabranog proizvođača sustava, te uključiti sav rad i materijal potreban za izradu kompletne funkcionalne cjeline. Obračun po m1 kompletno obrađene konzole.
Razvijena širina obloge: 100cm",13,m,,,,0,
402.010.00175,,- Doplata za razliku u cijenu zamjene dvija GKB ploča sa GKBI impregniranim pločama,"Doplata za razliku u cijenu zamjene dvija GKB ploča sa GKBI impregniranim pločama

Obračunava se samo razlika u cijena za ugradnju dviju laga jedne strane.",120,m2,,,,0,
402.010.00180,,x... RS13 - zaštita ruba zida koncesionara,"Dobava i postava plastificirane zaštite od čeličnog lima debljine 1mm na prednju stranu GK zida koncesionara. Visina ugradnje do blende koncesionara

Boja: RAL 9010 – čisto bijelo
Razvijena širina: 0,49 m
Visina: 3,00 m",2,kom,,,,0,
402.010.00185,,"x..TW2.1..x - gipskartonski zid debljine [112.5] mm, jednostrano vlaknocementna ploča","Izrada pregradnog montažnog zida od vlaknocementnih ploča oznake TW2.1:
• vlaknocementna vodootporna pločam jednostruka obloga 1x1,25cm
• jednostruka metalna potkonstrukcija (CW [ 100mm ]) za elastični ovjes gips-kartonskih ploča, bez ispune
Svi spojevi moraju biti ljepljeni, bandažirani i gletani, fugirani, s obje strane pripremljeno za bojanje, bez bojanja. Izvedba do gotove funkcionalnosti a sve prema standardnim detaljima proizvođača sustava.

Debljina zida: [ 112,5 ] mm
Visina zida: do [ 2,20 ] m
Kvaliteta gleta: Q - [ 2 ]
Mjesto ugradnje: 04.08. Prostorija strojeva za čišćenje",25,m2,,,,0,
402.010.00190,,- obloga vlaknocementnim pločama,"Dobava i i oblaganje potkonstrukcije za vanjske HOVAL jedinice (POZ 301 i 303) od vlaknocementnih ploča:

• vanjska vlaknocementna vodootporna ploča -jednostruka obloga 1x1,25cm (montirati NA vanjsku stranu čelične potkonstrukcije)
• unutarnja vlaknocementna vodootporna ploča -jednostruka obloga 1x1,25cm (poravnato s unutarnjim rubom čelične konstrukcije- NE ulaziti u svijetle dimenzije čeličnog okna!)
Svi spojevi moraju biti ljepljeni, bandažirani i gletani, fugirani, bez bojanja. Izvedba do gotove funkcionalnosti a sve prema standardnim detaljima proizvođača sustava.

Stavka uključuje Obostranu parnu branu te ispunu MW.",15,m2,,,,0,
402.010.00195,,"- požarno brtvljenje, prodori u zidu","Izvođenje protupožarnog brtvljenja prodora vodovodnih i kanalizacijskih cijevi na mjestima prolaska cijevnog razvoda između dva požarna sektora. Prodori vodovodnih instalacija brtviti će se sredstvima klase vatrootpornosti „R“, atestiranim prema normi HRN DIN 4102 dio 11. Manje fuge (do 3,0 cm) oko metalnih cijevi i električnih kablova zatvoriti će se protupožarnim kitom kao tipa «PROMASEAL». Za veće otvore koristiti će se protupožarni mort, kabelski blokovi, protupožarni jastuci i sistemski čepovi kao tipa «PROMASTOP». Prodori gorivih cijevi, promjera većeg od 30 mm brtviti će se protupožarnim obujmicama (manžetama) kao tipa «PROMASTOP». U stavku ulaze svi radovi i materijali potrebni za kvalitetno izvođenje brtvljenja, kao i oznake brtvi (naljepnice).
Protupožarno brtvljenje vodovodnih cijevi d15 - 1 KOM Protupožarno brtvljenje vodovodnih cijevi d20 - 7 KOM Protupožarno brtvljenje vodovodnih cijevi d32 - 3 KOM Protupožarno brtvljenje vodovodnih cijevi d40 - 2 KOM Protupožarno brtvljenje vodovodnih pč cijevi d80 - 3 KOM Protupožarno brtvljenje vodovodnih pč cijevi d50 - 3 KOM Protupožarno brtvljenje kanalizacijskih PVC cijevi d75 - 1 KOM Protupožarno brtvljenje kanalizacijskih PVC cijevi d100 - 1 KOM",21,kom,,,,0,
4020.100.0166,,-'klinovi za ispunu vala trapeznog lima,"Klinovi od tvrde kamene vune-unutar žlijeba krovnog trapeznog lima
Isporučiti i položiti klinove od toplinske izolacije od izolacijskog materijala - tvrde kamene vune gustoće veće od 150 kg/m³ -, klasa gorivosti A1 prema DIN EN 13501, prohodan (otporna na promet pješaka pri minimalnom tlačnom naprezanju od 65 kN/m² pri 10 % zbijenosti). Poštivati propise proizvođača.
Klinovi se izvode sa gornje i donje strane trapeznog lima.
Debljina klina prema visini trapeznog profila.",2150,m,,,,0,
402.020,,Blende i parapetni zidovi,,,,,0,,,
402.020.00100,,x..TW11..x - blenda koncesionara,"Izrada ovješene blende koncesionara od GKB ploča debljine 12,5m na metalnoj potkonstrukcija za elastični ovjes gips-kartonskih ploča. Svi spojevi moraju biti ljepljeni, bandažirani i gletani - kvaliteta Q-3, fugirani, s obje strane pripremljeno za bojanje, bez bojanja. Izvedba do gotove funkcionalnosti a sve prema standardnim detaljima proizvođača sustava. Obrada donje pasice uključena u cijenu.

Izvedba: Prednja strana jednostrano obložena do trapeznog lima, unutarnja strana do ovješenog stropa, prednja strana s udubljenjem u donjom području, vanjski tereti 10 kg/m2 sjenila
Debljina blende: ukupne debljine 150mm od toga 100 mm na donjem rubu.
Metalna potkonstrukcija: profila CW75 postavljen vertikalno na čelični nosač blende i profil CW 50 postavljen okomito na vertikalne profile cw75
Visina blende: do 3,1 m, donji rub od 3,0 m iznad gotovog poda
Potkonstrukciju blende uklopiti u bravarsku stavku POZ 501 /502 /503.",92,m2,,,,0,
402.020.00105,,"x..TW12..x - blenda delikatese, drvena dekoracija","Izrada ovješene blende delikatese na metalnoj potkonstrukcija za elastični ovjes gips-kartonskih ploča.

Metalna potkonstrukcija: jednostruka metalna potkonstrukcija CW 75 pričvršćena na čeličnu konstrukciju
Podloga za postavu drvene dekoracije: OSB ploča d=12mm
Obloga: Drvena dekoracija od drvenog materijala premazanog melaminskom smolom, dekorativni Egger Hamilton hrast natur. Ploče sa zaštitom za rubove od zaštitne trake iste boje, s 1mm PVC rubom bočno, 2 mm PVC rubom. Nevidljivo pričvršćenje na potkonstrukciju.
Visina blende: 1,5 m, obloga kontinurano preko brida na donji donji rub širine cca 15cm, donji rub od 3,0 m iznad gotovog poda
Potkonstrukciju blende uklopiti u bravarsku stavku POZ 505.",27.5,m2,,,,0,
402.020.00110,,"x..BD1..x - blenda pekare, drvena dekoracija","Ugradnja drvene dekoracije blende pekare.

Metalna potkonstrukcija obrađena zasebnom bravarskom stavkom.
Podloga za postavu drvene dekoracije: šperploča d=12mm - na mjestima kružno ugrađena (potrebno uračunati u cijenu stavke).
Obloga: Drvena dekoracija od drvenog materijala premazanog melaminskom smolom, dekorativni Egger Hamilton hrast natur. Ploče sa zaštitom za rubove od zaštitne trake iste boje, s 1mm PVC rubom bočno, 2 mm PVC rubom. Nevidljivo pričvršćenje na potkonstrukciju.
Visina blende: 0,8 m, obloga kontinurano preko brida na donji donji rub širine cca 15cm, 3,0 m iznad gotovog poda
Blendue uklopiti u bravarsku stavku POZ 504.
Stavka uključuje izradu spoja blende sa krovnim trapeznim limom neravne površine; 1-strana 1-slojna obloga.",17.5,m2,,,,0,
402.030,,Suha žbuka,,,,,0,,,
402.030.00100,,"- suha žbuka, GKB ploča","Izrada završne obloge unutarnjeg zida iz GKP sistem KNAUF W611 suha žbuka_izvedba A:
• gips kartonske ploče GKB 1,25cm
Svi spojevi moraju biti ljepljeni, bandažirani i gletani, kvaliteta Q-2, fugirani, pripremljeno za bojanje, bez bojanja. Izvedba do gotove funkcionalnosti a sve prema standardnim detaljima proizvođača sustava.

Visina obloge do: [4,85 ] m",75,m2,,,,0,
402.040,,GK stropovi,,,,,0,,,
402.040.00100,,"x..DE7.2..x - Spušteni stropovi, gips karton,","Isporučiti i montirati prema podacima proizvođača, spušteni stropovi od gipskartonskih ploča u zatvorenoj izvedbi, s metalnom podkonstrukcijom s podešavanjem visine. Oplata gipskartonskih ploča za suhu gradnju debljine 12,5 mm, uključujući izradu potrebnih otvora za rasvjetu, rasprskivač i ventilacijsku rešetku. Spojeve gipskartonskih ploča za suhu gradnju površinski izgladiti i izbrusiti. Uključeni su svi potrebni spojevi za zid i kuteve s odgovarajućim kutnicima za zid te ostali materijal i rad koji je potreban da se stavka izvede do gotove funkcionalnosti a sve prema standardnim detaljima proizvođača sustava.

Izvedba: jednostruko obložena
Visina stropa: do 3,0 m
Površina: Svi spojevi moraju biti ljepljeni, bandažirani i gletani, kvaliteta Q-2, fugirani, s jedne strane pripremljeno za bojanje bez bojanja.",120,m2,,,,0,
402.040.00105,,- Doplata za revizijske otvore,"Doplata za revizijske otvore - obične, dim. do 600 x 600 mm",5,kom,,,,0,
402.040.00110,,"x..DE7.2..x - Spušteni stropovi, gips karton, EI90","Isporučiti i montirati prema podacima proizvođača, spušteni stropovi od gipskartonskih ploča u zatvorenoj izvedbi, EI90 odzdo i odozgo, s metalnom podkonstrukcijom s podešavanjem visine. Oplata od vatrootpornih gipskartonskih ploča za suhu gradnju debljine 12,5 mm u trisloja, uključujući izradu potrebnih otvora za rasvjetu, rasprskivač i ventilacijsku rešetku. Mineralna vuna debljine 40mm, de dodatno iznad nosivih profila u širni 150mm kako bi se postigla tražena vatrootporost s obje strane. Spojeve gipskartonskih ploča za suhu gradnju površinski izgladiti i izbrusiti. Uključeni su svi potrebni spojevi za zid i kuteve s odgovarajućim kutnicima za zid te ostali materijal i rad koji je potreban da se stavka izvede do gotove funkcionalnosti a sve prema standardnim detaljima proizvođača sustava. Obrada oko prodora instalacija na način da se dobije tražena vatrootpornost se ne obračunava posebno, uključena je u jediničnu cijenu.

Izvedba: jednostruko obložena
Visina stropa: do 3,5 m
Površina: Svi spojevi moraju biti ljepljeni, bandažirani i gletani, kvaliteta Q-2, fugirani, s jedne strane pripremljeno za bojanje bez bojanja.",37,m2,,,,0,
402.040.00115,Optional position,x..DE7..x - samonosivi požarni strop EI 90,"Dobava materijala i izrada samonosivog stropa Fireboard K219 odozdo i odozgo, vatrootpornost F90. Potkonstrukcija s UW-profilima i dvostrukim CW-profilima 100 za maksimalnu širinu prostorije od 3,40-4,0 m. Pričvršćivanje bočnih nosivih elemenata od UW-profila na zidovima prema uputama proizvođača, pričvršćivanje dvostrukih CW-profila u maksimalnom razmaku od 625 mm - odnosno prema uputama proizvođača.
Oplata: nosive profile obložiti negorućim pokrovnim trakama od gips-kartona Fireboard - klasa građevnog materijala A1 - u širini profila i duž obostrane oplate za zaštitu od požara odozdo i odozgo s negorivim gips-kartonskim pločama Fireboard 1 x 20 mm. Postaviti sloj izolacije od mineralnih vlakana klase građevnog materijala A1, debljine 60 mm. Obrada oko prodora instalacija na način da se dobije tražena vatrootpornost se ne obračunava posebno, uključena je u jediničnu cijenu. Svi spojevi moraju biti ljepljeni, bandažirani i gletani, kvaliteta Q-2, fugirani, s jedne strane pripremljeno za bojanje bez bojanja. Izvedba do gotove funkcionalnosti a sve prema standardnim detaljima proizvođača sustava.",13,m2,,,,,
402.040.00120,,- Doplata za revizijske otvore EI90,"Doplata za revizijske otvore s mogučnošću zaključavanja - EI 90, dim. do 600 x 600 mm",3,kom,,,,0,
402.050,,Strop od mineralnih vlakana,,,,,0,,,
402.050.00100,,"x..DE3..x - spušteni stropovi, mreža 62,5 / 62,5 cm, mineralna vlakna","Ovješene stropove kao raster stropove, sustav za umetanje, vidljivu visinski podesivu nosivu konstrukciju s rubnim nosačem, stropne ploče od mineralnih vlakana, u različitim pojedinačnim dimenzijama, uklj. priključke i krajeve, otvore, pojačanja, isporučiti i montirati.

Izvedba: Raster 60,0/60,0 cm
Visina stropa: do 4,0 m
Nosiva konstrukcija: od aluminija ili pocinčanog čelika, širina vidljive strane 24 mm, vidljive strane obojane
Stropne ploče: Debljina ploča ca. 15 mm, s ravnim rubom
Površina: uni, homogena, zatvorena, blago gruba s finom granulacijom
Boje: sukladno Kauflandovoj paleti boja",355,m2,,,,0,
402.050.00105,,"x..DE3..x - dodatak za strop, izolacijski sloj","Doplata za izolacijski sloj od mineralne vune, debljine [40] mm. Koristi se u prostorijama za sastanke, ured rukovodstva, sobe za osoblje i čekanje.",105,m2,,,,0,
402.050.00110,,"x..DE3..x - spušteni stropovi, mreža 62,5 / 62,5 cm, mineralna vlakna u području hladnjača uz delikatesu","Ovješene stropove kao raster stropove, sustav za umetanje, vidljivu visinski podesivu nosivu konstrukciju s rubnim nosačem, stropne ploče od mineralnih vlakana, u različitim pojedinačnim dimenzijama, uklj. priključke i krajeve, otvore, pojačanja, isporučiti i montirati. Svi primijenjeni mateirjali razred reakcije na požar A1 ili A2.

Izvedba: Raster 60,0/60,0 cm
Visina stropa: do 4,0 m
Nosiva konstrukcija: od aluminija ili pocinčanog čelika, širina vidljive strane 24 mm, vidljive strane obojane
Stropne ploče: Debljina ploča ca. 15 mm, s ravnim rubom
Površina: uni, homogena, zatvorena, blago gruba s finom granulacijom
Boje: sukladno Kauflandovoj paleti boja",76,m2,,,,0,
402.050.00115,,"x..DE3..x - dodatak za strop, izolacijski sloj","Doplata za izolacijski sloj od mineralne vune, debljine [40] mm.",76,m2,,,,0,
402.060,,Metalni stropovi,,,,,0,,,
402.060.00100,,"x..DE1, DE1.2..x - Spušteni stropovi, mreža 62,5 / 62,5 cm, stezni sustav izrađen od metala","Ovješene stropove kao raster stropove, sustav na zatezanje, prekrivenu visinski podesivu nosivu konstrukciju s rubnim nosačem, stropne ploče od metala, u različitim pojedinačnim dimenzijama, uklj. priključke i krajeve, otvore, pojačanja, isporučiti i montirati.

Izvedba: Raster 60,0/60,0 cm
Visina stropa: do 4,0 m
Nosiva konstrukcija: od aluminija ili pocinčanog čelika, vidljive strane obojane
Stropne ploče: zatvorene kasete od čeličnog lima, pocinčane i premazane u prahu, preklopne
Boje: sukladno Kauflandovoj paleti boja",40,m2,,,,0,
402.060.00105,,"x..DE1.1..x - Spušteni stropovi, mreža 62,5 / 62,5 cm, metalni stezni sustav, vanjska površina","Ovješene stropove kao raster stropove, u vanjskom prostoru, osigurane od propuha i udara vjetra, sustav na zatezanje, prekrivenu visinski podesivu nosivu konstrukciju s rubnim nosačem, stropne ploče od metala, u različitim pojedinačnim dimenzijama, uklj. priključke i krajeve, otvore, pojačanja, isporučiti i montirati.

Izvedba: Raster 60,0/60,0 cm
Visina stropa: do 4,5 m
Nosiva konstrukcija: od aluminija ili pocinčanog čelika, vidljive strane obojane
Stropne ploče: zatvorene kasete od čeličnog lima, pocinčane i premazane u prahu
Boje: sukladno Kauflandovoj paleti boja",31,m2,,,,0,
402.060.00110,,"x..DE2..x - Spušteni stropovi, mreža 62,5 / 62,5 cm, sustav umetanja izrađen od metala","Ovješene stropove kao raster stropove, sustav na umetanje, vidljivu visinski podesivu nosivu konstrukciju s rubnim nosačem, stropne ploče od metala, u različitim pojedinačnim dimenzijama, uklj. priključke i krajeve, otvore, pojačanja, isporučiti i montirati.

Izvedba: Raster 60,0/60,0 cm
Visina stropa: do 4,0 m
Nosiva konstrukcija: od aluminija ili pocinčanog čelika, širina vidljive strane 24 mm, vidljive strane obojane
Stropne ploče: zatvorene kasete od čeličnog lima, pocinčane i premazane u prahu
Boje: sukladno Kauflandovoj paleti boja",69,m2,,,,0,
402.060.00115,,"x..DE5..x - Spušteni stropovi, mreža 62,5 / 62,5 cm, sustav umetanja izrađen od metala","Ugradnja spuštenog limenog kasetiranog stropa ako je to potrebno za određeni projekt prema državnom zakonu / zbog higijene ili prema nadležnom tijelu.

Kasetirani strop od čeličnog lima, modul 625/625 mm ili 600/600 mm, sustav spona, otklopljiv. Spojne kasete od vruće pocinčanog čeličnog lima, zatvorene kasete bez otvora. Skrivene nosive skele izrađene od pocinčanih metalnih profila, s pripadajućim vješalicama podesivim po visini. Izrada otvora za rasvjetu, sustave prskalica, zvučnike, eventualno alarme za dim itd. Uzeti u obzir zaobljene rubove stropne plohe.

Izvedba 1 – Kasetirani strop od čeličnog lima
Izvedba kao sustav preklapanja sponama (kasete se mogu sklopiti)
Boja praškasti premaz RAL 7024 – graphitgrau
Ovjes s nosive konstrukcije baldahina
Poklopci za sustav prskalica, odnosno vidljivi okviri ili dijelovi sustava prskalica, zvučnika, prstene svjetiljaka, ventilacijske otvore, uništivače insekata u spuštenom stropu treba premazati istom bojom, ako ih proizvođač ne isporuči u boji RAL7024 graphitgrau.
Ugradnja lampi za insekte dimenzija kućišta 544x544x73 mm
Isporuku lampi za insekte od dobavljača po narudžbi tvrtke Kaufland
Za stropnu rešetku 625 x 625 mm isporučuje se odgovarajući instalacijski okvir ili produžetak okvira",31,m2,,,,0,
402.060.00120,,"x..DE1, DE1.2, DE2..x - dodatni strop, rešetka 62,5 / 62,5 cm, metal, izolacijska obloga iznutra","Doplata za izolacijski sloj od mineralne vune, debljine [40] mm.",69,m2,,,,0,
402.060.00125,,"x..DE2..x - dodatni stropovi, mreža 62,5 / 62,5 cm, metal, izolacijski sloj izvana","Doplata za izolacijski sloj od mineralne vune, debljine [120] mm, prikladne za vanjski prostor.",31,m2,,,,0,
402.070,,Lamelirani strop,,,,,0,,,
402.080,,Ostali,,,,,0,,,
403,,Radovi na estrihu,,,,,0,,,
403.000,,Prethodne napomene,,,,,0,,,
,,ZTV - Dodatni tehnički uvjeti ugovora,"1.) Dodatni ugovoreni tehnički uvjeti dio su troškovnika te u slučaju ugovaranja postaju dio ugovora. Izvođač radova se dakle obavezuje na sve radove i primjene koje proizlaze iz ovih uvjeta te su one uračunate u cijenu, ukoliko nisu zasebno ponuđene.

2.) Cijene stavki se prikazuju kao neto iznos u državnoj valuti. Važeći zakonski propisani porez na dodanu vrijednost obračunava se zasebno.

3.) U slučaju proturječnosti dodatnih ugovorenih tehničkih uvjeta vrijede prvenstveno podaci iz troškovnika. U slučaju proturječnosti između troškovnika i tehničke dokumentacije koja se predaje prilikom natječaja, vrijedi tehnička dokumentacija.

4.) Prije početka davanja ponude, ponuditelj je dužan pažljivo pročitati kompletan tekst općih uvjeta uz troškovnik, općih i posebnih uvjeta uz svaku grupu radova, tekst samog troškovnika i ostale dijelove tehničke dokumentacije. Ako opis bilo koje stavke u troškovniku dovodi do sumnje o načinu izvedbe ili upotrebu gradiva zahtijevane kvalitete, treba prije predaje ponude zatražiti pojašnjenje od ovlaštene osobe Investitora. Naknadno pozivanje na manjkavost ili nepoznavanje projektno-tehničke dokumentacije ili opisa u troškovniku neće se uzeti u obzir, niti smatrati razlogom za produženje roka izvedbe, a niti će se priznati bilo kakva razlika u cijeni s tog naslova.

5.) Tehnička dokumentacija koja se predaje prilikom natječaja informativnog je karaktera, a ponuđač je dužan u svom trošku izvršiti kontrolu projektno tehničke dokumentacije u smislu točnosti, tehničke ispravnosti, izvedivosti i međusobne usklađenosti. Sve eventualne primjedbe ponuditelj/izvoditelj dužan je pravovremeno uz ponudu, a u svakom slučaju prije izvedbe u pisanom obliku dostaviti Nadzoru i Naručitelju

6.) Ponuditelj je dužan provesti i kontrolu lokacije na licu mjesta prije davanja ponude. Jedinične cijene za pojedine vrste radova sadrže i sve one posredne troškove koji nisu iskazani u troškovniku, ali su neminovni za izvršenje radova predviđenih projektom.

7.) Organizacija gradilišta uračunata je u cijenu, ukoliko nije ponuđena kao zasebna stavka.

8.) Dizalice za podizanje, skele, strojevi, alati, pomoćna sredstva i konstrukcije uzeti su u obzir te su uračunati u jediničnu cijenu.

9.) Skele za radove na fasadi i radove na krovu predmet su ovog natječaja. Ponuditelj smije koristiti postojeće skele uz poštivanje sigurnosnih uvjeta i na vlastitu odgovornost. Preinake na skelama nisu dozvoljene te se one moraju predati u ispravnom stanju u kojem su i preuzete.

10.) Kompletnu režiju gradilišta usigurava i rješava ponuditelj/izvođač i i uključena je u jediničnu cijenu.

11.) Ponuditelj je obvezan redovno prikupljati i ,pravilno skladištiti i odvoziti na ovlašteni deponij sve otpadne materijale, ostatke, krhotine, građevinski otpad, ambalaže, obični otpad i slično o vlastitom trošku. Kod odlaganja otpada potrebno je pridržavati se svih javnopravnih uputa i propisa.

12.) Onečišćenja koja uslijed radova nastaju na susjednim terenima, zgradama, putovima, cestama, trgovima i slično, izvođač radova treba svakodnevno čistiti.

13.) Izvođač preuzima odgovornost za osiguravanje, skladištenje i spremanje vlastite građevinske opreme, strojeva, uređaja, alata i slično. Jednako vrijedi i za građevinske materijale, elemente i za ugradnju određenih uređaja i objekata sve do primopredaje obavljenih građevinskih radova.

14.) Prilikom izvođenja radova, izvoditelj treba zaštititi sve susjedne plohe, dijelove konstrukcije i prethodno izvedene radove na prikladan način a u skladu sa pravilima zaštite na radu, tako da ne dođe do oštećenja istih. Troškove zaštite treba izvoditelj ukalkulirati u ponudbenu cijenu izvođenja radova. Ukoliko ipak dođe do oštećenja prethodno izvedenih radova za koje je odgovoran izvoditelj ili njegov kooperant, dužan je iste o svom trošku dovesti u stanje prije oštećenja ili naručiti iste radove kod drugog izvoditelja na svoj teret.

15.) Sve potrebne mjere prema javnopravnim uputama i propisima za sigurnost i zaštitu zdravlja trebaju se uzeti u obzir te ih se treba pridržavati prilikom izvođenja radova.

16.) Prilikom davanja ponude i izvođenja radova treba se uzeti u obzir, uračunati i pridržavati se
- svih državnih i javnopravnih zakona, smjernica i propisa
- svih odgovarajućih tehničkih standarda, pravila i smjernica
- općeprihvaćenih pravila tehnike
- uputa, propisa i napomena proizvođača za ugradnju i obradu
- Kauflandovih građevinskih opisa, ugovorenih uvjeta i ostalih Kauflandovih dokumenata i planova.

17.) Stavke troškovnika obuhvačaju konačno dovršenje radova definiranih po količini i kvaliteti, onosno podrazumijevaju se kao gotove, potpune i funkcionirajuće, uklj. sve potrebne male dijelove i sredstva za pričvršćivanje, pomoćne materijale i sredstva, podkonstrukcije itd., kao i sve dodatne i posebne usluge - čak i kada one nisu detaljno opisane.

18.) Ako su treće stranke uključene u izvođenje predradnji, izvođač radova ih treba provjeravati. U slučaju nepravilnosti ili prigovora pravovremeno treba informirati naručitelja, tako da može tehnički i organizacijski dovršiti poslove.

19.) Obavezno se treba pridržavati svih Kauflandovih proizvodnih uputa, osim ako postoje opravdani razlozi za odstupanje (npr. dostupnost). U tom slučaju izvođač treba ponuditi istovjetni proizvod ili sustav te potvrditi istovjetnost. O njoj odlučuje naručitelj.

20.) Sustavi se izvode isključivo pomoću komponenata koje su predviđene od strane proizvođača sustava.

21.) Svi materijali, građevinski elementi i uređaji koji neposredno utječu na izgled i funkcionalnost prije ugradnje se trebaju provjeriti. Ugrađuju se tek nakon što naručitelj ili ovlaštena osoba odobri ugradnju na gradilištu. O vrsti i obliku uzorka odlučuje naručitelj.

22.) Ako nije drukčije propisano, izmjene postojećih projektnih rješenja od strane ponuditelja/izvođača a koje utječu na mehaničku stabilnost, ponuditelj/izvođač je dužan u svom trošku ishoditi sve suglasnosti, dozvole i sl.
Projekt izvedenog stanja ukalkulirati u jedničnu cijenu te dostaviti Kauflandu u pisanom i digitalnom obliku.

23.) Svi radovi na objektu te primjenjeni sistemi gradnje moraju biti izvedeni prema pravilu struke, odnosnu u granicama dopuštenih tolerancija.

24.) Ukoliko je ugovoreni termin izvršenja objekta uključen i zimski odnosno ljetni period, to se neće posebno izvođaču priznavati na ime naknade za rad pri niskoj temperaturi, zaštita konstrukcija od hladnoće i vrućine, te atmosferskih nepogoda, sve mora biti uključeno u jediničnu cijenu. Za vrijeme zime objekat se mora zaštititi. Svi eventualni smrznuti dijelovi moraju se ukloniti i izvesti ponovo bez bilo kakve naplate. Ukoliko je temperatura niža od temperature pri kojoj je dozvoljen dotični rad, a Investitor ipak traži da se radi, Izvođač si ima pravo zaračunati naknadu po normi 6,006 ali u tom slučaju Izvođač snosi punu odgovornost za ispravnost i kvalitetu rada. To isto vrijedi i za zaštitu radova tokom ljeta od prebrzog sušenja uslijed visoke temperature.

25.) U jediničnu cijenu rada izvođač treba obuhvatiti i slijedeće radove, koji se neće zasebno platiti kao naknadni rad, čak i ako nisu izričito navedenei u troškovniku:
- sve vrste transporta građevinskih materijala, elemenata, uređaja, objekata itd. do mjesta ugradnje
- potrebne i uobičajene pripreme i predobrade tla
- sve vrste bušenja, zavarivanja, lijepljenja, malih dijelova, sredstava za pričvršćivanje, međupoložaja, izolacije, brtvljenja, folija, spojeva itd. koje su potrebne za priključak, montažu i pričvršćivanje građevinskih dijelova i elemenata
- stručna priprema i priključak na sve okolne dijelove, ugradbene i nadgradne elemente i propuste
- sve izrade kutova, spojnih površina i elemenata, završnih elemenata, slobodnih krajeva itd.
- sve podloge za montažu, priključak i pričvršćivanje kao što su beton, zidani elementi, čelik, aluminij, limovi, gips karton, itd.
- potrebne spojne, kose i okrugle rezove te ostatke rezanja
- Izrada otvora i proreza za instalacije i ugradbene elemente drugih izvođača
- interno povezivanje kablovima i priključak objekata, dovod prema električnim trošilima na gradilištu od strane elektro izvođača",,,,,,,
,,Ograničenje izvedbe rada estriha,"U sljedećim pozicijama potrebno je uzeti u obzir i uračunati sljedeće usluge, čak i ako nisu izričito navedene:
- prijepis oznaka visine koje su potrebne za provedbu radova
- Provjeru planiranih visina ugradnje u odnosu na zadane visine i predviđene obloge
- Usko spojene izolacijske materijale, zatvaranje rupa, kod višeslojnih izolacija s pomaknutim fugama
- Rasute izolacijske materijale u području vodova kod izrade estriha
- potrebne izrade fuga, uklj. učvršćivanje fuga
- Izradu nagiba prema slivnicima u podu
- Površine prikladne za opisane slojeve
- stručnu naknadnu obradu
- Površine i područja na koja se nanosi estrih zatvoriti i osigurati
- Izradu oblata za otvore i prijelaze",,,,,,,
403.010,,Cementni estrih,,,,,0,,,
403.010.00100,,"- cementni estrih na razdvojnom sloju, debljine [60] mm","Izvedba cementnog estriha prema DIN EN 13813 postavljen direktno na podlogu odvojen razdjeljnim slojem. Ako je potrebno, izvodi se u padu prema podnim slivnicima. Postava PE folije na podnu ab ploču koja je očišćena od ostataka morta ili betona. Pripremu podloge za postavu estriha izvesti u svemu prema uputama tehnologa isporučitelja estriha. U cijenu uključen sav materijal, rad, pripremni rad, dilatacije te sve dilatacijske reške koje se režu nakon stvrdnjavanja estriha.

Visina konstrukcije: [60] mm
Sastav: PE-folija 0,2 mm, 1-slojna, estrih CT-C35-F5
Zahtjevi za ravnoću: DIN 18202, tablica 3, stupac 3 (podovi s gotovim površinama za prihvat pločica)
Iskoristivi teret: [30] kN/m2
Podloga: keramičke pločice.",3400,m2,,,,0,
403.010.00105,,"- cementni estrih na razdvojnom sloju, debljine [75] mm","U svemu kao stavka 403.010.00100 samo:

Visina konstrukcije: [75] mm
Podloga: Linoleum",76,m2,,,,0,
403.010.00110,,"- cementni estrih na razdvojnom sloju, debljine [80] mm","U svemu kao stavka 403.010.00100 samo:

Visina konstrukcije: [80] mm
Podloga: Epoksidni premaz",122,m2,,,,0,
403.010.00115,,"- doplata cementni estrih, armatura",Doplata za cementne estrihe polipropilenska vlakna za armiranje,3598,m2,,,,0,
403.010.00120,,"- Doplata cementni estrih, toplinska izolacija debljina [ 20 ] mm","Doplata za izvedbu plivajućeg estriha s toplinskom izolacijom.

Debljina izolacije: [20] mm
Izolacijski materijal: [EPS]
Toplinska vodljivost: [xxx] W/mK
Iskoristivi teret: [20] kg/m3",80,m2,,,,0,
403.010.00125,Optional position,"- Dodatni Doplata cementni estrih, aditiv za brzo vezanje","Doplata za dodavanje sredstva u cementni estrih za ubrzavanje učvršćivanja odnosno sušenja, za brže nanošenje estriha.

Debljina estriha: do 80 mm
Vrijeme sušenja: do maks. 7 dana",3598,m2,,,,,
403.020,,Estrih od kalcijevog sulfata,,,,,0,,,
403.030,,Ostali,,,,,0,,,
403.030.00100,,"- Krajnji profil izrađen od aluminija, visina [120] mm","Završni profil od aluminija, kao slobodni završetak ruba za estrih, isporučiti i u jednoj liniji te na ispravnoj visini ugraditi.

Visina: do [120] mm",10,m,,,,0,
403.030.00105,,"- Završni profil izrađen od temeljnog čelika, visina [120] mm","Završni profil od grundiranog čelika, kao slobodni završetak ruba za estrih, isporučiti i u jednoj liniji te na ispravnoj visini ugraditi.

Visina: do [120] mm",10,m,,,,0,
403.030.00110,,"- Krajnji profil od pocinčanog čelika, visina [120] mm","Završni profil od pocinčanog čelika, kao slobodni završetak ruba za estrih, isporučiti i u jednoj liniji te na ispravnoj visini ugraditi.

Visina: do [120] mm",10,m,,,,0,
403.030.00115,,- zglobovi za kretanje trakom za zglobove,"Traku fuge s profilom za pomične fuge, isporučiti i u jednoj liniji te na ispravnoj visini ugraditi u estrih.

Širina fuge: ca. 10 mm
Dubina fuge: do 80 mm",20,m,,,,0,
403.030.00120,,- podni slivnik spojiti smolom,"Podni slivnik ispuniti i spojiti dvokomponentnom reakcijskom smolom, gornja strana ispune nakošena, dimenzije do ca. 30/30 cm.",10,kom,,,,0,
404,,Keramičarski radovi,,,,,0,,,
404.000,,Prethodne napomene,,,,,0,,,
,,ZTV - Dodatni tehnički uvjeti ugovora,"1.) Dodatni ugovoreni tehnički uvjeti dio su troškovnika te u slučaju ugovaranja postaju dio ugovora. Izvođač radova se dakle obavezuje na sve radove i primjene koje proizlaze iz ovih uvjeta te su one uračunate u cijenu, ukoliko nisu zasebno ponuđene.

2.) Cijene stavki se prikazuju kao neto iznos u državnoj valuti. Važeći zakonski propisani porez na dodanu vrijednost obračunava se zasebno.

3.) U slučaju proturječnosti dodatnih ugovorenih tehničkih uvjeta vrijede prvenstveno podaci iz troškovnika. U slučaju proturječnosti između troškovnika i tehničke dokumentacije koja se predaje prilikom natječaja, vrijedi tehnička dokumentacija.

4.) Prije početka davanja ponude, ponuditelj je dužan pažljivo pročitati kompletan tekst općih uvjeta uz troškovnik, općih i posebnih uvjeta uz svaku grupu radova, tekst samog troškovnika i ostale dijelove tehničke dokumentacije. Ako opis bilo koje stavke u troškovniku dovodi do sumnje o načinu izvedbe ili upotrebu gradiva zahtijevane kvalitete, treba prije predaje ponude zatražiti pojašnjenje od ovlaštene osobe Investitora. Naknadno pozivanje na manjkavost ili nepoznavanje projektno-tehničke dokumentacije ili opisa u troškovniku neće se uzeti u obzir, niti smatrati razlogom za produženje roka izvedbe, a niti će se priznati bilo kakva razlika u cijeni s tog naslova.

5.) Tehnička dokumentacija koja se predaje prilikom natječaja informativnog je karaktera, a ponuđač je dužan u svom trošku izvršiti kontrolu projektno tehničke dokumentacije u smislu točnosti, tehničke ispravnosti, izvedivosti i međusobne usklađenosti. Sve eventualne primjedbe ponuditelj/izvoditelj dužan je pravovremeno uz ponudu, a u svakom slučaju prije izvedbe u pisanom obliku dostaviti Nadzoru i Naručitelju

6.) Ponuditelj je dužan provesti i kontrolu lokacije na licu mjesta prije davanja ponude. Jedinične cijene za pojedine vrste radova sadrže i sve one posredne troškove koji nisu iskazani u troškovniku, ali su neminovni za izvršenje radova predviđenih projektom.

7.) Organizacija gradilišta uračunata je u cijenu, ukoliko nije ponuđena kao zasebna stavka.

8.) Dizalice za podizanje, skele, strojevi, alati, pomoćna sredstva i konstrukcije uzeti su u obzir te su uračunati u jediničnu cijenu.

9.) Skele za radove na fasadi i radove na krovu predmet su ovog natječaja. Ponuditelj smije koristiti postojeće skele uz poštivanje sigurnosnih uvjeta i na vlastitu odgovornost. Preinake na skelama nisu dozvoljene te se one moraju predati u ispravnom stanju u kojem su i preuzete.

10.) Kompletnu režiju gradilišta usigurava i rješava ponuditelj/izvođač i i uključena je u jediničnu cijenu.

11.) Ponuditelj je obvezan redovno prikupljati i ,pravilno skladištiti i odvoziti na ovlašteni deponij sve otpadne materijale, ostatke, krhotine, građevinski otpad, ambalaže, obični otpad i slično o vlastitom trošku. Kod odlaganja otpada potrebno je pridržavati se svih javnopravnih uputa i propisa.

12.) Onečišćenja koja uslijed radova nastaju na susjednim terenima, zgradama, putovima, cestama, trgovima i slično, izvođač radova treba svakodnevno čistiti.

13.) Izvođač preuzima odgovornost za osiguravanje, skladištenje i spremanje vlastite građevinske opreme, strojeva, uređaja, alata i slično. Jednako vrijedi i za građevinske materijale, elemente i za ugradnju određenih uređaja i objekata sve do primopredaje obavljenih građevinskih radova.

14.) Prilikom izvođenja radova, izvoditelj treba zaštititi sve susjedne plohe, dijelove konstrukcije i prethodno izvedene radove na prikladan način a u skladu sa pravilima zaštite na radu, tako da ne dođe do oštećenja istih. Troškove zaštite treba izvoditelj ukalkulirati u ponudbenu cijenu izvođenja radova. Ukoliko ipak dođe do oštećenja prethodno izvedenih radova za koje je odgovoran izvoditelj ili njegov kooperant, dužan je iste o svom trošku dovesti u stanje prije oštećenja ili naručiti iste radove kod drugog izvoditelja na svoj teret.

15.) Sve potrebne mjere prema javnopravnim uputama i propisima za sigurnost i zaštitu zdravlja trebaju se uzeti u obzir te ih se treba pridržavati prilikom izvođenja radova.

16.) Prilikom davanja ponude i izvođenja radova treba se uzeti u obzir, uračunati i pridržavati se
- svih državnih i javnopravnih zakona, smjernica i propisa
- svih odgovarajućih tehničkih standarda, pravila i smjernica
- općeprihvaćenih pravila tehnike
- uputa, propisa i napomena proizvođača za ugradnju i obradu
- Kauflandovih građevinskih opisa, ugovorenih uvjeta i ostalih Kauflandovih dokumenata i planova.

17.) Stavke troškovnika obuhvačaju konačno dovršenje radova definiranih po količini i kvaliteti, onosno podrazumijevaju se kao gotove, potpune i funkcionirajuće, uklj. sve potrebne male dijelove i sredstva za pričvršćivanje, pomoćne materijale i sredstva, podkonstrukcije itd., kao i sve dodatne i posebne usluge - čak i kada one nisu detaljno opisane.

18.) Ako su treće stranke uključene u izvođenje predradnji, izvođač radova ih treba provjeravati. U slučaju nepravilnosti ili prigovora pravovremeno treba informirati naručitelja, tako da može tehnički i organizacijski dovršiti poslove.

19.) Obavezno se treba pridržavati svih Kauflandovih proizvodnih uputa, osim ako postoje opravdani razlozi za odstupanje (npr. dostupnost). U tom slučaju izvođač treba ponuditi istovjetni proizvod ili sustav te potvrditi istovjetnost. O njoj odlučuje naručitelj.

20.) Sustavi se izvode isključivo pomoću komponenata koje su predviđene od strane proizvođača sustava.

21.) Svi materijali, građevinski elementi i uređaji koji neposredno utječu na izgled i funkcionalnost prije ugradnje se trebaju provjeriti. Ugrađuju se tek nakon što naručitelj ili ovlaštena osoba odobri ugradnju na gradilištu. O vrsti i obliku uzorka odlučuje naručitelj.

22.) Ako nije drukčije propisano, izmjene postojećih projektnih rješenja od strane ponuditelja/izvođača a koje utječu na mehaničku stabilnost, ponuditelj/izvođač je dužan u svom trošku ishoditi sve suglasnosti, dozvole i sl.
Projekt izvedenog stanja ukalkulirati u jedničnu cijenu te dostaviti Kauflandu u pisanom i digitalnom obliku.

23.) Svi radovi na objektu te primjenjeni sistemi gradnje moraju biti izvedeni prema pravilu struke, odnosnu u granicama dopuštenih tolerancija.

24.) Ukoliko je ugovoreni termin izvršenja objekta uključen i zimski odnosno ljetni period, to se neće posebno izvođaču priznavati na ime naknade za rad pri niskoj temperaturi, zaštita konstrukcija od hladnoće i vrućine, te atmosferskih nepogoda, sve mora biti uključeno u jediničnu cijenu. Za vrijeme zime objekat se mora zaštititi. Svi eventualni smrznuti dijelovi moraju se ukloniti i izvesti ponovo bez bilo kakve naplate. Ukoliko je temperatura niža od temperature pri kojoj je dozvoljen dotični rad, a Investitor ipak traži da se radi, Izvođač si ima pravo zaračunati naknadu po normi 6,006 ali u tom slučaju Izvođač snosi punu odgovornost za ispravnost i kvalitetu rada. To isto vrijedi i za zaštitu radova tokom ljeta od prebrzog sušenja uslijed visoke temperature.

25.) U jediničnu cijenu rada izvođač treba obuhvatiti i slijedeće radove, koji se neće zasebno platiti kao naknadni rad, čak i ako nisu izričito navedenei u troškovniku:
- sve vrste transporta građevinskih materijala, elemenata, uređaja, objekata itd. do mjesta ugradnje
- potrebne i uobičajene pripreme i predobrade tla
- sve vrste bušenja, zavarivanja, lijepljenja, malih dijelova, sredstava za pričvršćivanje, međupoložaja, izolacije, brtvljenja, folija, spojeva itd. koje su potrebne za priključak, montažu i pričvršćivanje građevinskih dijelova i elemenata
- stručna priprema i priključak na sve okolne dijelove, ugradbene i nadgradne elemente i propuste
- sve izrade kutova, spojnih površina i elemenata, završnih elemenata, slobodnih krajeva itd.
- sve podloge za montažu, priključak i pričvršćivanje kao što su beton, zidani elementi, čelik, aluminij, limovi, gips karton, itd.
- potrebne spojne, kose i okrugle rezove te ostatke rezanja
- Izrada otvora i proreza za instalacije i ugradbene elemente drugih izvođača
- interno povezivanje kablovima i priključak objekata, dovod prema električnim trošilima na gradilištu od strane elektro izvođača",,,,,,,
,,Ograničenje usluga za obradu pločica i ploča,"U sljedećim pozicijama potrebno je uzeti u obzir i uračunati sljedeće usluge, čak i ako nisu izričito navedene:
- Provjeru planiranih visina ugradnje u odnosu na zadane visine i predviđene obloge
- Rezanje rubnih izolacijskih traka
- Prihvat građevinskih fuga u oblozi
- Usklađivanje s naručiteljem o smjeru polaganja dužinski orijentiranih obloga ili obloga s uzorkom
- Polaganje unutar jedne povezane površine materijalom iz jedne zajedničke isporuke
- Zaštitu postavljenih obloga folijom, papirom ili sličnim materijalom
- Korištenje usisivača prilikom rezanja ili brušenja
- Polaganje okvira za podne spremnike, revizijske zaklopce, itd.
- Površine i područja na koja se polažu pločice i ploče zatvoriti i osigurati
- Utvrđivanje spremnosti površine za polaganje podnih obloga (CM mjerenje)
- Dodatne radove u nišama, izbočenim dijelovima zida ili drugim tankim elementima",,,,,,,
404.010,,Izolacije,,,,,0,,,
404.010.00100,,x... WB15 - Zidni izolacijski sustav,"Brtveni sustav ispod obloga s pločicama i pločama, kao površinsko brtvljenje bez niti i fuga, od disperzije od umjetne smole bez otapala, za srednje opterećenje vodom koja nije pod pritiskom u unutarnjem prostoru, uklj. brtvene trake, kutove, manšete, itd., isporučiti i nanijeti na zid.",100,m2,,,,0,
404.020,,Zidne pločice,,,,,0,,,
404.020.00100,,"x..WF2..x - zidna obloga, format 15/20 cm, mat bijela","Postava zidne keramike dim. 150/200 mm, bijele boje, mat. Postava na ljepilo, fugiranje sa masom za fugiranje. Sve spojeve podne obloge i zida potrebno je silikonirati trajno elastičnim kitom. Uključen sav rad, ljepilo, silikon, masa za fugiranje te kutni i završni profili od nehrđajućeg čelika. Izvedba do gotove funkcionalnosti.

Visina: prema KaBa 2024 i izvedbenom projektu
Format pločica: 15/20 cm
Boja pločica: bijele, mat
Boja fuga: cementno siva
Način polaganja: Križni spoj, uspravno
Zadani proizvod:
Ceramica Casalgrande Caleidoscopio Betulla 20 x 20 cm (Alternativa)
Kermos (Keramundo) Konceptualna mat, bijela, br. 294874
Agrob Buchtal (Deutsche Steinzeug) mat, bijela, br. 533.011-300",179,m2,,,,0,
404.020.00105,,"x..WF4..x - zidne pločice 12,5 / 25 cm, bijele glazirane otporne na smrzavanje i kiselinu","Postava zidne keramike dim. 125/250/8 mm, bijele, glazirane, 1 klasa, otporne na smrzavanje i kiselinu, lijepljene na tankoj podlozi i fugirane fleksi fugama. Spojevi između podnih i zidnih obloga zatvoriti trajnoelastičnim fugama. Uključen sav rad, ljepilo, silikon, masa za fugiranje. Izvedba do gotove funkcionalnosti.

Visina: jednaka visini prostorije, do 3,0 m od gotovog poda
Format pločica: 12,5/25 cm
Boja pločica: bijele, glazirane
Boja fuga: svijetlo siva
Način polaganja: Križni spoj, uspravno
Zadani proizvod:
Ceramica Casalgrande Tundra 100 Satin, Nr. 1100 100S
Agrob Buchtal (Deutsche Steinzeug) bijela, glasiert, br. 38110",82,m2,,,,0,
404.020.00110,,x..WF4..x - unutarnji zaobljeni kutevi,"Postava unutarnjih zaobljenih kuteva, bijele, glazirane, 1 klasa, otporne na smrzavanje i kiselinu, lijepljene na tankoj podlozi i fugirane fleksi fugama. Spojevi između podnih i zidnih obloga zatvoriti trajnoelastičnim fugama. Uključen sav rad, ljepilo, silikon, masa za fugiranje. Izvedba do gotove funkcionalnosti.

Zadani proizvod:
Agrob Buchtal (Deutsche Steinzeug) bijela, glasiert, br. 700-17190
Ceramica Casalgrande 5730 Tundra Satin, M2 x 25, Nr. 5730 100S",150,kom,,,,0,
404.020.00115,,x..WF21..x - zidne pločice 30/60 cm,"Postava keramičke zidne pločice postavljene u tanku podlogu od morta.
Izvedba okomitih završetaka s V2A završnim šinama , npr. Schlüter Jolly EB. Vertikalni završetci, npr. na prolazima: plemeniti čelik, npr. Schlüter Rondec. Sve spojeve podne obloge i zida potrebno je silikonirati trajno elastičnim kitom. Uključen sav rad, ljepilo, silikon, masa za fugiranje te okomiti i vertikalni završetci od plemenitog čelika. Izvedba do gotove funkcionalnosti.

Visina: 1,0 m do 2,2 m (visina vrata) od gotovog poda
Format pločica: 30/60 cm
Boja pločica: sive, mat
Boja fuga: svjetlo siva/ manhattan
Način polaganja: Križni spoj, polegnute
Zadani proizvod:
Agrob Buchtal (Deutsche Steinzeug)
Positano 30x60 cm, Nr. 433 567, medium grey
Agrob Buchtal (Deutsche Steinzeug)
Dexter, 60x30 cm, Nr. 430 609 H, aschgrau
Ceramica Casalgrande, MARTE, GRIGIO MAROSTICA, matt",65,m2,,,,0,
404.020.00120,,"x..AF3..x - Doplata za zidne pločice dim 30/60 cm, prozorske klupice","Doplata za zidne pločice oznake WF21, za oblaganje prozorskih klupica pločicama jednakog materijala i boje, pod nagibom od 30° prema unutarnjoj strani.

Dubina: do 20 cm",6,m,,,,0,
404.020.00125,,"x..DG2..x - zidne pločice dim 30/60 cm, vrata","Doplata za zidne pločice oznake WF21, za oblaganje otvora za vrata pločicama jednakog materijala i boje, uklj. kutne i krajnje profile od nehrđajućeg čelika.

Širina: do 20 cm",15,m,,,,0,
404.020.00130,,x..IT28.4..x - zaštita rubova od nehrđajućeg čelika V2A,"Dobava i postava zaštite rubova od nehrđajućeg plemenitog čelika, V2A, sa skošenim rubovima. Zaštitne rubne šipke se ugrađuju na razinu pločica i završavaju u istoj ravnini sa gotovim zidnim pločicama.",12.5,m,,,,0,
404.020.00135,,"x..RS1..x - zidne pločice dim. 60/120 cm, siva, visina 1,2 m","Postava keramičke zidne pločice velikog formata postavljene u tanku podlogu od morta na zidove od gipskartona/betona. Potrebna je izvedba ojačanja u ljepilo mrežicom. Sve spojeve podne obloge i zida potrebno je silikonirati trajno elastičnim kitom. Završni profil od plemenitog čelika, četkani, npr. Schlüter Rondec EB, za gornji vodoravni završetak i okomite vanjske kutove. Uključen sav rad, ljepilo, trajnoelastični kit, masa za fugiranje te okomiti i vertikalni završetci od plemenitog čelika. Izvedba do gotove funkcionalnosti.

Stavka uključuje polaganje keramike oko tipkala pored unutarnih vrata F04 (ulaz u stubište za osoblje iz pasaža). Keramiku položiti minimalno 15cm oko tipkala (prema projektnim nacrtima).

Visina: 1,2 m od gotovog poda
Format pločica: 60/120 cm
Boja pločica: sive/bijele, mat
Boja fuga: svijetlo siva
Način polaganja: Na pola dužine, uspravno
Zadani proizvod:
Marazzi MLUK Clays Cotton
Ceramica Casalgrande, Metropolis Metro Grey 600 x 1200 mm, Nr.1346 0047",45,m,,,,0,
404.020.00140,,"- Dodatne zidne pločice, polaganje na metalne podloge","Dodatak za gore Navedene podne pločice, za polaganje na metalne podloge prikladnim ljepilom za pločice i sustavom za izradu fuga.",2,m2,,,,0,
404.030,,Podne pločice,,,,,0,,,
404.030.00100,,"x..FB1..x - podna pločica svijetlo bež boje, mat, R9","Postava podne obloge od keramičkih pločica protukliznosti R9 položenih u tankoslojni mort. Fino zrno s udjelima grubog zrna, 1. sortiranje, s površinom otpornom na ulje i kiselinu, otpornom na abraziju, neosjetljivom i kaljenom površinom. Uključen sav rad,vezni materijal,PVC dilatacione fuge za teška opterećenja, cementni mort za fugiranje,trajno elastični kit te istovar pločica na gradilištu. Izvedba do gotove funkcionalnosti.

Format pločica: 20/20 ili 30/30 cm, debljine ca. 15 mm
Boja pločica: svijetlo bež, mat
Zaštita od proklizavanja: R9 prema DIN 51130
Boja fuga: cementni mort, boja cementno siva
Način polaganja: smaknuto (pola-pola) s gustom mrežom fuga
Zadani proizvod: [prema Kauflandovoj listi proizvoda]",136,m2,,,,0,
404.030.00105,,"x..FB1..x - podna pločica svijetlo bež boje, mat, R10","Postava podne obloge od keramičkih pločica protukliznosti R10 položenih u tankoslojni mort. Fino zrno s udjelima grubog zrna, 1. sortiranje, s površinom otpornom na ulje i kiselinu, otpornom na abraziju, neosjetljivom i kaljenom površinom. Uključen sav rad,vezni materijal,PVC dilatacione fuge za teška opterećenja, cementni mort za fugiranje,trajno elastični kit te istovar pločica na gradilištu. Izvedba do gotove funkcionalnosti.

Format pločica: 20/20 ili 30/30 cm, debljine ca. 15 mm
Boja pločica: svijetlo bež, mat
Zaštita od proklizavanja: R10 prema DIN 51130
Boja fuga: cementni mort, boja cementno siva
Način polaganja: smaknuto (pola-pola) s gustom mrežom fuga
Zadani proizvod: [prema Kauflandovoj listi proizvoda]",84,m2,,,,0,
404.030.00110,,"x..FS1..x - sokl rezan od podne pločice svijetlo bež boje, mat, R9","Postava sokl od keramičke pločice, čeone ploče 200/100 ili 300/100/14-15 mm od rezanih ploča podne obloge, postavljene na podlozi od morta ili se lijepe. Završna fuga između podne obloge i podnožne pločice trajno elastično fugirana. Postava na ljepilo, fugiranje sa masom za fugiranje. Sve spojeve podne obloge i sokla,te zida i sokla, potrebno je silikonirati. Uključen sav rad,ljepilo, silikon, masa za fugiranje. Pločice isporučuje izvođač.

Format podnožja: ca. 10/20 ili 10/30 cm R9
Boja pločica: svijetlo bež, mat
Boja fuga: cementno siva
Zadani proizvod: [prema Kauflandovoj listi proizvoda]",700,kom,,,,0,
404.030.00115,,"x..FS2.1..x - holker od kamena dim.198/98mm, R9","Postava holkera od mljevenog kamena pribl. 198/98 mm položene u mort ili zaljepljene pomoću tankoslojnog morta. Žljebasti profil postavljen horizontalno. Holkel bez potrebe za protukliznom podlogom odn. R9. Fugiranje otporno na kiselinu na bazi epoksidne smole. Postava na ljepilo, fugiranje sa masom za fugiranje. Sve spojeve podne obloge i sokla,te zida i sokla, potrebno je silikonirati. Uključen sav rad,ljepilo, silikon, masa za fugiranje. Izvedba do gotove funkcionalnosti.

Format podnožja: ca. 10/20 cm
Boja pločica: siva, mat
Boja fuga: siva
Zadani proizvod: [prema Kauflandovoj listi proizvoda]",170,kom,,,,0,
404.030.00120,,x..FS2.1..x - sokl rezan od pločice holkera,"Postava sokla od mljevenog kamena pribl. 198/98 mm od reznih ploča holkera zaljepljene pomoću tankoslojnog morta. Fugiranje otporno na kiselinu na bazi epoksidne smole. Postava na ljepilo, fugiranje sa masom za fugiranje. Sve spojeve podne obloge i sokla,te zida i sokla, potrebno je silikonirati. Uključen sav rad,ljepilo, silikon, masa za fugiranje. Izvedba do gotove funkcionalnosti.

Format podnožja: ca. 10/20 cm
Boja pločica: siva, mat
Boja fuga: siva
Zadani proizvod: [prema Kauflandovoj listi proizvoda]",170,kom,,,,0,
404.030.00125,,"x..FB1.3..x - podna pločica svijetlo bež boje, otporna na kiselinu, R11","Postava podne obloge od keramičkih pločica položena u mort i zalijepljena u tanku podlogu. Pločice 200/200/14-15 mm, fino zrno s udjelima grubog zrna, 1. sortiranje, s površinom otpornom na ulje i kiseline, habanje, neosjetljivom i pojačanom. Uključen sav rad i materijal,PVC dilatacione fuge za teška opterećenja, masa za fugiranje. Pločice isporučuje izvođač. Izvedba do gotove funkcionalnosti.

Format pločica: 20/20 cm, debljine ca. 15 mm
Boja pločica: svijetlo bež
Zaštita od proklizavanja: R11 prema DIN 51130
Boja fuga: otporna na kiselinu na bazi epoksidne smole, cementno siva boja, glatko po cijeloj površini
Način polaganja: smaknuto (pola-pola)
Zadani proizvod: [prema Kauflandovoj listi proizvoda]",208,m2,,,,0,
404.030.00130,,"x..FS2..x - podnI sokl, svjetlo bež boje dim.200/100mm","Postava keramički sokl 200/100 mm. Sokl postavljen položeno. Polaganje sokla provodi se pod laganim nagibom, tako da se stvori lagani pad od zida prema prostoriji. Postava na ljepilo, fugiranje sa masom za fugiranje. Sve spojeve podne obloge i sokla,te zida i sokla, potrebno je silikonirati. Uključen sav rad,ljepilo, silikon, masa za fugiranje. Izvedba do gotove funkcionalnosti.

Format podnožja: ca. 10/20 cm
Boja pločica: svijetlo bež, mat
Boja fuga: cementno siva
Zadani proizvod: [prema Kauflandovoj listi proizvoda]",650,kom,,,,0,
404.030.00135,,- Profili za dilatacije od nehrđajućeg čelika,"Profile dilatacijskih fuga, od nehrđajućeg čelika, s trajno elastičnom brtvom, debljine ca. 2 mm, s visinom prilagođenom podlozi, isporučiti i ugraditi u jednoj liniji i na ispravnoj visini na spoj.

Zadani proizvod: vidi u Kauflandovoj listi proizvoda",20,m,,,,0,
404.040,,Vibropod,,,,,0,,,
404.040.00100,,"x..FB1..x - podne pločice,svjetlo bež boje, R9, postupak vibrometodom","Postava podne obloge od keramičkih pločica protukliznosti R9 položenih vibro metodom, fino zrno s udjelima grubog zrna, 1. sortiranje, s površinom otpornom na ulje i kiselinu, otpornom na abraziju, neosjetljivom i kaljenom površinom, pogodnom za dugotrajni rad ručnih paletnih viljuškara, električnih paletnih viljuškara i električnih viličara s točkastim opterećenjima do 25 N/mm² i ukupno vozilo težine s maksimalnim opterećenjem od 3t. Uključen sav rad,vezni materijal,PVC dilatacione fuge za teška opterećenja,usporivač vezivanja morta, trake za dilatiranje od obodnih zidova, cementni mort za fugiranje,trajno elastični kit, PE folija i estrih armiran polipropilenskim vlaknima. Pločice isporučuje izvođač. Izvedba do gotove funkcionalnosti.

Visina konstrukcije: [xxx] mm
Format pločica: 20/20 ili 30/30 cm, debljine ca. 15 mm
Boja pločica: svijetlo bež, mat
Zaštita od proklizavanja: R9 prema DIN 51130
Boja fuga: cementni mort, boja cementno siva
Način polaganja: smaknuto (pola-pola) s gustom mrežom fuga
Zadani proizvod: [prema Kauflandovoj listi proizvoda]",2759,m2,,,,0,
404.040.00105,,"x..FB1.1..x - podne pločice,sive boje, R11, postupak vibrometodom","Postava pločica od mljevenog kamena format 198x198x14mm protukliznosti R11 položenih vibro metodom. Fina granulacija 1. klasa, površine otporne na ulje, kiseline, trljanje, neosjetljive. Fugiranje otporno na kiselinu na bazi epoksidne smole.
Uključen sav rad,vezni materijal,PVC dilatacione fuge za teška opterećenja,usporivač vezivanja morta, trake za dilatiranje od obodnih zidova, cementni mort za fugiranje,trajno elastični kit, PE folija i estrih armiran polipropilenskim vlaknima. Pločice isporučuje izvođač. Izvedba do gotove funkcionalnosti.

Visina konstrukcije: prema KaBa 2024 i izvedbenom projektu
Format pločica: 20/20 cm, debljine ca. 15 mm
Boja pločica: siva
Zaštita od proklizavanja: R11 prema DIN 51130
Boja fuga: siva ili antrazit
Način polaganja: smaknuto (pola-pola)
Zadani proizvod: [prema Kauflandovoj listi proizvoda]",50,m2,,,,0,
404.040.00110,,"x..BM2..x - dodatne podne pločice, sitni kameni proizvodi 30/30 cm, R9, oznaka poda","Dodatak za gore Navedenu podnu oblogu od finog kamena, za označavanje pločica koje se razlikuju u boji.
Dizajn: puna linija, širina do 30 cm
Boja pločica: crveno-smeđa",250,m,,,,0,
404.040.00115,,"x..APL1..x - dodatne podne pločice, sitni kameni proizvodi 30/30 cm, sidrene ploče","Dodatak za gore Navedene podne obloge od finog kamena, za ugradnju ploča s betonskim sidrima u jednom redu, u različitim pojedinačnim dužinama.

Izvedba: Čelični lim 3 mm, s oštrim rubovima
Format ploče: 30/30 cm, debljine ca. 25 mm
Zaštita od proklizavanja: R10 prema DIN 51130",37,m,,,,0,
404.040.00120,,"- Spojevi za pomične fuge s krutim PVC profilom, širine 10 mm","Profil fuga za pomične fuge, profil debelog sloja od tvrdog PVC-a s mekanom PVC-jezgrom, uklj. cijele ploče s obje strane profila, isporučiti i u jednoj liniji i na ispravnoj visini ugraditi u podlogu za treskanje.

Širina vidljive površine: ca. 10 mm

Zadani proizvod: vidi u Kauflandovoj listi proizvoda",780,m,,,,0,
404.050,,Podne pločice stepenice,,,,,0,,,
404.050.00100,,"x..FB2..x - podne pločice 30/30 cm svjetlo bež boje, R9","Postava podne obloga od pločica mljevenog kamena kao podna obloga stepenica čela i gazišta. Fino zrno s dodatkom grubog zrna, 1. klasa, površinski poboljšano. Postavljanje na mort ili ljepilo, bez padova. Fugiranje cementnim mortom. Gazište s profiliranim utorima i zaobljenim prednjim rubom, bez prepusta, postavljeno na razini gornjeg prednjeg ruba prethodne čeone ploče. Bočni prepust 15 mm od gazišta i čeone ploče duž rukohvata. Sve spojeve podne obloge i sokla potrebno je silikonirati. Uključen sav rad,ljepilo, silikon, masa za fugiranje. Pločice isporučuje izvođač.

Format pločica: 30/30 cm, debljine ca. 9 mm
Boja pločica: svijetlo bež, mat
Zaštita od proklizavanja: R9 prema DIN 51130
Boja fuga: fugiranje cementnim mortom, boja cementno siva
Način polaganja: Križni spoj
Zadani proizvod: [prema Kauflandovoj listi proizvoda]",14,m2,,,,0,
404.050.00105,,"x..FB2.1..x - podna pločica 30/30 cm, R10, antracit","Postava kontrasta u boji prvog i posljednjeg koraka na svakom stubištu odvija se pločicama tamnih boji. Pločica mljevenog kamena kao podna obloga stepenica. Pločice za stepenice i gazište, dimenzije širina/dubina/debljina: 300/300/8 mm, fino zrno s grubim rasipanjem zrna, 1. Razvrstavanje, temperirano na površinu, antracit u boji. Postavljanje na podlogu od morta ili ljepila, bez nagiba. Gazište s profiliranim utorima i zaobljenim prednjim rubom, bez prepusta, postavljeno na razini gornjeg prednjeg ruba prethodne čeone ploče. Bočni prepust 5 mm od gazišta i čeone ploče duž rukohvata. Fugiranje cementnim mortom, boja anthrazit, glatko po cijeloj površini. Protukliznost R10. Sve spojeve podne obloge i sokla potrebno je silikonirati. Uključen sav rad,ljepilo, silikon, masa za fugiranje. Pločice isporučuje izvođač.

Zadani proizvod: [prema Kauflandovoj listi proizvoda]",4,m2,,,,0,
404.050.00110,,"x..FS3..x - sokl rezan od podne keramike, svijetlo bež","Postava sokl od ploča od mljevenog kamena za oblaganje stepeništa, čeone ploče 300/80/8 mm položene u estrih ili nalijepljene. Kut spoja s rezom 45°. Postava na ljepilo, fugiranje sa masom za fugiranje. Sve spojeve podne obloge i sokla,te zida i sokla, potrebno je silikonirati. Uključen sav rad,ljepilo, silikon, masa za fugiranje. Izvedba do gotove funkcionalnosti.

Format podnožja: 8/30 cm
Boja pločica: svijetlo bež, mat
Boja fuga: fugiranje cementnim mortom, boja cementno siva
Zadani proizvod: [prema Kauflandovoj listi proizvoda]",140,kom,,,,0,
404.060,,Obrada betonskog kamena,,,,,0,,,
404.070,,Rad od prirodnog kamena,,,,,0,,,
404.080,,Ostali,,,,,0,,,
404.080.00100,,"x... RES1 - Otirači, verzija 1","Otirači, od naizmjenično gumenih i četkastih profila, u pojačanoj izvedbi za ekstremna opterećenja, s podjelom u segmente s maks. pojedinačnom težinom od 50 kg, u različitim pojedinačnim dimenzijama, uklj. okvir od nehrđajućeg čelika, spojni element, oblogu pločica ispod otirača, izraditi, isporučiti i montirati.

Niša za otirač u vjetrobranu predviđena je za 3 modula otirača, svaki dimenzije 3,0x1,25m.

Izvedba: Naizmjenično dva gumena profila i trostruki red četki
Debljina otirača: ca. 22 mm
Zadani proizvod: vidi u Kauflandovoj listi proizvoda",11.25,m2,,,,0,
405,,Podni radovi,,,,,0,,,
405.000,,Prethodne napomene,,,,,0,,,
,,ZTV - Dodatni tehnički uvjeti ugovora,"1.) Dodatni ugovoreni tehnički uvjeti dio su troškovnika te u slučaju ugovaranja postaju dio ugovora. Izvođač radova se dakle obavezuje na sve radove i primjene koje proizlaze iz ovih uvjeta te su one uračunate u cijenu, ukoliko nisu zasebno ponuđene.

2.) Cijene stavki se prikazuju kao neto iznos u državnoj valuti. Važeći zakonski propisani porez na dodanu vrijednost obračunava se zasebno.

3.) U slučaju proturječnosti dodatnih ugovorenih tehničkih uvjeta vrijede prvenstveno podaci iz troškovnika. U slučaju proturječnosti između troškovnika i tehničke dokumentacije koja se predaje prilikom natječaja, vrijedi tehnička dokumentacija.

4.) Prije početka davanja ponude, ponuditelj je dužan pažljivo pročitati kompletan tekst općih uvjeta uz troškovnik, općih i posebnih uvjeta uz svaku grupu radova, tekst samog troškovnika i ostale dijelove tehničke dokumentacije. Ako opis bilo koje stavke u troškovniku dovodi do sumnje o načinu izvedbe ili upotrebu gradiva zahtijevane kvalitete, treba prije predaje ponude zatražiti pojašnjenje od ovlaštene osobe Investitora. Naknadno pozivanje na manjkavost ili nepoznavanje projektno-tehničke dokumentacije ili opisa u troškovniku neće se uzeti u obzir, niti smatrati razlogom za produženje roka izvedbe, a niti će se priznati bilo kakva razlika u cijeni s tog naslova.

5.) Tehnička dokumentacija koja se predaje prilikom natječaja informativnog je karaktera, a ponuđač je dužan u svom trošku izvršiti kontrolu projektno tehničke dokumentacije u smislu točnosti, tehničke ispravnosti, izvedivosti i međusobne usklađenosti. Sve eventualne primjedbe ponuditelj/izvoditelj dužan je pravovremeno uz ponudu, a u svakom slučaju prije izvedbe u pisanom obliku dostaviti Nadzoru i Naručitelju

6.) Ponuditelj je dužan provesti i kontrolu lokacije na licu mjesta prije davanja ponude. Jedinične cijene za pojedine vrste radova sadrže i sve one posredne troškove koji nisu iskazani u troškovniku, ali su neminovni za izvršenje radova predviđenih projektom.

7.) Organizacija gradilišta uračunata je u cijenu, ukoliko nije ponuđena kao zasebna stavka.

8.) Dizalice za podizanje, skele, strojevi, alati, pomoćna sredstva i konstrukcije uzeti su u obzir te su uračunati u jediničnu cijenu.

9.) Skele za radove na fasadi i radove na krovu predmet su ovog natječaja. Ponuditelj smije koristiti postojeće skele uz poštivanje sigurnosnih uvjeta i na vlastitu odgovornost. Preinake na skelama nisu dozvoljene te se one moraju predati u ispravnom stanju u kojem su i preuzete.

10.) Kompletnu režiju gradilišta usigurava i rješava ponuditelj/izvođač i i uključena je u jediničnu cijenu.

11.) Ponuditelj je obvezan redovno prikupljati i ,pravilno skladištiti i odvoziti na ovlašteni deponij sve otpadne materijale, ostatke, krhotine, građevinski otpad, ambalaže, obični otpad i slično o vlastitom trošku. Kod odlaganja otpada potrebno je pridržavati se svih javnopravnih uputa i propisa.

12.) Onečišćenja koja uslijed radova nastaju na susjednim terenima, zgradama, putovima, cestama, trgovima i slično, izvođač radova treba svakodnevno čistiti.

13.) Izvođač preuzima odgovornost za osiguravanje, skladištenje i spremanje vlastite građevinske opreme, strojeva, uređaja, alata i slično. Jednako vrijedi i za građevinske materijale, elemente i za ugradnju određenih uređaja i objekata sve do primopredaje obavljenih građevinskih radova.

14.) Prilikom izvođenja radova, izvoditelj treba zaštititi sve susjedne plohe, dijelove konstrukcije i prethodno izvedene radove na prikladan način a u skladu sa pravilima zaštite na radu, tako da ne dođe do oštećenja istih. Troškove zaštite treba izvoditelj ukalkulirati u ponudbenu cijenu izvođenja radova. Ukoliko ipak dođe do oštećenja prethodno izvedenih radova za koje je odgovoran izvoditelj ili njegov kooperant, dužan je iste o svom trošku dovesti u stanje prije oštećenja ili naručiti iste radove kod drugog izvoditelja na svoj teret.

15.) Sve potrebne mjere prema javnopravnim uputama i propisima za sigurnost i zaštitu zdravlja trebaju se uzeti u obzir te ih se treba pridržavati prilikom izvođenja radova.

16.) Prilikom davanja ponude i izvođenja radova treba se uzeti u obzir, uračunati i pridržavati se
- svih državnih i javnopravnih zakona, smjernica i propisa
- svih odgovarajućih tehničkih standarda, pravila i smjernica
- općeprihvaćenih pravila tehnike
- uputa, propisa i napomena proizvođača za ugradnju i obradu
- Kauflandovih građevinskih opisa, ugovorenih uvjeta i ostalih Kauflandovih dokumenata i planova.

17.) Stavke troškovnika obuhvačaju konačno dovršenje radova definiranih po količini i kvaliteti, onosno podrazumijevaju se kao gotove, potpune i funkcionirajuće, uklj. sve potrebne male dijelove i sredstva za pričvršćivanje, pomoćne materijale i sredstva, podkonstrukcije itd., kao i sve dodatne i posebne usluge - čak i kada one nisu detaljno opisane.

18.) Ako su treće stranke uključene u izvođenje predradnji, izvođač radova ih treba provjeravati. U slučaju nepravilnosti ili prigovora pravovremeno treba informirati naručitelja, tako da može tehnički i organizacijski dovršiti poslove.

19.) Obavezno se treba pridržavati svih Kauflandovih proizvodnih uputa, osim ako postoje opravdani razlozi za odstupanje (npr. dostupnost). U tom slučaju izvođač treba ponuditi istovjetni proizvod ili sustav te potvrditi istovjetnost. O njoj odlučuje naručitelj.

20.) Sustavi se izvode isključivo pomoću komponenata koje su predviđene od strane proizvođača sustava.

21.) Svi materijali, građevinski elementi i uređaji koji neposredno utječu na izgled i funkcionalnost prije ugradnje se trebaju provjeriti. Ugrađuju se tek nakon što naručitelj ili ovlaštena osoba odobri ugradnju na gradilištu. O vrsti i obliku uzorka odlučuje naručitelj.

22.) Ako nije drukčije propisano, izmjene postojećih projektnih rješenja od strane ponuditelja/izvođača a koje utječu na mehaničku stabilnost, ponuditelj/izvođač je dužan u svom trošku ishoditi sve suglasnosti, dozvole i sl.
Projekt izvedenog stanja ukalkulirati u jedničnu cijenu te dostaviti Kauflandu u pisanom i digitalnom obliku.

23.) Svi radovi na objektu te primjenjeni sistemi gradnje moraju biti izvedeni prema pravilu struke, odnosnu u granicama dopuštenih tolerancija.

24.) Ukoliko je ugovoreni termin izvršenja objekta uključen i zimski odnosno ljetni period, to se neće posebno izvođaču priznavati na ime naknade za rad pri niskoj temperaturi, zaštita konstrukcija od hladnoće i vrućine, te atmosferskih nepogoda, sve mora biti uključeno u jediničnu cijenu. Za vrijeme zime objekat se mora zaštititi. Svi eventualni smrznuti dijelovi moraju se ukloniti i izvesti ponovo bez bilo kakve naplate. Ukoliko je temperatura niža od temperature pri kojoj je dozvoljen dotični rad, a Investitor ipak traži da se radi, Izvođač si ima pravo zaračunati naknadu po normi 6,006 ali u tom slučaju Izvođač snosi punu odgovornost za ispravnost i kvalitetu rada. To isto vrijedi i za zaštitu radova tokom ljeta od prebrzog sušenja uslijed visoke temperature.

25.) U jediničnu cijenu rada izvođač treba obuhvatiti i slijedeće radove, koji se neće zasebno platiti kao naknadni rad, čak i ako nisu izričito navedenei u troškovniku:
- sve vrste transporta građevinskih materijala, elemenata, uređaja, objekata itd. do mjesta ugradnje
- potrebne i uobičajene pripreme i predobrade tla
- sve vrste bušenja, zavarivanja, lijepljenja, malih dijelova, sredstava za pričvršćivanje, međupoložaja, izolacije, brtvljenja, folija, spojeva itd. koje su potrebne za priključak, montažu i pričvršćivanje građevinskih dijelova i elemenata
- stručna priprema i priključak na sve okolne dijelove, ugradbene i nadgradne elemente i propuste
- sve izrade kutova, spojnih površina i elemenata, završnih elemenata, slobodnih krajeva itd.
- sve podloge za montažu, priključak i pričvršćivanje kao što su beton, zidani elementi, čelik, aluminij, limovi, gips karton, itd.
- potrebne spojne, kose i okrugle rezove te ostatke rezanja
- Izrada otvora i proreza za instalacije i ugradbene elemente drugih izvođača
- interno povezivanje kablovima i priključak objekata, dovod prema električnim trošilima na gradilištu od strane elektro izvođača",,,,,,,
,,Podne obloge s ograničenjem izvedbe,"U sljedećim pozicijama potrebno je uzeti u obzir i uračunati sljedeće usluge, čak i ako nisu izričito navedene:
- Provjeru planiranih visina ugradnje u odnosu na zadane visine i predviđene obloge
- Rezanje rubnih izolacijskih traka
- Prihvat građevinskih fuga u oblozi
- Usklađivanje s naručiteljem o smjeru polaganja dužinski orijentiranih obloga ili obloga s uzorkom
- Polaganje unutar jedne povezane površine materijalom iz jedne zajedničke isporuke
- Zaštitu postavljenih obloga folijom, papirom ili sličnim materijalom
- Korištenje ljepila bez trajnog mirisa, bez štetnih i za alergičare opasnih otapala
- Korištenje usisivača prilikom brušenja
- Istraživanje vodova, cijevi, itd. u podlozi za pričvršćivanje
- Polaganje okvira za podne spremnike, revizijske zaklopce, itd.
- Površine i područja koja se obrađuju zatvoriti i osigurati
- Utvrđivanje spremnosti površine za polaganje podnih obloga (CM mjerenje)",,,,,,,
405.010,,Rad na parketu,,,,,0,,,
405.020,,Podne obloge od PVC-a,,,,,0,,,
405.030,,Podne obloge od linoleuma,,,,,0,,,
405.030.00100,,"x..FB200..x - podovi od linoleuma, [2,5] mm","Dobava i postava podne obloga od linoleuma DIN EN 548, za primjenu u komercionalnom sektoru, vatrootpornost EN 13501-1 reakcije na požar B2, debljina 2,5 mm. Obloge, širina staze 200 cm. Antistatička podloga, električni naboj s maksimalnom graničnom vrijednosti do 2 kV. Poboljšavanje izolacije buke koraka za otpr. 4 dB, obloga je prikladna za kotačiće prema normi EN 425. Polaganje: lijepljenjem, na punu ravnu podlogu. Homogeno fugiranje rezanih i sučeljenih fuga s prikladnom zavarenom fugom u odgovarajućoj boji. U cijeni sav rad i materijal koji je potreban da se stavka izvede do gotove funkcionalnosti i pravilu struke. U cijeni i svi pripremni radovi prema uputama tehnologa proizvođača obloge.

Zadani proizvod: [prema Kauflandovoj listi proizvoda]",103.61,m2,,,,0,
405.030.00105,,"x..FS200..x - sokl od podnih traka linoleuma, [2,5] mm","Dobava i postava sokla od traka podnih obloga, visina 60 mm, od ravnomjerno izrezanih traka podne obloge - linoleuma DIN EN 548, za primjenu u komercionalnom sektoru, vatrootpornost EN 13501-1 reakcije na požar B2, debljina 2,5 mm, zalijepljeno po cijeloj površini lijepilom koje ne sadrži otapala. Polaganje na stupovima, zidovima i pregradnim zidovima od gips-kartonskih ploča, ali ne i na ostakljenim pregradnim zidovima sistema. U cijeni sav rad i materijal koji je potreban da se stavka izvede do gotove funkcionalnosti i pravilu struke. U cijeni i svi pripremni radovi prema uputama tehnologa proizvođača obloge.

Zadani proizvod: [prema Kauflandovoj listi proizvoda]",88.21,m1,,,,0,
405.030.00110,,- aluminijski razdjelnici,"Razdvojne šine od aluminija, debljine ca. 2 mm, s visinom prilagođenom podlozi, u različitim pojedinačnim dužinama, isporučiti i ugraditi u jednoj liniji i na ispravnoj visini kao završetak ili na prijelazima između različitih obloga.",7.44,m,,,,0,
405.040,,Podne obloge od gume,,,,,0,,,
405.050,,Podne obloge od tekstila,,,,,0,,,
405.060,,Ostali,,,,,0,,,
406,,Soboslikarski radovi,,,,,0,,,
406.000,,Prethodne napomene,,,,,0,,,
,,ZTV - Dodatni tehnički uvjeti ugovora,"1.) Dodatni ugovoreni tehnički uvjeti dio su troškovnika te u slučaju ugovaranja postaju dio ugovora. Izvođač radova se dakle obavezuje na sve radove i primjene koje proizlaze iz ovih uvjeta te su one uračunate u cijenu, ukoliko nisu zasebno ponuđene.

2.) Cijene stavki se prikazuju kao neto iznos u državnoj valuti. Važeći zakonski propisani porez na dodanu vrijednost obračunava se zasebno.

3.) U slučaju proturječnosti dodatnih ugovorenih tehničkih uvjeta vrijede prvenstveno podaci iz troškovnika. U slučaju proturječnosti između troškovnika i tehničke dokumentacije koja se predaje prilikom natječaja, vrijedi tehnička dokumentacija.

4.) Prije početka davanja ponude, ponuditelj je dužan pažljivo pročitati kompletan tekst općih uvjeta uz troškovnik, općih i posebnih uvjeta uz svaku grupu radova, tekst samog troškovnika i ostale dijelove tehničke dokumentacije. Ako opis bilo koje stavke u troškovniku dovodi do sumnje o načinu izvedbe ili upotrebu gradiva zahtijevane kvalitete, treba prije predaje ponude zatražiti pojašnjenje od ovlaštene osobe Investitora. Naknadno pozivanje na manjkavost ili nepoznavanje projektno-tehničke dokumentacije ili opisa u troškovniku neće se uzeti u obzir, niti smatrati razlogom za produženje roka izvedbe, a niti će se priznati bilo kakva razlika u cijeni s tog naslova.

5.) Tehnička dokumentacija koja se predaje prilikom natječaja informativnog je karaktera, a ponuđač je dužan u svom trošku izvršiti kontrolu projektno tehničke dokumentacije u smislu točnosti, tehničke ispravnosti, izvedivosti i međusobne usklađenosti. Sve eventualne primjedbe ponuditelj/izvoditelj dužan je pravovremeno uz ponudu, a u svakom slučaju prije izvedbe u pisanom obliku dostaviti Nadzoru i Naručitelju

6.) Ponuditelj je dužan provesti i kontrolu lokacije na licu mjesta prije davanja ponude. Jedinične cijene za pojedine vrste radova sadrže i sve one posredne troškove koji nisu iskazani u troškovniku, ali su neminovni za izvršenje radova predviđenih projektom.

7.) Organizacija gradilišta uračunata je u cijenu, ukoliko nije ponuđena kao zasebna stavka.

8.) Dizalice za podizanje, skele, strojevi, alati, pomoćna sredstva i konstrukcije uzeti su u obzir te su uračunati u jediničnu cijenu.

9.) Skele za radove na fasadi i radove na krovu predmet su ovog natječaja. Ponuditelj smije koristiti postojeće skele uz poštivanje sigurnosnih uvjeta i na vlastitu odgovornost. Preinake na skelama nisu dozvoljene te se one moraju predati u ispravnom stanju u kojem su i preuzete.

10.) Kompletnu režiju gradilišta usigurava i rješava ponuditelj/izvođač i i uključena je u jediničnu cijenu.

11.) Ponuditelj je obvezan redovno prikupljati i ,pravilno skladištiti i odvoziti na ovlašteni deponij sve otpadne materijale, ostatke, krhotine, građevinski otpad, ambalaže, obični otpad i slično o vlastitom trošku. Kod odlaganja otpada potrebno je pridržavati se svih javnopravnih uputa i propisa.

12.) Onečišćenja koja uslijed radova nastaju na susjednim terenima, zgradama, putovima, cestama, trgovima i slično, izvođač radova treba svakodnevno čistiti.

13.) Izvođač preuzima odgovornost za osiguravanje, skladištenje i spremanje vlastite građevinske opreme, strojeva, uređaja, alata i slično. Jednako vrijedi i za građevinske materijale, elemente i za ugradnju određenih uređaja i objekata sve do primopredaje obavljenih građevinskih radova.

14.) Prilikom izvođenja radova, izvoditelj treba zaštititi sve susjedne plohe, dijelove konstrukcije i prethodno izvedene radove na prikladan način a u skladu sa pravilima zaštite na radu, tako da ne dođe do oštećenja istih. Troškove zaštite treba izvoditelj ukalkulirati u ponudbenu cijenu izvođenja radova. Ukoliko ipak dođe do oštećenja prethodno izvedenih radova za koje je odgovoran izvoditelj ili njegov kooperant, dužan je iste o svom trošku dovesti u stanje prije oštećenja ili naručiti iste radove kod drugog izvoditelja na svoj teret.

15.) Sve potrebne mjere prema javnopravnim uputama i propisima za sigurnost i zaštitu zdravlja trebaju se uzeti u obzir te ih se treba pridržavati prilikom izvođenja radova.

16.) Prilikom davanja ponude i izvođenja radova treba se uzeti u obzir, uračunati i pridržavati se
- svih državnih i javnopravnih zakona, smjernica i propisa
- svih odgovarajućih tehničkih standarda, pravila i smjernica
- općeprihvaćenih pravila tehnike
- uputa, propisa i napomena proizvođača za ugradnju i obradu
- Kauflandovih građevinskih opisa, ugovorenih uvjeta i ostalih Kauflandovih dokumenata i planova.

17.) Stavke troškovnika obuhvačaju konačno dovršenje radova definiranih po količini i kvaliteti, onosno podrazumijevaju se kao gotove, potpune i funkcionirajuće, uklj. sve potrebne male dijelove i sredstva za pričvršćivanje, pomoćne materijale i sredstva, podkonstrukcije itd., kao i sve dodatne i posebne usluge - čak i kada one nisu detaljno opisane.

18.) Ako su treće stranke uključene u izvođenje predradnji, izvođač radova ih treba provjeravati. U slučaju nepravilnosti ili prigovora pravovremeno treba informirati naručitelja, tako da može tehnički i organizacijski dovršiti poslove.

19.) Obavezno se treba pridržavati svih Kauflandovih proizvodnih uputa, osim ako postoje opravdani razlozi za odstupanje (npr. dostupnost). U tom slučaju izvođač treba ponuditi istovjetni proizvod ili sustav te potvrditi istovjetnost. O njoj odlučuje naručitelj.

20.) Sustavi se izvode isključivo pomoću komponenata koje su predviđene od strane proizvođača sustava.

21.) Svi materijali, građevinski elementi i uređaji koji neposredno utječu na izgled i funkcionalnost prije ugradnje se trebaju provjeriti. Ugrađuju se tek nakon što naručitelj ili ovlaštena osoba odobri ugradnju na gradilištu. O vrsti i obliku uzorka odlučuje naručitelj.

22.) Ako nije drukčije propisano, izmjene postojećih projektnih rješenja od strane ponuditelja/izvođača a koje utječu na mehaničku stabilnost, ponuditelj/izvođač je dužan u svom trošku ishoditi sve suglasnosti, dozvole i sl.
Projekt izvedenog stanja ukalkulirati u jedničnu cijenu te dostaviti Kauflandu u pisanom i digitalnom obliku.

23.) Svi radovi na objektu te primjenjeni sistemi gradnje moraju biti izvedeni prema pravilu struke, odnosnu u granicama dopuštenih tolerancija.

24.) Ukoliko je ugovoreni termin izvršenja objekta uključen i zimski odnosno ljetni period, to se neće posebno izvođaču priznavati na ime naknade za rad pri niskoj temperaturi, zaštita konstrukcija od hladnoće i vrućine, te atmosferskih nepogoda, sve mora biti uključeno u jediničnu cijenu. Za vrijeme zime objekat se mora zaštititi. Svi eventualni smrznuti dijelovi moraju se ukloniti i izvesti ponovo bez bilo kakve naplate. Ukoliko je temperatura niža od temperature pri kojoj je dozvoljen dotični rad, a Investitor ipak traži da se radi, Izvođač si ima pravo zaračunati naknadu po normi 6,006 ali u tom slučaju Izvođač snosi punu odgovornost za ispravnost i kvalitetu rada. To isto vrijedi i za zaštitu radova tokom ljeta od prebrzog sušenja uslijed visoke temperature.

25.) U jediničnu cijenu rada izvođač treba obuhvatiti i slijedeće radove, koji se neće zasebno platiti kao naknadni rad, čak i ako nisu izričito navedenei u troškovniku:
- sve vrste transporta građevinskih materijala, elemenata, uređaja, objekata itd. do mjesta ugradnje
- potrebne i uobičajene pripreme i predobrade tla
- sve vrste bušenja, zavarivanja, lijepljenja, malih dijelova, sredstava za pričvršćivanje, međupoložaja, izolacije, brtvljenja, folija, spojeva itd. koje su potrebne za priključak, montažu i pričvršćivanje građevinskih dijelova i elemenata
- stručna priprema i priključak na sve okolne dijelove, ugradbene i nadgradne elemente i propuste
- sve izrade kutova, spojnih površina i elemenata, završnih elemenata, slobodnih krajeva itd.
- sve podloge za montažu, priključak i pričvršćivanje kao što su beton, zidani elementi, čelik, aluminij, limovi, gips karton, itd.
- potrebne spojne, kose i okrugle rezove te ostatke rezanja
- Izrada otvora i proreza za instalacije i ugradbene elemente drugih izvođača
- interno povezivanje kablovima i priključak objekata, dovod prema električnim trošilima na gradilištu od strane elektro izvođača",,,,,,,
,,Razgraničenje usluga za soboslikarske radove,"U sljedećim pozicijama potrebno je uzeti u obzir i uračunati sljedeće usluge, čak i ako nisu izričito navedene:
- Ugradnju armaturnih mreža u područjima u kojima postoji opasnost od pukotina
- stručnu naknadnu obradu
- ljepljivom trakom zaštiti površine koje se ne bojaju
- neželjene ostatke boje ukloniti
- Popravak podloge u obujmu koji pripada određenom odjeljku
- u unutarnjim prostorima općenito se koriste boje bez štetnih emisija i otapala
- Bojanje pojedinih površina akcentnim bojama
- Korištenje usisivača prilikom brušenja
- Dodatne radove u nišama, izbočenim dijelovima zida ili drugim tankim elementima
- trajno elastične brtve koje su mogu bojati na svim spojnim fugama prema graničnim elementima",,,,,,,
406.010,,Vanjsko bojanje,,,,,0,,,
406.020,,Bojanje unutarnjih površina,,,,,0,,,
406.020.00100,,"x..ATW1..x - betonska konstrukcija, lateks boja","Bojanje nosive krovne konstrukcije u području prodajnog prostora (glavni, sekundarni, rubni i zabatni nosači) sa višeslojnim sustavom koji se sastoji od temeljnog premaza s premazom dubinskog grundiranja koji se razrjeđuje vodom, međupremaz i završni sloj. Izvedba do gotove funkcionalnosti prema uputama tehnologa proizvođača boje.

Radna visina: do 10,0 m
Sustav slojeva: Lateks boja, otporna na habanje, razred mokrog habanja 2 prema EN 13300
Boja/stupanj sjaja: svijetla boja sukladno Kauflandovoj paleti boja",2302.84,m2,,,,0,
406.020.00105,,"x..WB1..x - baza, lateks boja, unutarnja područja","Bojanje zidova betona, gipskartona i opeke, osnovni premaz sa temeljnim premazom koji se može razvodniti. Međusloj i završni sloj s lateks bojom. Stupanj sjaja: srednji sjaj. Klasa vodoperivosti 1 (NAB1). Izvedba do gotove funkcionalnosti prema uputama tehnologa proizvođača boje.

Radna visina: 5,00 m
Sustav slojeva: Lateks boja, otporna na habanje, razred mokrog habanja 1 prema EN 13300
Boja/stupanj sjaja: tamna boja sukladno Kauflandovoj paleti boja",18.69,m2,,,,0,
406.020.00110,,"x..WB2..x - zidovi, lateks boja","Bojanje zidova betona, gipskartona i opeke,u području svih zidnih površina i unutrašnjih nosača. Osnovni premaz sa temeljnim premazom, koji se može razvodniti. Između međupremaza i završnog premaza sa lateks bojom. Stupanj sjaja: mat bez sjaja. Izvedba do gotove funkcionalnosti prema uputama tehnologa proizvođača boje.

Radna visina: do ca. 6,0 m
Sustav slojeva: Lateks boja, otporna na habanje, razred mokrog habanja 2 prema EN 13300
Boja/stupanj sjaja: svijetla boja sukladno Kauflandovoj paleti boja",2187.6,m2,,,,0,
406.020.00115,,"x..WB3..x - zidovi, lateks boja","Premaz u boji na zidnim površinama, unutarnjim nosačima. Podloga od zidova, betona, gipskartona. Temeljni premaz s premazom dubinskog grundiranja koji se razrjeđuje vodom. Srednji i završni premaz lateksom.Stupanj sjaja: srednji sjaj. Klasa vodoperivosti 1 (NAB1). Nijansa: NCS S-1000 N bijela. Premaz u visini prostorije od sokla do krova/spuštenog stropa.

Priprema podloge za javne površine, urede i društvena područja
ozidanu zidnu površinu izravnati mortom ili obložiti gips-kartonskim pločama za suhu gradnju, ožbukane i izbrušene, premazane vodom razblaženim temeljnim premazom.
Radna visina: do ca. 6,0 m
Sustav slojeva: Lateks boja, otporna na habanje, razred mokrog habanja 2 prema EN 13300
Boja/stupanj sjaja: svijetla boja sukladno Kauflandovoj paleti boja",472.36,m2,,,,0,
406.020.00120,,"x..WB4..x - zidovi, lateks boja, prodajni prostor","Bojanje zidova betona, gipskartona i opeke. Temeljni premaz s premazom dubinskog grundiranja koji se razrjeđuje vodom. Međupremaz i završni premaz: premaz disperzijskom bojom s lateks bojom. Stupanj sjaja: mutno matirano. Boje zida u prodajnom prostoru i trgovačkom centru razlikuju se u 3 vrste boja: osnovna boja Brillux Scala 12.03.18., boje ili asortimani robe RAL, boja za poruku brenda Kaufland RAL 3020. Planiranje po pitanju skupina robe i određivanje ikona i motiva slika, uključujući položaj i visinu vrši se u skladu s detaljnim tehničkim izgledom. Izvedba do gotove funkcionalnosti prema uputama tehnologa proizvođača boje.

Radna visina: do ca. 5,5 m
Sustav slojeva: Lateks boja, otporna na habanje, razred mokrog habanja 2 prema EN 13300
Boja/stupanj sjaja: u različitim bojama prema Kauflandovoj paleti boja",862.6,m2,,,,0,
406.020.00125,,"x..WB4..x - stupovi, lateks boja,  prodajni prostor","Bojanje unutarnjih stupova prodajnog prostora temeljni premaz s premazom dubinskog grundiranja koji se razrjeđuje vodom. Međupremaz i završni premaz: premaz disperzijskom bojom s lateks bojom. Stupanj sjaja: mutno matirano. Izvedba do gotove funkcionalnosti prema uputama tehnologa proizvođača boje.

Radna visina: do ca. 10,0 m
Sustav slojeva: Lateks boja, otporna na habanje, razred mokrog habanja 2 prema EN 13300
Boja/stupanj sjaja: u različitim bojama prema Kauflandovoj paleti boja",44.09,m2,,,,0,
406.020.00130,,x..WB5..x -zid prazne ambalaže,"Bojanje zidova betona, gipskartona i opeke. Temeljni premaz s premazom dubinskog grundiranja koji se razrjeđuje vodom. Međupremaz i završni premaz: premaz s lateks bojom. Stupanj sjaja: srednji sjaj. Izvedba do gotove funkcionalnosti prema uputama tehnologa proizvođača boje.

Radna visina: do ca. 0,9 m
Sustav slojeva: Lateks boja, otporna na habanje, razred mokrog habanja 1 2 prema EN 13300
Boja/stupanj sjaja: svijetla boja sukladno Kauflandovoj paleti boja",3.56,m2,,,,0,
406.020.00135,,x..WB205..x - naglašavanje zidova društvenih prostorija,"Bojanje zidova betona, gipskartona i opeke. Temeljni premaz s premazom dubinskog grundiranja koji se razrjeđuje vodom. Međusloj i završni sloj s lateks bojom. Razina sjaja: mat bez sjaja. Izvedba do gotove funkcionalnosti prema uputama tehnologa proizvođača boje.
• Brillux 24.12.03
• Brillux 90.12.12
• Brillux 57.12.12

Radna visina: do ca. [3,0] m
Sustav slojeva: Lateks boja, razred mokrog habanja 2 prema EN 13300",88.45,m2,,,,0,
406.020.00140,,"- strop od gips kartona, lateks boja","Bojanje podgleda gipskartonskih stropova i požarnih gipskartonskih konzola. Temeljni premaz koji se razrjeđuje vodom. Međusloj i završni sloj s lateks bojom. Stupanj sjaja: jak mat s premazom disperzijske boje. Izvedba do gotove funkcionalnosti prema uputama tehnologa proizvođača boje.

Radna visina: do ca. [6,0] m
Sustav slojeva: Lateks boja, razred mokrog habanja 2 prema EN 13300
Boja/stupanj sjaja: prema izboru investitiora",587.35,m2,,,,0,
406.030,,Postavljanje tapeta,,,,,0,,,
406.040,,Bojanje metalnih površina,,,,,0,,,
406.050,,Lazura,,,,,0,,,
406.060,,Podne obloge,,,,,0,,,
406.060.00100,,x..FB6..x - podni premaz 2K epoksidna smola,"Izrada epoksidnog podnog premaza na pod izrađen od cementnog estriha ili betona. Izvesti u svemu prema uputama tehnologa isporučitelja premaza. U cijeni svi radovi i materijal, pripremni radovi kako bi se stavka izvela do gotove funkcionalnosti.

Sustav slojeva: Podni premaz od 2K epoksidne smole, otporan na kiseline, ulja i lužine, protiv proklizavanja i habanja, debljine sloja od minimalno 0,6 mm
Boje: sukladno Kauflandovoj paleti boja",86.59,m2,,,,0,
406.060.00105,,"x..FB6..x - doplata za podne premaze, 2K epoksidna smola,","Doplata za gore Navedeni podni sloj, za polaganje podloge koja može odvoditi struju.
Prostorije 06.11.02 i 06.14",10.61,m2,,,,0,
406.060.00110,,"x..FS6..x - doplata za podni premaz, 2K epoksidna smola, sokl","Doplata za gore Navedeni podni sloj, za izradu podnožja na vertikalnim elementima, visine 20 cm, uklj. izradu prijelaza između poda i podnožja.",82.34,m,,,,0,
406.060.00115,,"x..BS1..x - doplata za podni premaz, 2K epoksidna smola, prag","Doplata za gore Navedeni podni sloj, za nanošenje na podni prag, s 3 strane, na razmaku od ca. 0,5 m.

Boja: crna/žuto šrafirana prema Kauflandovoj paleti boja",2.01,m,,,,0,
406.060.00120,,"x..FB6.2..x - podni premaz, 2K epoksidna smola, otporno na kiseline i lužine","Izrada 2-komponentnog epoksidnog podnog zaštitnog sloja od epoksidnih smola na pod izrađen od cementnog esriha ili betona. Premaz se sastoji od temeljnog premazivanja i dva završna premaza. Izvesti u svemu prema uputama tehnologa isporučitelja premaza. U cijeni svi radovi i materijal, pripremni radovi kako bi se stavka izvela do gotove funkcionalnosti.

Sustav slojeva: Podni sloj kao brtva od 2K epoksidne smole, otporan na kiseline, ulja i lužine, protiv proklizavanja i habanja, dopušten za prostorije u kojima se nalaze tvari opasne za vodu, debljine sloja od minimalno 0,6 mm
Boje: sukladno Kauflandovoj paleti boja",28.1,m2,,,,0,
406.060.00125,,"x..FS6.2..x - doplata za podni premaz, 2K epoksidna smola, otporno na kiseline i lužine, sokl","Doplata za gore Navedeni podni sloj, za izradu podnožja na vertikalnim elementima, visine 20 cm, uklj. izradu prijelaza između poda i podnožja.",22.26,m,,,,0,
406.070,,Zaštitni premazi,,,,,0,,,
406.080,,Ostali,,,,,0,,,
407,,Pregrade,,,,,0,,,
407.000,,Prethodne napomene,,,,,0,,,
,,ZTV - Dodatni tehnički uvjeti ugovora,"1.) Dodatni ugovoreni tehnički uvjeti dio su troškovnika te u slučaju ugovaranja postaju dio ugovora. Izvođač radova se dakle obavezuje na sve radove i primjene koje proizlaze iz ovih uvjeta te su one uračunate u cijenu, ukoliko nisu zasebno ponuđene.

2.) Cijene stavki se prikazuju kao neto iznos u državnoj valuti. Važeći zakonski propisani porez na dodanu vrijednost obračunava se zasebno.

3.) U slučaju proturječnosti dodatnih ugovorenih tehničkih uvjeta vrijede prvenstveno podaci iz troškovnika. U slučaju proturječnosti između troškovnika i tehničke dokumentacije koja se predaje prilikom natječaja, vrijedi tehnička dokumentacija.

4.) Prije početka davanja ponude, ponuditelj je dužan pažljivo pročitati kompletan tekst općih uvjeta uz troškovnik, općih i posebnih uvjeta uz svaku grupu radova, tekst samog troškovnika i ostale dijelove tehničke dokumentacije. Ako opis bilo koje stavke u troškovniku dovodi do sumnje o načinu izvedbe ili upotrebu gradiva zahtijevane kvalitete, treba prije predaje ponude zatražiti pojašnjenje od ovlaštene osobe Investitora. Naknadno pozivanje na manjkavost ili nepoznavanje projektno-tehničke dokumentacije ili opisa u troškovniku neće se uzeti u obzir, niti smatrati razlogom za produženje roka izvedbe, a niti će se priznati bilo kakva razlika u cijeni s tog naslova.

5.) Tehnička dokumentacija koja se predaje prilikom natječaja informativnog je karaktera, a ponuđač je dužan u svom trošku izvršiti kontrolu projektno tehničke dokumentacije u smislu točnosti, tehničke ispravnosti, izvedivosti i međusobne usklađenosti. Sve eventualne primjedbe ponuditelj/izvoditelj dužan je pravovremeno uz ponudu, a u svakom slučaju prije izvedbe u pisanom obliku dostaviti Nadzoru i Naručitelju

6.) Ponuditelj je dužan provesti i kontrolu lokacije na licu mjesta prije davanja ponude. Jedinične cijene za pojedine vrste radova sadrže i sve one posredne troškove koji nisu iskazani u troškovniku, ali su neminovni za izvršenje radova predviđenih projektom.

7.) Organizacija gradilišta uračunata je u cijenu, ukoliko nije ponuđena kao zasebna stavka.

8.) Dizalice za podizanje, skele, strojevi, alati, pomoćna sredstva i konstrukcije uzeti su u obzir te su uračunati u jediničnu cijenu.

9.) Skele za radove na fasadi i radove na krovu predmet su ovog natječaja. Ponuditelj smije koristiti postojeće skele uz poštivanje sigurnosnih uvjeta i na vlastitu odgovornost. Preinake na skelama nisu dozvoljene te se one moraju predati u ispravnom stanju u kojem su i preuzete.

10.) Kompletnu režiju gradilišta usigurava i rješava ponuditelj/izvođač i i uključena je u jediničnu cijenu.

11.) Ponuditelj je obvezan redovno prikupljati i ,pravilno skladištiti i odvoziti na ovlašteni deponij sve otpadne materijale, ostatke, krhotine, građevinski otpad, ambalaže, obični otpad i slično o vlastitom trošku. Kod odlaganja otpada potrebno je pridržavati se svih javnopravnih uputa i propisa.

12.) Onečišćenja koja uslijed radova nastaju na susjednim terenima, zgradama, putovima, cestama, trgovima i slično, izvođač radova treba svakodnevno čistiti.

13.) Izvođač preuzima odgovornost za osiguravanje, skladištenje i spremanje vlastite građevinske opreme, strojeva, uređaja, alata i slično. Jednako vrijedi i za građevinske materijale, elemente i za ugradnju određenih uređaja i objekata sve do primopredaje obavljenih građevinskih radova.

14.) Prilikom izvođenja radova, izvoditelj treba zaštititi sve susjedne plohe, dijelove konstrukcije i prethodno izvedene radove na prikladan način a u skladu sa pravilima zaštite na radu, tako da ne dođe do oštećenja istih. Troškove zaštite treba izvoditelj ukalkulirati u ponudbenu cijenu izvođenja radova. Ukoliko ipak dođe do oštećenja prethodno izvedenih radova za koje je odgovoran izvoditelj ili njegov kooperant, dužan je iste o svom trošku dovesti u stanje prije oštećenja ili naručiti iste radove kod drugog izvoditelja na svoj teret.

15.) Sve potrebne mjere prema javnopravnim uputama i propisima za sigurnost i zaštitu zdravlja trebaju se uzeti u obzir te ih se treba pridržavati prilikom izvođenja radova.

16.) Prilikom davanja ponude i izvođenja radova treba se uzeti u obzir, uračunati i pridržavati se
- svih državnih i javnopravnih zakona, smjernica i propisa
- svih odgovarajućih tehničkih standarda, pravila i smjernica
- općeprihvaćenih pravila tehnike
- uputa, propisa i napomena proizvođača za ugradnju i obradu
- Kauflandovih građevinskih opisa, ugovorenih uvjeta i ostalih Kauflandovih dokumenata i planova.

17.) Stavke troškovnika obuhvačaju konačno dovršenje radova definiranih po količini i kvaliteti, onosno podrazumijevaju se kao gotove, potpune i funkcionirajuće, uklj. sve potrebne male dijelove i sredstva za pričvršćivanje, pomoćne materijale i sredstva, podkonstrukcije itd., kao i sve dodatne i posebne usluge - čak i kada one nisu detaljno opisane.

18.) Ako su treće stranke uključene u izvođenje predradnji, izvođač radova ih treba provjeravati. U slučaju nepravilnosti ili prigovora pravovremeno treba informirati naručitelja, tako da može tehnički i organizacijski dovršiti poslove.

19.) Obavezno se treba pridržavati svih Kauflandovih proizvodnih uputa, osim ako postoje opravdani razlozi za odstupanje (npr. dostupnost). U tom slučaju izvođač treba ponuditi istovjetni proizvod ili sustav te potvrditi istovjetnost. O njoj odlučuje naručitelj.

20.) Sustavi se izvode isključivo pomoću komponenata koje su predviđene od strane proizvođača sustava.

21.) Svi materijali, građevinski elementi i uređaji koji neposredno utječu na izgled i funkcionalnost prije ugradnje se trebaju provjeriti. Ugrađuju se tek nakon što naručitelj ili ovlaštena osoba odobri ugradnju na gradilištu. O vrsti i obliku uzorka odlučuje naručitelj.

22.) Ako nije drukčije propisano, izmjene postojećih projektnih rješenja od strane ponuditelja/izvođača a koje utječu na mehaničku stabilnost, ponuditelj/izvođač je dužan u svom trošku ishoditi sve suglasnosti, dozvole i sl.
Projekt izvedenog stanja ukalkulirati u jedničnu cijenu te dostaviti Kauflandu u pisanom i digitalnom obliku.

23.) Svi radovi na objektu te primjenjeni sistemi gradnje moraju biti izvedeni prema pravilu struke, odnosnu u granicama dopuštenih tolerancija.

24.) Ukoliko je ugovoreni termin izvršenja objekta uključen i zimski odnosno ljetni period, to se neće posebno izvođaču priznavati na ime naknade za rad pri niskoj temperaturi, zaštita konstrukcija od hladnoće i vrućine, te atmosferskih nepogoda, sve mora biti uključeno u jediničnu cijenu. Za vrijeme zime objekat se mora zaštititi. Svi eventualni smrznuti dijelovi moraju se ukloniti i izvesti ponovo bez bilo kakve naplate. Ukoliko je temperatura niža od temperature pri kojoj je dozvoljen dotični rad, a Investitor ipak traži da se radi, Izvođač si ima pravo zaračunati naknadu po normi 6,006 ali u tom slučaju Izvođač snosi punu odgovornost za ispravnost i kvalitetu rada. To isto vrijedi i za zaštitu radova tokom ljeta od prebrzog sušenja uslijed visoke temperature.

25.) U jediničnu cijenu rada izvođač treba obuhvatiti i slijedeće radove, koji se neće zasebno platiti kao naknadni rad, čak i ako nisu izričito navedenei u troškovniku:
- sve vrste transporta građevinskih materijala, elemenata, uređaja, objekata itd. do mjesta ugradnje
- potrebne i uobičajene pripreme i predobrade tla
- sve vrste bušenja, zavarivanja, lijepljenja, malih dijelova, sredstava za pričvršćivanje, međupoložaja, izolacije, brtvljenja, folija, spojeva itd. koje su potrebne za priključak, montažu i pričvršćivanje građevinskih dijelova i elemenata
- stručna priprema i priključak na sve okolne dijelove, ugradbene i nadgradne elemente i propuste
- sve izrade kutova, spojnih površina i elemenata, završnih elemenata, slobodnih krajeva itd.
- sve podloge za montažu, priključak i pričvršćivanje kao što su beton, zidani elementi, čelik, aluminij, limovi, gips karton, itd.
- potrebne spojne, kose i okrugle rezove te ostatke rezanja
- Izrada otvora i proreza za instalacije i ugradbene elemente drugih izvođača
- interno povezivanje kablovima i priključak objekata, dovod prema električnim trošilima na gradilištu od strane elektro izvođača",,,,,,,
,,Pregradni zidovi,"U sljedećim pozicijama potrebno je uzeti u obzir i uračunati sljedeće usluge, čak i ako nisu izričito navedene:
- Mjerenje zidova
- prijepis oznaka visine koje su potrebne za provedbu radova
- potrebne izrade fuga
- potrebne podkonstrukcije, zamjene i pojačanja
- trajno elastične brtve na svim spojnim fugama prema graničnim elementima, uklj. ispunu fuga. Boja mase za brtvljenje usklađena s bojom podloge.
- Pružanje usluga u nekoliko dijelova gradilišta za izvedbu instalacija na gradilištu
- Postavljanje zvučne izolacije na proboje za vodove
- Isporuku svih građevinskih potvrda (za protupožarnu, zvučnu i toplinsku zaštitu)
- sve standardne priključke na podovima, stropovima, zidovima ili potpornjima
- obojane limove i pravokutne dijelove za priključke, krajeve i prijelaze
- eventualna oštećenja na površini i / ili slojevima pravilno ukloniti",,,,,,,
407.010,,WC pregrade,,,,,0,,,
407.010.00100,,x..TW4..x  WC pregradni sustavi,"POZ D09, POZ D10, POZ D11, POZ D12
Pregrade za zahod izraditi, isporučiti i montirati na sljedeći način:

Prednje i bočne strane od čvrste pune iverice s premazom od melaminske smole, debljine ca. 30 mm, s vidljivim rubovima i ABS prevlakom debljine 3 mm i jednake boje, kao izvedba prikladna za vlažne prostore. Obuhvatni aluminijski profili otporni na uvijanje, profil glave u pravokutnoj izvedbi ca. 42/43 mm, s površinom od eloksiranog aluminija. Nosive noge od nehrđajućeg aluminija (promjera ca. 20 mm), s ravnim okvriom otpornim na gaženje, s površinom od eloksiranog aluminija. Sva sredstva za spajanje i pričvršćivanje izvedena su od nehrđajućeg čelika.

Boja: svijetlo siva (slično RAL 7035) ili grafitno siva (slično RAL 7024)
Visina pregradnog zida (uklj. slobodni prostor iznad poda od 100 mm): 2.100 mm
Zidni zaustavljač vrata od mekane plastike, okrugli, promjera ca. 40 mm, s držačem od nehrđajućeg čelika, uklj. sredstva za pričvršćivanje, isporučiti i montirati.",23,m2,,,,0,
407.010.00105,,"- Doplata za pregradne sustave WC-a, vrata kabine","Dodatak za gore Navedene pregradne zidove u zahodima, za vrata kabine na sljedeći način:

Smjer otvaranja prema uputama iz planova, minimalna širina 750 mm, sa samostalnim zatvaranjem, s bravom i prikazom „slobodno/zauzeto“, masivna garnitura s brzim otvaranjem u slučaju nužde, površina od eloksiranog aluminija.

Kukica za kaput i zaustavljač vrata od aluminija, površina od eloksiranog aluminija, s prekrivenim pričvršćenjem.",6,kom,,,,0,
407.020,,Pregradni zidovi sustava,,,,,0,,,
407.030,,Ostali,,,,,0,,,
408,,Radovi na stolariji i stolariji,,,,,0,,,
408.000,,Prethodne napomene,,,,,0,,,
,,ZTV - Dodatni tehnički uvjeti ugovora,"1.) Dodatni ugovoreni tehnički uvjeti dio su troškovnika te u slučaju ugovaranja postaju dio ugovora. Izvođač radova se dakle obavezuje na sve radove i primjene koje proizlaze iz ovih uvjeta te su one uračunate u cijenu, ukoliko nisu zasebno ponuđene.

2.) Cijene stavki se prikazuju kao neto iznos u državnoj valuti. Važeći zakonski propisani porez na dodanu vrijednost obračunava se zasebno.

3.) U slučaju proturječnosti dodatnih ugovorenih tehničkih uvjeta vrijede prvenstveno podaci iz troškovnika. U slučaju proturječnosti između troškovnika i tehničke dokumentacije koja se predaje prilikom natječaja, vrijedi tehnička dokumentacija.

4.) Prije početka davanja ponude, ponuditelj je dužan pažljivo pročitati kompletan tekst općih uvjeta uz troškovnik, općih i posebnih uvjeta uz svaku grupu radova, tekst samog troškovnika i ostale dijelove tehničke dokumentacije. Ako opis bilo koje stavke u troškovniku dovodi do sumnje o načinu izvedbe ili upotrebu gradiva zahtijevane kvalitete, treba prije predaje ponude zatražiti pojašnjenje od ovlaštene osobe Investitora. Naknadno pozivanje na manjkavost ili nepoznavanje projektno-tehničke dokumentacije ili opisa u troškovniku neće se uzeti u obzir, niti smatrati razlogom za produženje roka izvedbe, a niti će se priznati bilo kakva razlika u cijeni s tog naslova.

5.) Tehnička dokumentacija koja se predaje prilikom natječaja informativnog je karaktera, a ponuđač je dužan u svom trošku izvršiti kontrolu projektno tehničke dokumentacije u smislu točnosti, tehničke ispravnosti, izvedivosti i međusobne usklađenosti. Sve eventualne primjedbe ponuditelj/izvoditelj dužan je pravovremeno uz ponudu, a u svakom slučaju prije izvedbe u pisanom obliku dostaviti Nadzoru i Naručitelju

6.) Ponuditelj je dužan provesti i kontrolu lokacije na licu mjesta prije davanja ponude. Jedinične cijene za pojedine vrste radova sadrže i sve one posredne troškove koji nisu iskazani u troškovniku, ali su neminovni za izvršenje radova predviđenih projektom.

7.) Organizacija gradilišta uračunata je u cijenu, ukoliko nije ponuđena kao zasebna stavka.

8.) Dizalice za podizanje, skele, strojevi, alati, pomoćna sredstva i konstrukcije uzeti su u obzir te su uračunati u jediničnu cijenu.

9.) Skele za radove na fasadi i radove na krovu predmet su ovog natječaja. Ponuditelj smije koristiti postojeće skele uz poštivanje sigurnosnih uvjeta i na vlastitu odgovornost. Preinake na skelama nisu dozvoljene te se one moraju predati u ispravnom stanju u kojem su i preuzete.

10.) Kompletnu režiju gradilišta usigurava i rješava ponuditelj/izvođač i i uključena je u jediničnu cijenu.

11.) Ponuditelj je obvezan redovno prikupljati i ,pravilno skladištiti i odvoziti na ovlašteni deponij sve otpadne materijale, ostatke, krhotine, građevinski otpad, ambalaže, obični otpad i slično o vlastitom trošku. Kod odlaganja otpada potrebno je pridržavati se svih javnopravnih uputa i propisa.

12.) Onečišćenja koja uslijed radova nastaju na susjednim terenima, zgradama, putovima, cestama, trgovima i slično, izvođač radova treba svakodnevno čistiti.

13.) Izvođač preuzima odgovornost za osiguravanje, skladištenje i spremanje vlastite građevinske opreme, strojeva, uređaja, alata i slično. Jednako vrijedi i za građevinske materijale, elemente i za ugradnju određenih uređaja i objekata sve do primopredaje obavljenih građevinskih radova.

14.) Prilikom izvođenja radova, izvoditelj treba zaštititi sve susjedne plohe, dijelove konstrukcije i prethodno izvedene radove na prikladan način a u skladu sa pravilima zaštite na radu, tako da ne dođe do oštećenja istih. Troškove zaštite treba izvoditelj ukalkulirati u ponudbenu cijenu izvođenja radova. Ukoliko ipak dođe do oštećenja prethodno izvedenih radova za koje je odgovoran izvoditelj ili njegov kooperant, dužan je iste o svom trošku dovesti u stanje prije oštećenja ili naručiti iste radove kod drugog izvoditelja na svoj teret.

15.) Sve potrebne mjere prema javnopravnim uputama i propisima za sigurnost i zaštitu zdravlja trebaju se uzeti u obzir te ih se treba pridržavati prilikom izvođenja radova.

16.) Prilikom davanja ponude i izvođenja radova treba se uzeti u obzir, uračunati i pridržavati se
- svih državnih i javnopravnih zakona, smjernica i propisa
- svih odgovarajućih tehničkih standarda, pravila i smjernica
- općeprihvaćenih pravila tehnike
- uputa, propisa i napomena proizvođača za ugradnju i obradu
- Kauflandovih građevinskih opisa, ugovorenih uvjeta i ostalih Kauflandovih dokumenata i planova.

17.) Stavke troškovnika obuhvačaju konačno dovršenje radova definiranih po količini i kvaliteti, onosno podrazumijevaju se kao gotove, potpune i funkcionirajuće, uklj. sve potrebne male dijelove i sredstva za pričvršćivanje, pomoćne materijale i sredstva, podkonstrukcije itd., kao i sve dodatne i posebne usluge - čak i kada one nisu detaljno opisane.

18.) Ako su treće stranke uključene u izvođenje predradnji, izvođač radova ih treba provjeravati. U slučaju nepravilnosti ili prigovora pravovremeno treba informirati naručitelja, tako da može tehnički i organizacijski dovršiti poslove.

19.) Obavezno se treba pridržavati svih Kauflandovih proizvodnih uputa, osim ako postoje opravdani razlozi za odstupanje (npr. dostupnost). U tom slučaju izvođač treba ponuditi istovjetni proizvod ili sustav te potvrditi istovjetnost. O njoj odlučuje naručitelj.

20.) Sustavi se izvode isključivo pomoću komponenata koje su predviđene od strane proizvođača sustava.

21.) Svi materijali, građevinski elementi i uređaji koji neposredno utječu na izgled i funkcionalnost prije ugradnje se trebaju provjeriti. Ugrađuju se tek nakon što naručitelj ili ovlaštena osoba odobri ugradnju na gradilištu. O vrsti i obliku uzorka odlučuje naručitelj.

22.) Ako nije drukčije propisano, izmjene postojećih projektnih rješenja od strane ponuditelja/izvođača a koje utječu na mehaničku stabilnost, ponuditelj/izvođač je dužan u svom trošku ishoditi sve suglasnosti, dozvole i sl.
Projekt izvedenog stanja ukalkulirati u jedničnu cijenu te dostaviti Kauflandu u pisanom i digitalnom obliku.

23.) Svi radovi na objektu te primjenjeni sistemi gradnje moraju biti izvedeni prema pravilu struke, odnosnu u granicama dopuštenih tolerancija.

24.) Ukoliko je ugovoreni termin izvršenja objekta uključen i zimski odnosno ljetni period, to se neće posebno izvođaču priznavati na ime naknade za rad pri niskoj temperaturi, zaštita konstrukcija od hladnoće i vrućine, te atmosferskih nepogoda, sve mora biti uključeno u jediničnu cijenu. Za vrijeme zime objekat se mora zaštititi. Svi eventualni smrznuti dijelovi moraju se ukloniti i izvesti ponovo bez bilo kakve naplate. Ukoliko je temperatura niža od temperature pri kojoj je dozvoljen dotični rad, a Investitor ipak traži da se radi, Izvođač si ima pravo zaračunati naknadu po normi 6,006 ali u tom slučaju Izvođač snosi punu odgovornost za ispravnost i kvalitetu rada. To isto vrijedi i za zaštitu radova tokom ljeta od prebrzog sušenja uslijed visoke temperature.

25.) U jediničnu cijenu rada izvođač treba obuhvatiti i slijedeće radove, koji se neće zasebno platiti kao naknadni rad, čak i ako nisu izričito navedenei u troškovniku:
- sve vrste transporta građevinskih materijala, elemenata, uređaja, objekata itd. do mjesta ugradnje
- potrebne i uobičajene pripreme i predobrade tla
- sve vrste bušenja, zavarivanja, lijepljenja, malih dijelova, sredstava za pričvršćivanje, međupoložaja, izolacije, brtvljenja, folija, spojeva itd. koje su potrebne za priključak, montažu i pričvršćivanje građevinskih dijelova i elemenata
- stručna priprema i priključak na sve okolne dijelove, ugradbene i nadgradne elemente i propuste
- sve izrade kutova, spojnih površina i elemenata, završnih elemenata, slobodnih krajeva itd.
- sve podloge za montažu, priključak i pričvršćivanje kao što su beton, zidani elementi, čelik, aluminij, limovi, gips karton, itd.
- potrebne spojne, kose i okrugle rezove te ostatke rezanja
- Izrada otvora i proreza za instalacije i ugradbene elemente drugih izvođača
- interno povezivanje kablovima i priključak objekata, dovod prema električnim trošilima na gradilištu od strane elektro izvođača",,,,,,,
,,Razgraničenje stolarije i stolarije,"U sljedećim pozicijama potrebno je uzeti u obzir i uračunati sljedeće usluge, čak i ako nisu izričito navedene:
- potrebne izrade fuga
- potrebne podkonstrukcije, zamjene i pojačanja
- trajno elastične brtve na svim spojnim fugama prema graničnim elementima, uklj. ispunu fuga. Boja mase za brtvljenje usklađena s bojom podloge.
- Pružanje usluga u nekoliko dijelova gradilišta
- Ograničavanje dubine bušenja u podnim pločama do 14 cm
- Uzimanje u obzir ugradbenih elemenata i instalacija",,,,,,,
408.010,,Zaštita od udara,,,,,0,,,
408.010.00100,,"x..RS2..x - zaštita od PE plastike 20/200mm; stupovi prodajnog prostora, zid prihvata ambalaže","Dobava i postava letvica za zaštitu od udaraca od PE plastike (polietilen), s granulatom od PE plastike „Pre Zero Polymers” sa ili bez prethodno izbušenih rupa sukladno namjeni i planiranju zaštite od udaraca. Pričvrsni vijci s obojenim glavama vijaka u boji zaštite od udara.

Širina x visina: 20 x 200 mm, duljina pri isporuci: 2000 mm
Proizvođač/tip: [prema specifikaciji materijala]
Boje/površine: [sukladno Kauflandovoj paleti boja]
Ugradnja: izvedba u 2 reda. Prvi red zaštite postavljen na pod a drugi na visini od poda 90cm. Prijelaz između podnih pločica i plastičnih letava treba fugirati trajno elastičnim bezbojnim silikonom",10.19,m,,,,0,
408.010.00105,,x..RS2..x - zaštita od PE plastike 20/200mm; uredske prostorije,"Dobava i postava letvica za zaštitu od udaraca od PE plastike (polietilen), s granulatom od PE plastike „Pre Zero Polymers” sa ili bez prethodno izbušenih rupa sukladno namjeni i planiranju zaštite od udaraca. Pričvrsni vijci s obojenim glavama vijaka u boji zaštite od udara.

Širina x visina: 20 x 200 mm, duljina pri isporuci: 2000 mm
Proizvođač/tip: [prema specifikaciji materijala]
Boje/površine: [sukladno Kauflandovoj paleti boja]
Ugradnja: izvedba u 1 redu u visini naslona stolica",32.87,m,,,,0,
408.010.00110,,"x..RS2..x - zaštita od PE plastike 20/200mm, rashladne prostorije, uslužne prostorije","Dobava i postava letvica za zaštitu od udaraca od PE plastike (polietilen), s granulatom od PE plastike „Pre Zero Polymers” sa ili bez prethodno izbušenih rupa sukladno namjeni i planiranju zaštite od udaraca. Pričvrsni vijci s obojenim glavama vijaka u boji zaštite od udara.

Širina x visina: 20 x 200 mm, duljina pri isporuci: 2000 mm
Proizvođač/tip: [prema specifikaciji materijala]
Boje/površine: [sukladno Kauflandovoj paleti boja]
Ugradnja: izvedba u 1 redu 3-5cm iznad poda. Početak i kraj letvica za zaštitu od udara zakošena pod kutom od 15 - 30°. Spoj između zida i letvica za zaštitu od udara fugirati trajno elastičnim silikonom",62.23,m,,,,0,
408.010.00115,,x..RS2.3..x - zaštita od nehrđajućeg čelika,"Kutni element od nehrđajućeg čelika dimenzija 30/30/1,5 mm, s brušenom (granulacija 240) i četkanom površinom, u različitim pojedinačnim dimenzijama isporučiti i u jednom komadu do visine stropa na vanjske kutove zidova i potporna zalijepiti.",5.5,m,,,,0,
408.010.00120,,"x..RS4..x - Zaštitna obrada od četvrtaste građe, izvedba 1","Dobava i postava drvene gredice 100/100 mm, 2-strano blanjane u 1 redu, prednji rubovi skošeni, na podovima, učvršćivanje vijcima u podnu plohu pomoću tipli za velika opterećenja, duljina tipli najmanje 18 cm, maksimalni razmak učvršćivanja 1 m, upušteni vijci.",158.14,m,,,,0,
408.020,,Zidne ploče,,,,,0,,,
408.020.00100,,x..WB25..x - piktogram,"Dobava i postava piktograma od crvenog obojenog akrilnog stakla odn.plastike i aluminijskog okvira s eloksiranom površinom E6/EV1, s ljepljivom folijom na pozadini i piktogramu. Izvedba do gotove funkcionalnosti.

• Širina x visina 40 x 40 cm
• Visina montaže: jasno vidljivo, u visini očiju
• površinski zalijepljeno ili s prikladnim zidnim držačem

_piktogram za žene; muškarce; osobe s invaliditetom; prematanje",4,kom,,,,0,
408.030,,Pregrada za sobu,,,,,0,,,
408.040,,Kuhinje,,,,,0,,,
408.040.00100,,"x... SKÜ200 - ugrađena kuhinjska jedinica, duljina 2,85 m","Kuhinjski element, dužine 2,85 m, visine ca. 2,0, s elementima presvučenim melaminom, s oblogama u nišama, prednjim stranama i radnim pločama s debelim rubovima, uklj. okove, ugradbene uređaje i pribor, izraditi, isporučiti i montirati.

Donji ormari s podnožjem (širina/dubina/visina):
- Donji ormar za sudoper, 60/90 cm
- Donji ormar s ladicom i okretnim vratima, 60/60/90 cm
- Donji ormar s ladicom i okretnim vratima, 45/60/90 cm
- Donji ormar za u potpunosti integriranu perilicu suđa, 60/60/90 cm

Visoki ormari s podnožjem (širina/dubina/visina):
- Visoki ormar s hladnjakom i mikrovalnom pećnicom, viseći ormar s okretnim vratima. 60/60/200 cm

Viseći ormari (širina/dubina/visina):
- Viseći ormar s okretnim vratima, 60/35/40 cm, 3 komada
- Viseći ormar s okretnim vratima, 45/35/40 cm

Uređaji i pribor:
- Ugradbena perilica suđa, potpuno integrirana
- Ugradbeni sudoper s cjedilom, od nehrđajućeg čelika
- Okretna armatura za sudoper s jednom ručkom, bestlačna, za hladnu i toplu vodu
- Sifon za sudoper
- Ugradbeni hladnjak, ca. 160-180 litara, energetski razred minimalno A++, potpuno integriran
- Ugradbena mikrovalna pećnica, ca. 10-20 litara
- Ugradbena kantica za smeće, ca. 10 litara
- Plastični spremnik za pribor

Boje/površine: sukladno Kauflandovoj paleti boja",1,kom,,,,0,
408.050,,Ostali,,,,,0,,,
409,,Bravarski posao,,,,,0,,,
409.000,,Prethodne napomene,,,,,0,,,
,,ZTV - Dodatni tehnički uvjeti ugovora,"1.) Dodatni ugovoreni tehnički uvjeti dio su troškovnika te u slučaju ugovaranja postaju dio ugovora. Izvođač radova se dakle obavezuje na sve radove i primjene koje proizlaze iz ovih uvjeta te su one uračunate u cijenu, ukoliko nisu zasebno ponuđene.

2.) Cijene stavki se prikazuju kao neto iznos u državnoj valuti. Važeći zakonski propisani porez na dodanu vrijednost obračunava se zasebno.

3.) U slučaju proturječnosti dodatnih ugovorenih tehničkih uvjeta vrijede prvenstveno podaci iz troškovnika. U slučaju proturječnosti između troškovnika i tehničke dokumentacije koja se predaje prilikom natječaja, vrijedi tehnička dokumentacija.

4.) Prije početka davanja ponude, ponuditelj je dužan pažljivo pročitati kompletan tekst općih uvjeta uz troškovnik, općih i posebnih uvjeta uz svaku grupu radova, tekst samog troškovnika i ostale dijelove tehničke dokumentacije. Ako opis bilo koje stavke u troškovniku dovodi do sumnje o načinu izvedbe ili upotrebu gradiva zahtijevane kvalitete, treba prije predaje ponude zatražiti pojašnjenje od ovlaštene osobe Investitora. Naknadno pozivanje na manjkavost ili nepoznavanje projektno-tehničke dokumentacije ili opisa u troškovniku neće se uzeti u obzir, niti smatrati razlogom za produženje roka izvedbe, a niti će se priznati bilo kakva razlika u cijeni s tog naslova.

5.) Tehnička dokumentacija koja se predaje prilikom natječaja informativnog je karaktera, a ponuđač je dužan u svom trošku izvršiti kontrolu projektno tehničke dokumentacije u smislu točnosti, tehničke ispravnosti, izvedivosti i međusobne usklađenosti. Sve eventualne primjedbe ponuditelj/izvoditelj dužan je pravovremeno uz ponudu, a u svakom slučaju prije izvedbe u pisanom obliku dostaviti Nadzoru i Naručitelju

6.) Ponuditelj je dužan provesti i kontrolu lokacije na licu mjesta prije davanja ponude. Jedinične cijene za pojedine vrste radova sadrže i sve one posredne troškove koji nisu iskazani u troškovniku, ali su neminovni za izvršenje radova predviđenih projektom.

7.) Organizacija gradilišta uračunata je u cijenu, ukoliko nije ponuđena kao zasebna stavka.

8.) Dizalice za podizanje, skele, strojevi, alati, pomoćna sredstva i konstrukcije uzeti su u obzir te su uračunati u jediničnu cijenu.

9.) Skele za radove na fasadi i radove na krovu predmet su ovog natječaja. Ponuditelj smije koristiti postojeće skele uz poštivanje sigurnosnih uvjeta i na vlastitu odgovornost. Preinake na skelama nisu dozvoljene te se one moraju predati u ispravnom stanju u kojem su i preuzete.

10.) Kompletnu režiju gradilišta usigurava i rješava ponuditelj/izvođač i i uključena je u jediničnu cijenu.

11.) Ponuditelj je obvezan redovno prikupljati i ,pravilno skladištiti i odvoziti na ovlašteni deponij sve otpadne materijale, ostatke, krhotine, građevinski otpad, ambalaže, obični otpad i slično o vlastitom trošku. Kod odlaganja otpada potrebno je pridržavati se svih javnopravnih uputa i propisa.

12.) Onečišćenja koja uslijed radova nastaju na susjednim terenima, zgradama, putovima, cestama, trgovima i slično, izvođač radova treba svakodnevno čistiti.

13.) Izvođač preuzima odgovornost za osiguravanje, skladištenje i spremanje vlastite građevinske opreme, strojeva, uređaja, alata i slično. Jednako vrijedi i za građevinske materijale, elemente i za ugradnju određenih uređaja i objekata sve do primopredaje obavljenih građevinskih radova.

14.) Prilikom izvođenja radova, izvoditelj treba zaštititi sve susjedne plohe, dijelove konstrukcije i prethodno izvedene radove na prikladan način a u skladu sa pravilima zaštite na radu, tako da ne dođe do oštećenja istih. Troškove zaštite treba izvoditelj ukalkulirati u ponudbenu cijenu izvođenja radova. Ukoliko ipak dođe do oštećenja prethodno izvedenih radova za koje je odgovoran izvoditelj ili njegov kooperant, dužan je iste o svom trošku dovesti u stanje prije oštećenja ili naručiti iste radove kod drugog izvoditelja na svoj teret.

15.) Sve potrebne mjere prema javnopravnim uputama i propisima za sigurnost i zaštitu zdravlja trebaju se uzeti u obzir te ih se treba pridržavati prilikom izvođenja radova.

16.) Prilikom davanja ponude i izvođenja radova treba se uzeti u obzir, uračunati i pridržavati se
- svih državnih i javnopravnih zakona, smjernica i propisa
- svih odgovarajućih tehničkih standarda, pravila i smjernica
- općeprihvaćenih pravila tehnike
- uputa, propisa i napomena proizvođača za ugradnju i obradu
- Kauflandovih građevinskih opisa, ugovorenih uvjeta i ostalih Kauflandovih dokumenata i planova.

17.) Stavke troškovnika obuhvačaju konačno dovršenje radova definiranih po količini i kvaliteti, onosno podrazumijevaju se kao gotove, potpune i funkcionirajuće, uklj. sve potrebne male dijelove i sredstva za pričvršćivanje, pomoćne materijale i sredstva, podkonstrukcije itd., kao i sve dodatne i posebne usluge - čak i kada one nisu detaljno opisane.

18.) Ako su treće stranke uključene u izvođenje predradnji, izvođač radova ih treba provjeravati. U slučaju nepravilnosti ili prigovora pravovremeno treba informirati naručitelja, tako da može tehnički i organizacijski dovršiti poslove.

19.) Obavezno se treba pridržavati svih Kauflandovih proizvodnih uputa, osim ako postoje opravdani razlozi za odstupanje (npr. dostupnost). U tom slučaju izvođač treba ponuditi istovjetni proizvod ili sustav te potvrditi istovjetnost. O njoj odlučuje naručitelj.

20.) Sustavi se izvode isključivo pomoću komponenata koje su predviđene od strane proizvođača sustava.

21.) Svi materijali, građevinski elementi i uređaji koji neposredno utječu na izgled i funkcionalnost prije ugradnje se trebaju provjeriti. Ugrađuju se tek nakon što naručitelj ili ovlaštena osoba odobri ugradnju na gradilištu. O vrsti i obliku uzorka odlučuje naručitelj.

22.) Ako nije drukčije propisano, izmjene postojećih projektnih rješenja od strane ponuditelja/izvođača a koje utječu na mehaničku stabilnost, ponuditelj/izvođač je dužan u svom trošku ishoditi sve suglasnosti, dozvole i sl.
Projekt izvedenog stanja ukalkulirati u jedničnu cijenu te dostaviti Kauflandu u pisanom i digitalnom obliku.

23.) Svi radovi na objektu te primjenjeni sistemi gradnje moraju biti izvedeni prema pravilu struke, odnosnu u granicama dopuštenih tolerancija.

24.) Ukoliko je ugovoreni termin izvršenja objekta uključen i zimski odnosno ljetni period, to se neće posebno izvođaču priznavati na ime naknade za rad pri niskoj temperaturi, zaštita konstrukcija od hladnoće i vrućine, te atmosferskih nepogoda, sve mora biti uključeno u jediničnu cijenu. Za vrijeme zime objekat se mora zaštititi. Svi eventualni smrznuti dijelovi moraju se ukloniti i izvesti ponovo bez bilo kakve naplate. Ukoliko je temperatura niža od temperature pri kojoj je dozvoljen dotični rad, a Investitor ipak traži da se radi, Izvođač si ima pravo zaračunati naknadu po normi 6,006 ali u tom slučaju Izvođač snosi punu odgovornost za ispravnost i kvalitetu rada. To isto vrijedi i za zaštitu radova tokom ljeta od prebrzog sušenja uslijed visoke temperature.

25.) U jediničnu cijenu rada izvođač treba obuhvatiti i slijedeće radove, koji se neće zasebno platiti kao naknadni rad, čak i ako nisu izričito navedenei u troškovniku:
- sve vrste transporta građevinskih materijala, elemenata, uređaja, objekata itd. do mjesta ugradnje
- potrebne i uobičajene pripreme i predobrade tla
- sve vrste bušenja, zavarivanja, lijepljenja, malih dijelova, sredstava za pričvršćivanje, međupoložaja, izolacije, brtvljenja, folija, spojeva itd. koje su potrebne za priključak, montažu i pričvršćivanje građevinskih dijelova i elemenata
- stručna priprema i priključak na sve okolne dijelove, ugradbene i nadgradne elemente i propuste
- sve izrade kutova, spojnih površina i elemenata, završnih elemenata, slobodnih krajeva itd.
- sve podloge za montažu, priključak i pričvršćivanje kao što su beton, zidani elementi, čelik, aluminij, limovi, gips karton, itd.
- potrebne spojne, kose i okrugle rezove te ostatke rezanja
- Izrada otvora i proreza za instalacije i ugradbene elemente drugih izvođača
- interno povezivanje kablovima i priključak objekata, dovod prema električnim trošilima na gradilištu od strane elektro izvođača",,,,,,,
,,Opseg usluga bravarskog posla,"U sljedećim pozicijama potrebno je uzeti u obzir i uračunati sljedeće usluge, čak i ako nisu izričito navedene:
- Mjerenje i niveliranje usluga od zadanih mjernih točaka odnosno osi
- Sve spojne limove, bušene rupe, zavarene spojeve, sitne dijelove, međuslojeve i sredstva za pričvršćivanje, itd., koja su potrebna za montažu i pričvršćivanje čeličnih elemenata.
- sva sredstva za pričvršćivanje su trajno zaštićena od korozije
- eventualna oštećenja na površini i / ili slojevima pravilno ukloniti
- sve spojeve izraditi bez razmaka pomoću neskupljajućeg materijala
- Radove zavarivanja samo uz potvrdu o potrebnim kvalifikacijama za izvođenje radova zavarivanja u visokogradnji prema DIN EN 1090 (potvrda za zavarivanje)
- Grundiranje s debljinom sloja od minimalno 20 µm
- Gotove zavarene šavove spremne za lakiranje
- Planirana nadvišenja
- Izoliranje kontaktnih površina kod moguće kontaktne korozije
- trajno elastične brtve na svim spojnim fugama prema graničnim elementima, uklj. ispunu fuga
- Ograničavanje dubine bušenja u podnim pločama do 14 cm",,,,,,,
409.010,,Stepenice,,,,,0,,,
409.010.00100,,"x..ST1, ST4..x - vanjsko čelično stubište, konstrukcija","POZ 201
Isporučiti i montirati čeličnu konstrukciju vanjskih čeličnih stubišta tlocrtnih dimenzija [1,35/3,10] m, visine [1,40] m. Nosači antikorozivno zaštičeni vrućim cinčanjem. Sve kompletno izvedeno i montirano do funkcionalne gotovosti, uključujući sva sredstva za pričvrščivanje, ukrute, pločevine, zavare.

Kvaliteta čelika: S [235]
Stubište se sastoji iz slijedećih elemenata:
[UPN 180]",285,kg,,,,0,
409.010.00105,,"x..ST1, ST4..x - vanjsko čelično stubište, gazišta/podesti","POZ 201
Dobava i postava hodne površine vanjskih stubišta izvedene od protukliznih čeličnih rešetki širine mreže 30/30 mm, nosive šipke 40/3 mm, zavareno u okvir od profilnog čelika, učvršćeno na uzdužne nosače vijčanom izvedbom. Sve antikorozivno zaštićeno vrućim cinčanjem. Sve kompletno izvedeno i montirano do funkcionalne gotovosti, uključujući sva sredstva za pričvrščivanje I ukrute.

dimenzije gazišta: [1,2 / 0,3] m; ukupno [6] kom
dimenzije podesta/međupodesta: [1,2 / 1,2] m; ukupno [1] kom",4,m2,,,,0,
409.010.00110,,"x..ST1, ST4..x - vanjsko čelično stubište, ograda","POZ 201
Dobava i postava ograde vanjskih stubišta visine 1,20m iznad obloge izvedene od stupova, ispune oduzdužno postavljenih cijevi.Sve antikorozivno zaštićeno vrućim cinčanjem. Sve kompletno izvedeno i montirano do funkcionalne gotovosti, uključujući sva sredstva za pričvrščivanje I ukrute.

stupovi i rukohvat: Ø48,3 / 3mm;
ispuna: Ø42,4mm / 3mm",4.6,m,,,,0,
409.010.00115,,- fiksne ljestve izvana,"POZ 203
Nepomične, vertikalne ljestve od pocinčanog čelika, montirane ispred zida, s gazištima zavarenima za vodilice, s razmakom između gazišta od 250 mm, s ručkama u U-obliku na obje strane na gornjem izlazu, u različitim pojedinačnim dužinama, izraditi, isporučiti i montirati. Svi elementi penjalice (ako i nisu ekspilictno navedeni ili nacrtani u shemi) sukladno važećem Pravilniku o zaštiti na radu na mjestiam rada.
U stavku uključena i vertikalna potkonstrukcija od SHS profila 100x100x3mm, ukupne duljine cca 7m.

Visina ljestvi: do 8,0 m",5.5,m,,,,0,
409.010.00120,,- fiksne ljestve izvana,"POZ 204
Nepomične, vertikalne ljestve od pocinčanog čelika, montirane ispred zida, s gazištima zavarenima za vodilice, s razmakom između gazišta od 250 mm, s ručkama u U-obliku na obje strane na gornjem izlazu, u različitim pojedinačnim dužinama, izraditi, isporučiti i montirati. Svi elementi penjalice (ako i nisu ekspilictno navedeni ili nacrtani u shemi) sukladno važećem Pravilniku o zaštiti na radu na mjestiam rada.

Visina ljestvi: do 8,0 m",4,m,,,,0,
409.010.00125,,- fiksne ljestve izvana,"POZ 205
Nepomične, vertikalne ljestve od pocinčanog čelika, montirane ispred zida, s gazištima zavarenima za vodilice, s razmakom između gazišta od 250 mm, s ručkama u U-obliku na obje strane na gornjem izlazu, u različitim pojedinačnim dužinama, izraditi, isporučiti i montirati. Svi elementi penjalice (ako i nisu ekspilictno navedeni ili nacrtani u shemi) sukladno važećem Pravilniku o zaštiti na radu na mjestiam rada.

Visina ljestvi: do 8,0 m",4,m,,,,0,
409.010.00130,,- fiksne ljestve izvana,"POZ 206
Nepomične, vertikalne ljestve od pocinčanog čelika, montirane između vanjske terase (za odmor zaposlenika) i krovne plohe prizemlja. Izraditi, isporučiti i montirati. Svi elementi (ako i nisu ekspilictno navedeni ili nacrtani u shemi) sukladno važećem Pravilniku o zaštiti na radu na mjestiam rada.",1,kom,,,,0,
409.010.00140,,- fiksne ljestve izvana,"Nepomične, vertikalne ljestve od pocinčanog čelika, montirane ispred zida, s gazištima upetim u AB zid, s razmakom između gazišta od 250 mm, izraditi, isporučiti i montirati. Svi elementi penjalice (ako i nisu ekspilictno navedeni ili nacrtani u shemi) sukladno važećem Pravilniku o zaštiti na radu na mjestiam rada.
Mjesto ugradnje - ulaz i sprinkler bazen i strojarnicu sprinkler bazena.

Visina ljestvi: do 8,0 m",7,m,,,,0,
409.010.00145,,"- Doplata za ljestve, kavez za zaštitu leđa","Doplata za gore Navedene ljestve, za izvedbu s leđobranom kao zaštitni sustav.",3,m,,,,0,
409.010.00150,,"- Doplata za fiksne ljestve, pristupna brava","Doplata za gore Navedene ljestve, za izvedbu prilaza s mogućnošću zatvaranja, pripremljenog za profilni cilindar.",1,kom,,,,0,
409.020,,Platforme za krovne uređaje,,,,,0,,,
409.020.00100,,"x..TU1+TU3..x - platforma kondenzatora, konstrukcija","POZ 310+305
POZ 310
Isporučiti i montirati čeličnu konstrukciju kondenzatora tlocrtnih dimenzija [3,05/6,90] m, visine [1,00] m mjereno od završne kote krova. Nosači antikorozivno zaštičeni vrućim cinčanjem. Sve kompletno izvedeno i montirano do funkcionalne gotovosti, uključujući sva sredstva za pričvrščivanje, ukrute, pločevine, zavare.

Kvaliteta čelika: S [235]
Čelična konstrukcija se sastoji od slijedečih elemenata:
[SHS 150x150x5mm]
[HEA 140]
[IPE 140]
[Ø101x5mm]
Stubište na platformu:
[UPN 180]
[Ø50x3,6mm]

POZ 305
Isporučiti i montirati čeličnu konstrukciju dizalice topline tlocrtnih dimenzija [3,00/5,15] m, visine [1,00] m mjereno od završne kote krova. Nosači antikorozivno zaštičeni vrućim cinčanjem. Sve kompletno izvedeno i montirano do funkcionalne gotovosti, uključujući sva sredstva za pričvrščivanje, ukrute, pločevine, zavare.

Kvaliteta čelika: S [235]
Čelična konstrukcija se sastoji od slijedečih elemenata:
[SHS 150x150x5mm]
[HEA 140]
[IPE 140]
[Ø101x5mm]
Stubište na platformu:
[UPN 180]
[Ø50x3,6mm]

Stavka uključuje i krovnu kućicu za proboj instalacija koja se nalazi ispod platforme (izvesti prema detalju).",2748,kg,,,,0,
409.020.00105,,"x..TU1+TU3..x - platforma kondenzatora, hodna površina","POZ 310+305
Dobava i postava hodne površine kondenzatora (uključivo i pristupno stubište) izvedene od protukliznih čeličnih rešetki širine mreže 30/30 mm, nosive šipke 40/3 mm, zavareno u okvir od profilnog čelika, učvršćeno na uzdužne nosače vijčanom izvedbom. Sve antikorozivno zaštičeno vrućim cinčanjem. Sve kompletno izvedeno i montirano do funkcionalne gotovosti, uključujući sva sredstva za pričvrščivanje I ukrute.",36,m2,,,,0,
409.020.00110,,"x..TU2..x - platforma HOWAL uređaja, konstrukcija","POZ 301
Isporučiti i montirati nosivu vruće cinčanu čeličnu potkonstrukciju ventilacijskih uređaja HOWAL. Nosači antikorozivno zaštičeni vrućim cinčanjem. Sve kompletno izvedeno i montirano do funkcionalne gotovosti, uključujući sva sredstva za pričvrščivanje, ukrute, pločevine, zavare.

Kvaliteta čelika: S [235]
Čelična konstrukcija se sastoji od slijedečih elemenata:
[SHS 100x100x5mm]
[SHS 60x60x3mm]",345,kg,,,,0,
409.020.00115,,"x..TU2..x - platforma HOWAL uređaja, konstrukcija","POZ 302
Isporučiti i montirati nosivu vruće cinčanu čeličnu potkonstrukciju ventilacijskih uređaja HOWAL. Nosači antikorozivno zaštičeni vrućim cinčanjem. Sve kompletno izvedeno i montirano do funkcionalne gotovosti, uključujući sva sredstva za pričvrščivanje, ukrute, pločevine, zavare.

Kvaliteta čelika: S [235]
Čelična konstrukcija se sastoji od slijedečih elemenata:
[SHS 100x100x5mm]",280,kg,,,,0,
409.020.00120,,"x..TU2..x - platforma HOWAL uređaja, konstrukcija","POZ 303
Isporučiti i montirati nosivu vruće cinčanu čeličnu potkonstrukciju ventilacijskih uređaja HOWAL. Nosači antikorozivno zaštičeni vrućim cinčanjem. Sve kompletno izvedeno i montirano do funkcionalne gotovosti, uključujući sva sredstva za pričvrščivanje, ukrute, pločevine, zavare.

Kvaliteta čelika: S [235]
Čelična konstrukcija se sastoji od slijedečih elemenata:
[SHS 100x100x5mm]
[SHS 60x60x3mm]",345,kg,,,,0,
409.020.00125,,"x..TU2..x - platforma HOWAL uređaja, konstrukcija","POZ 304
Isporučiti i montirati nosivu vruće cinčanu čeličnu potkonstrukciju ventilacijskih uređaja HOWAL. Nosači antikorozivno zaštičeni vrućim cinčanjem. Sve kompletno izvedeno i montirano do funkcionalne gotovosti, uključujući sva sredstva za pričvrščivanje, ukrute, pločevine, zavare.

Kvaliteta čelika: S [235]
Čelična konstrukcija se sastoji od slijedečih elemenata:
[SHS 100x100x5mm]",280,kg,,,,0,
409.020.00140,,"x..TU3..x - platforma dizalice topline, konstrukcija","POZ 306
Isporučiti i montirati čeličnu konstrukciju dizalice topline tlocrtnih dimenzija [0,80/1,20] m, visine [0,3] m mjereno od završne kote krova. Nosači antikorozivno zaštičeni vrućim cinčanjem. Sve kompletno izvedeno i montirano do funkcionalne gotovosti, uključujući sva sredstva za pričvrščivanje, ukrute, pločevine, zavare.

Kvaliteta čelika: S [235]
[SHS 60x60x3,2mm]
[UPE 140]",210,kg,,,,0,
409.020.00150,,"x..TU3..x - platforma dizalice topline, konstrukcija","POZ 307
Isporučiti i montirati čeličnu konstrukciju dizalice topline tlocrtnih dimenzija [0,80/1,20] m, visine [0,3] m mjereno od završne kote krova. Nosači antikorozivno zaštičeni vrućim cinčanjem. Sve kompletno izvedeno i montirano do funkcionalne gotovosti, uključujući sva sredstva za pričvrščivanje, ukrute, pločevine, zavare.

Kvaliteta čelika: S [235]
[SHS 60x60x3,2mm]
[UPE 140]",95,kg,,,,0,
409.020.00160,,"x..TU3..x - platforma dizalice topline, konstrukcija","POZ 308
Isporučiti i montirati čeličnu konstrukciju dizalice topline tlocrtnih dimenzija [0,80/3,15] m, visine [0,3] m mjereno od završne kote krova. Nosači antikorozivno zaštičeni vrućim cinčanjem. Sve kompletno izvedeno i montirano do funkcionalne gotovosti, uključujući sva sredstva za pričvrščivanje, ukrute, pločevine, zavare.

Kvaliteta čelika: S [235]
[SHS 60x60x3,2mm]
[UPE 140]",95,kg,,,,0,
409.020.00170,,"x..TU3..x - platforma dizalice topline, konstrukcija","POZ 309
Isporučiti i montirati čeličnu konstrukciju dizalice topline tlocrtnih dimenzija [0,80/3,7] m, visine [0,3] m mjereno od završne kote krova. Nosači antikorozivno zaštičeni vrućim cinčanjem. Sve kompletno izvedeno i montirano do funkcionalne gotovosti, uključujući sva sredstva za pričvrščivanje, ukrute, pločevine, zavare.

Kvaliteta čelika: S [235]
[SHS 60x60x3,2mm]
[UPE 140]",210,kg,,,,0,
409.020.00180,,"x..TU3..x - platforma dizalice topline, hodna površina","POZ 311
Dobava i postava hodne površine dizalice topline (uključivo i pristupno stubište) izvedene od protukliznih čeličnih rešetki širine mreže 30/30 mm, nosive šipke 40/3 mm, zavareno u okvir od profilnog čelika. Ugradnja okvira od L profila za nošenje rešetke uključeno u stavku. Sve antikorozivno zaštičeno vrućim cinčanjem. Sve kompletno izvedeno i montirano do funkcionalne gotovosti, uključujući sva sredstva za pričvrščivanje I ukrute.",0.65,m2,,,,0,
409.020.00185,,"x..TU3..x - platforma dizalice topline, konstrukcija","POZ 312
Isporučiti i montirati čeličnu konstrukciju dizalice topline tlocrtnih dimenzija [0,80/1,20] m, visine [0,3] m mjereno od završne kote krova. Nosači antikorozivno zaštičeni vrućim cinčanjem. Sve kompletno izvedeno i montirano do funkcionalne gotovosti, uključujući sva sredstva za pričvrščivanje, ukrute, pločevine, zavare.

Kvaliteta čelika: S [235]
[SHS 60x60x3,2mm]
[UPE 140]",95,kg,,,,0,
409.020.00195,,"x..TU3..x - platforma dizalice topline, konstrukcija","POZ 313
Isporučiti i montirati čeličnu konstrukciju dizalice topline tlocrtnih dimenzija [0,80/1,20] m, visine [0,3] m mjereno od završne kote krova. Nosači antikorozivno zaštičeni vrućim cinčanjem. Sve kompletno izvedeno i montirano do funkcionalne gotovosti, uključujući sva sredstva za pričvrščivanje, ukrute, pločevine, zavare.

Kvaliteta čelika: S [235]
[SHS 60x60x3,2mm]
[UPE 140]",95,kg,,,,0,
409.020.00205,,"x..TU3..x - platforma dizalice topline, konstrukcija","POZ 314
Isporučiti i montirati čeličnu konstrukciju dizalice topline tlocrtnih dimenzija [0,80/1,20] m, visine [0,3] m mjereno od završne kote krova. Nosači antikorozivno zaštičeni vrućim cinčanjem. Sve kompletno izvedeno i montirano do funkcionalne gotovosti, uključujući sva sredstva za pričvrščivanje, ukrute, pločevine, zavare.

Kvaliteta čelika: S [235]
[SHS 60x60x3,2mm]
[UPE 140]",95,kg,,,,0,
409.030,,Ograde i rukohvati,,,,,0,,,
409.030.00100,,x..IG1..x - ograda na betonskom stubištu,"POZ 208
Izraditi i montirati čeličnu ogradu na betonskom stubištu. Izvedba do gotove funkcionalnosti sa svim spojnim sredstvima, pločevinama.

Visina ograde: Visina ograde prema državnim propisima, ali ne manja od 1,0 m iznad podloge
Konstrukcija ograde: Okvir ograde od čeličnih cijevi sa zavarenim okruglim lukovima, promjera ca. 38 mm, s vertikalnim ispunama od okruglog čelika, promjera 12 mm, s razmakom od 110 mm između šipki, sa stupovima od čeličnih cijevi, promjera ca. 38 mm, s poklopcem i priključnom pločom, pričvršćen za bočnu stranu stepenica pomoću tipli, s grundiranom površinom
Rukohvat: od cijevi od nehrđajućeg čelika, s brušenom (granulacija 240) i četkanom površinom, promjera ca. 44 mm, sa zavarenim i brušenim spojevima, pričvršćenjem na bočnoj strani ograde pomoću kutnih elemenata od okruglih cijevi od nehrđajućeg čelika, s visinom rukohvata 0,85 m iznad podloge, kontinuiran bez prekida, s obrađenim krajevima, s opipljivim oznakama/natpisima naziva etaže
Boja ograde: temeljni premaz sa završnim slojem laka na bazi umjetne smole RAL 7016.",11.3,m,,,,0,
409.040,,Nadstrešnice,,,,,0,,,
409.050,,Zaštita od udara,,,,,0,,,
409.050.00100,,x..RS7..x - čelični kut za zaštitu od udara,"Čelični kutni element, s profilom L80/80/6 mm, zaobljenim kutovima, pocninčan, u pojedinačnim dužinama od 2,0 m, kao zaštitu rubova za zidove i potpornje od zidanih elemenata ili armiranog betona, izraditi, isporučiti i pričvrstiti vijcima s upuštenom glavom.",28,m,,,,0,
409.050.00105,,"x..RS10..x - zaštitni stup za zaštitu od udaraca, pocinčani,","Stup od okrugle cijevi, promjera ca. 101 mm, debljine 5 mm, s ispupčenom gornjom pločom, od pocinčanog čelika, kao zaštitu od udaraca, izraditi, isporučiti i montirati.

Visina: 900 mm iznad gotovog poda
Pričvršćivanje: Usidravanje u grubi pod bušenjem cilindričnih rupa, dubine ca. 150 - 200 mm. Spoj stupa i poda fugirati trajnoelastičnom masom svjetlosive boje.",17,kom,,,,0,
409.050.00110,,"x..RS10, ..x - Stup za zaštitu od udaraca, pocinčani, sidreno pričvršćivanje, završni pod","Stup od okrugle cijevi, promjera ca. 101 mm, debljine 5 mm, s ispupčenom gornjom pločom, od pocinčanog čelika, kao zaštitu od udaraca, izraditi, isporučiti i montirati.

Visina: 900 mm iznad gotovog poda
Pričvršćivanje: Usidravanje na gotovi pod pomoću zavarenog postolja, promjera 200 mm, debljine ca. 10 mm, sa sidrima i M12 vijcima s upuštenim glavama.",1,kom,,,,0,
409.050.00115,,"x..RS10..x - zaštitni nosač protiv udaraca, nehrđajući čelik, čvrsta montaža","Stup od okrugle cijevi, promjera ca. 101 mm, debljine 5 mm, s ispupčenom gornjom pločom, od nehrđajućeg čelika, s brušenom (granulacija 240) površinom, kao zaštitu od udaraca, izraditi, isporučiti i montirati.

Visina: 900 mm iznad gotovog poda
Pričvršćivanje: Usidravanje u grubi pod bušenjem cilindričnih rupa, dubine ca. 150 - 200 mm. Spoj stupa i poda fugirati trajnoelastičnom masom svjetlosive boje.",6,kom,,,,0,
409.050.00120,,"x..RS16..x - nosivi zaštitni nosač, duljina 1,6 m, čvrsto učvršćenje","Stremen od okruglih cijevi, promjera ca. 108 mm, debljine 4 mm, od pocinčanog čelika, kao zaštitu od udaraca, izraditi, isporučiti i montirati.

Dužina: 1,6 m
Visina: 0,4 m iznad gotovog poda
Pričvršćivanje: Usidravanje u grubi pod bušenjem cilindričnih rupa, dubine ca. 150 - 200 mm. Spoj stupa i poda fugirati trajnoelastičnom masom svjetlosive boje.",3,kom,,,,0,
409.050.00125,,"x..RS21..x - Zaštita vrata o cjevastog okvira, dimenzija 2,2 / 2,5 m","Cijevni okvir, od kvadratnih šupljih profila 100/100/4 mm, s priključcima na zid, pločama za pričvršćivanje i nošenje 200/200/6 mm, s držačem za magnete, od čelika, s grundiranom površinom, s pričvršćivanjem pomoću spojnog sidra i M12 vijaka s upuštenim glavama, kao zaštitu od udaraca, izraditi, isporučiti i montirati.

Dimenzije širine/visine: ca. 2,2/2,5 m, prilagođeno za svijetli prolaz kroz vrata, obuhvatno ca. 5 cm manje
Razmak od zida: do ca. 1,2 m",4,kom,,,,0,
409.050.00130,,x..MA5..x - stup od okrugle cijevi,"Stup od okrugle cijevi, promjera ca. 180-200 mm, debljine 2 mm, s družinom ca. 1.200 mm, sa zatvorenom gornjom pločom, od čelika, s pocinčanom površinom, s unutarnje strane ispunjen betonom, kao zaštitu od udaraca, izraditi, isporučiti i montirati.

Visina: 0,8 m iznad gotovog poda, dubina spajanja 0,4 m
Pričvršćivanje: betonirano i pomoću poprečnog trna usidreno u temelj na gradilištu",12,kom,,,,0,
409.050.00135,,"- Zaštita hidranata  od cjevastog okvira, dimenzija Ø40mm","Cijevni okvir, od kvadratnih šupljih profila Ø40 mm, stijenka 4mm, s priključcima na zid, , od čelika, s grundiranom površinom, s pričvršćivanjem pomoću spojnog sidra i M12 vijaka s upuštenim glavama, kao zaštitu od udaraca, izraditi, isporučiti i montirati.

Dimenzije širine/visine: Ø40 mm, stijenka 4mm
Boja: uzorak crno-žute kose crte kao znak upozorenja",25,m,,,,0,
409.060,,Prozorske rešetke,,,,,0,,,
409.060.00100,,"x..FGI1..x - rešetkasti elementi prozora, dimenzije 2,73  / 1,3 m","POZ B50
Prozorska rešetka od kvadratnih okvira 40/40/4 mm, s unutarnjom rešetkom od okruglog čelika, promjera 12 mm, s horizontalnim razmakom od 100 mm između šipki i vertikalnim razmakom od 200 mm, sidro prekriveno pričvršćeno pomoću injekcijskih tipli, maks. razmak između sidara 500 mm, s vruće pocinčanim čeličnim dijelovima i elementima za pričvršćivanje, izraditi, isporučiti i montirati. njakon vrućeg cinčanja, lakirati u tonu po izboru investitora.

Dimenzije širine/visine: ca. 2,73/1,3 m, prilagođeno visini prozora",1,kom,,,,0,
409.060.00105,,"x..FGI1..x - rešetkasti elementi prozora, dimenzije 1,46  / 1,77 m","POZ B51
Prozorska rešetka od kvadratnih okvira 40/40/4 mm, s unutarnjom rešetkom od okruglog čelika, promjera 12 mm, s horizontalnim razmakom od 100 mm između šipki i vertikalnim razmakom od 200 mm, sidro prekriveno pričvršćeno pomoću injekcijskih tipli, maks. razmak između sidara 500 mm, s vruće pocinčanim čeličnim dijelovima i elementima za pričvršćivanje, izraditi, isporučiti i montirati. njakon vrućeg cinčanja, lakirati u tonu po izboru investitora.

Dimenzije širine/visine: ca. 1,47 / 1,77 m, prilagođeno visini prozora",1,kom,,,,0,
409.070,,Podkonstrukcije,,,,,0,,,
409.070.00100,,"- čelična konstrukcija, premazana bojom","POZ 401
Nosače od profilnog čelika, u različitim pojedinačnim dužinama, položene u ravnini trapeznih limova kao podkonstrukcija ili za vješanje konstrukcija na gradilištu, uklj. gornje ploče, potpornje, prirubnice, bušene rupe, zavarene spojeve, sredstva za pričvršćivanje i spajanje izraditi, isporučiti i montirati.

Građevinski čelik: S235 prema EN 10025
Površina: grundirana i obojana

Boja: sukladno Kauflandovoj paleti boja",410,kg,,,,0,
409.070.00105,,"- čelična konstrukcija, premazana bojom","POZ 402
Nosače od profilnog čelika, u različitim pojedinačnim dužinama, položene u ravnini trapeznih limova kao podkonstrukcija ili za vješanje konstrukcija na gradilištu, uklj. gornje ploče, potpornje, prirubnice, bušene rupe, zavarene spojeve, sredstva za pričvršćivanje i spajanje izraditi, isporučiti i montirati.

Građevinski čelik: S235 prema EN 10025
Površina: grundirana i obojana

Boja: sukladno Kauflandovoj paleti boja",1735,kg,,,,0,
409.070.00110,,"- čelična konstrukcija, premazana bojom","POZ 403
Nosače od profilnog čelika, u različitim pojedinačnim dužinama i presjecima, položene u ravnini trapeznih limova kao podkonstrukcija ili za vješanje konstrukcija na gradilištu, uklj. gornje ploče, potpornje, prirubnice, bušene rupe, zavarene spojeve, sredstva za pričvršćivanje i spajanje izraditi, isporučiti i montirati.

Građevinski čelik: S235 prema EN 10025
Površina: grundirana i obojana

Boja: sukladno Kauflandovoj paleti boja",630,kg,,,,0,
409.070.00115,,"- čelična konstrukcija, premazana bojom","POZ 404
Nosače od profilnog čelika, u različitim pojedinačnim dužinama i presjecima, položene u ravnini trapeznih limova kao podkonstrukcija ili za vješanje konstrukcija na gradilištu, uklj. gornje ploče, potpornje, prirubnice, bušene rupe, zavarene spojeve, sredstva za pričvršćivanje i spajanje izraditi, isporučiti i montirati.

Građevinski čelik: S235 prema EN 10025
Površina: grundirana i obojana

Boja: sukladno Kauflandovoj paleti boja",705,kg,,,,0,
409.070.00120,,"- čelična konstrukcija, premazana bojom","POZ 405
Nosače od profilnog čelika, u različitim pojedinačnim dužinama i presjecima, položene u ravnini trapeznih limova kao podkonstrukcija ili za vješanje konstrukcija na gradilištu, uklj. gornje ploče, potpornje, prirubnice, bušene rupe, zavarene spojeve, sredstva za pričvršćivanje i spajanje izraditi, isporučiti i montirati.

Građevinski čelik: S235 prema EN 10025
Površina: grundirana i obojana

Boja: sukladno Kauflandovoj paleti boja",1810,kg,,,,0,
409.070.00125,,"- čelična konstrukcija, premazana bojom","POZ 406
Nosače od profilnog čelika, u različitim pojedinačnim dužinama i presjecima, položene u ravnini trapeznih limova kao podkonstrukcija ili za vješanje konstrukcija na gradilištu, uklj. gornje ploče, potpornje, prirubnice, bušene rupe, zavarene spojeve, sredstva za pričvršćivanje i spajanje izraditi, isporučiti i montirati.

Građevinski čelik: S235 prema EN 10025
Površina: grundirana i obojana

Boja: sukladno Kauflandovoj paleti boja",1975,kg,,,,0,
409.070.00130,,"- čelična konstrukcija, premazana bojom","POZ 501, POZ 502, POZ 503
Nosače od profilnog čelika, u različitim pojedinačnim dužinama i presjecima, položene u ravnini trapeznih limova kao podkonstrukcija ili za vješanje konstrukcija na gradilištu, uklj. gornje ploče, potpornje, prirubnice, bušene rupe, zavarene spojeve, sredstva za pričvršćivanje i spajanje izraditi, isporučiti i montirati.

Građevinski čelik: S235 prema EN 10025
Površina: grundirana i obojana

Boja: sukladno Kauflandovoj paleti boja",2815,kg,,,,0,
409.070.00135,,"- čelična konstrukcija, premazana bojom","POZ 504
Nosače od profilnog čelika, u različitim pojedinačnim dužinama i presjecima, položene u ravnini trapeznih limova kao podkonstrukcija ili za vješanje konstrukcija na gradilištu, uklj. gornje ploče, potpornje, prirubnice, bušene rupe, zavarene spojeve, sredstva za pričvršćivanje i spajanje izraditi, isporučiti i montirati.

Građevinski čelik: S235 prema EN 10025
Površina: grundirana i obojana

Boja: sukladno Kauflandovoj paleti boja",750,kg,,,,0,
409.070.00140,,"- čelična konstrukcija, premazana bojom","POZ 505
Nosače od profilnog čelika, u različitim pojedinačnim dužinama i presjecima, položene u ravnini trapeznih limova kao podkonstrukcija ili za vješanje konstrukcija na gradilištu, uklj. gornje ploče, potpornje, prirubnice, bušene rupe, zavarene spojeve, sredstva za pričvršćivanje i spajanje izraditi, isporučiti i montirati.

Građevinski čelik: S235 prema EN 10025
Površina: grundirana i obojana

Boja: sukladno Kauflandovoj paleti boja",1430,kg,,,,0,
409.070.00145,,"- čelična konstrukcija, premazana bojom","POZ 101
Nosače od profilnog čelika, u različitim pojedinačnim dužinama, položene u ravnini fasadnih panela kao podkonstrukcija otvora u fasadi, uklj. gornje ploče, potpornje, prirubnice, bušene rupe, zavarene spojeve, sredstva za pričvršćivanje i spajanje izraditi, isporučiti i montirati.

Građevinski čelik: S235 prema EN 10025
Površina: premazana bojom",150,kg,,,,0,
409.070.00150,,"- čelična konstrukcija, premazana bojom","POZ 102
Nosače od profilnog čelika, u različitim pojedinačnim dužinama, položene u ravnini fasadnih panela kao podkonstrukcija otvora u fasadi, uklj. gornje ploče, potpornje, prirubnice, bušene rupe, zavarene spojeve, sredstva za pričvršćivanje i spajanje izraditi, isporučiti i montirati.

Građevinski čelik: S235 prema EN 10025
Površina: premazana bojom",135,kg,,,,0,
409.070.00155,,"- čelična konstrukcija, premazana bojom","POZ 103
Nosače od profilnog čelika, u različitim pojedinačnim dužinama, položene u ravnini fasadnih panela kao podkonstrukcija otvora u fasadi, uklj. gornje ploče, potpornje, prirubnice, bušene rupe, zavarene spojeve, sredstva za pričvršćivanje i spajanje izraditi, isporučiti i montirati.

Građevinski čelik: S235 prema EN 10025
Površina: premazana bojom",145,kg,,,,0,
409.070.00160,,"- čelična konstrukcija, premazana bojom","POZ 104
Nosače od profilnog čelika, u različitim pojedinačnim dužinama, položene u ravnini fasadnih panela kao podkonstrukcija otvora u fasadi, uklj. gornje ploče, potpornje, prirubnice, bušene rupe, zavarene spojeve, sredstva za pričvršćivanje i spajanje izraditi, isporučiti i montirati.

Građevinski čelik: S235 prema EN 10025
Površina: premazana bojom",145,kg,,,,0,
409.070.00165,,"- čelična konstrukcija, premazana bojom","POZ 105
Nosače od profilnog čelika, u različitim pojedinačnim dužinama, položene u ravnini fasadnih panela kao podkonstrukcija otvora u fasadi, uklj. gornje ploče, potpornje, prirubnice, bušene rupe, zavarene spojeve, sredstva za pričvršćivanje i spajanje izraditi, isporučiti i montirati.

Građevinski čelik: S235 prema EN 10025
Površina: premazana bojom",135,kg,,,,0,
409.070.00170,,"- čelična konstrukcija, premazana bojom","POZ 106
Nosače od profilnog čelika, u različitim pojedinačnim dužinama, položene u ravnini fasadnih panela kao podkonstrukcija otvora u fasadi, uklj. gornje ploče, potpornje, prirubnice, bušene rupe, zavarene spojeve, sredstva za pričvršćivanje i spajanje izraditi, isporučiti i montirati.

Građevinski čelik: S235 prema EN 10025
Površina: premazana bojom",135,kg,,,,0,
409.070.00175,,"- čelična konstrukcija, premazana bojom","POZ 107
Nosače od profilnog čelika, u različitim pojedinačnim dužinama, položene u ravnini fasadnih panela kao podkonstrukcija otvora u fasadi, uklj. gornje ploče, potpornje, prirubnice, bušene rupe, zavarene spojeve, sredstva za pričvršćivanje i spajanje izraditi, isporučiti i montirati.

Građevinski čelik: S235 prema EN 10025
Površina: premazana bojom",140,kg,,,,0,
409.070.00180,,"- čelična konstrukcija, premazana bojom","POZ 108
Nosače od profilnog čelika, u različitim pojedinačnim dužinama, položene u ravnini fasadnih panela kao podkonstrukcija otvora u fasadi, uklj. gornje ploče, potpornje, prirubnice, bušene rupe, zavarene spojeve, sredstva za pričvršćivanje i spajanje izraditi, isporučiti i montirati.

Građevinski čelik: S235 prema EN 10025
Površina: premazana bojom",120,kg,,,,0,
409.070.00185,,"- čelična konstrukcija, premazana bojom","POZ 109
Nosače od profilnog čelika, u različitim pojedinačnim dužinama, položene u ravnini fasadnih panela kao podkonstrukcija otvora u fasadi, uklj. gornje ploče, potpornje, prirubnice, bušene rupe, zavarene spojeve, sredstva za pričvršćivanje i spajanje izraditi, isporučiti i montirati.

Građevinski čelik: S235 prema EN 10025
Površina: premazana bojom",120,kg,,,,0,
409.070.00190,,"- čelična konstrukcija, premazana bojom","POZ 110
Nosače od profilnog čelika, u različitim pojedinačnim dužinama, položene u ravnini fasadnih panela kao podkonstrukcija otvora u fasadi, uklj. gornje ploče, potpornje, prirubnice, bušene rupe, zavarene spojeve, sredstva za pričvršćivanje i spajanje izraditi, isporučiti i montirati.

Građevinski čelik: S235 prema EN 10025
Površina: premazana bojom",110,kg,,,,0,
409.070.00195,,"- čelična konstrukcija, premazana bojom","POZ 111
Nosače od profilnog čelika, u različitim pojedinačnim dužinama, položene u ravnini fasadnih panela kao podkonstrukcija otvora u fasadi, uklj. gornje ploče, potpornje, prirubnice, bušene rupe, zavarene spojeve, sredstva za pričvršćivanje i spajanje izraditi, isporučiti i montirati.

Građevinski čelik: S235 prema EN 10025
Površina: premazana bojom",115,kg,,,,0,
409.070.00200,,"- čelična konstrukcija, premazana bojom","POZ 112
Nosače od profilnog čelika, u različitim pojedinačnim dužinama i presjecima, položene u ravnini fasadnih panela kao podkonstrukcija otvora u fasadi, uklj. gornje ploče, potpornje, prirubnice, bušene rupe, zavarene spojeve, sredstva za pričvršćivanje i spajanje izraditi, isporučiti i montirati.

Građevinski čelik: S235 prema EN 10025
Površina: premazana bojom",170,kg,,,,0,
409.070.00205,,"- čelična konstrukcija, premazana bojom","POZ 113
Nosače od profilnog čelika, u različitim pojedinačnim dužinama, položene u ravnini fasadnih panela kao podkonstrukcija otvora u fasadi, uklj. gornje ploče, potpornje, prirubnice, bušene rupe, zavarene spojeve, sredstva za pričvršćivanje i spajanje izraditi, isporučiti i montirati.

Građevinski čelik: S235 prema EN 10025
Površina: premazana bojom",95,kg,,,,0,
409.070.00210,,"- čelična konstrukcija, premazana bojom","POZ 114
Nosače od profilnog čelika, u različitim pojedinačnim dužinama i presjecima, položene u ravnini fasadnih panela kao podkonstrukcija otvora u fasadi, uklj. gornje ploče, potpornje, prirubnice, bušene rupe, zavarene spojeve, sredstva za pričvršćivanje i spajanje izraditi, isporučiti i montirati.

Građevinski čelik: S235 prema EN 10025
Površina: premazana bojom",530,kg,,,,0,
409.070.00215,,"- čelična konstrukcija, premazana bojom","POZ 115
Nosače od profilnog čelika, u različitim pojedinačnim dužinama, položene u ravnini fasadnih panela kao podkonstrukcija otvora u fasadi, uklj. gornje ploče, potpornje, prirubnice, bušene rupe, zavarene spojeve, sredstva za pričvršćivanje i spajanje izraditi, isporučiti i montirati.

Građevinski čelik: S235 prema EN 10025
Površina: premazana bojom",120,kg,,,,0,
409.070.00220,,"- čelična konstrukcija, premazana bojom","POZ 116
Nosače od profilnog čelika, u različitim pojedinačnim dužinama, položene u ravnini fasadnih panela kao podkonstrukcija otvora u fasadi, uklj. gornje ploče, potpornje, prirubnice, bušene rupe, zavarene spojeve, sredstva za pričvršćivanje i spajanje izraditi, isporučiti i montirati.

Građevinski čelik: S235 prema EN 10025
Površina: premazana bojom",105,kg,,,,0,
409.070.00225,,"- čelična konstrukcija, premazana bojom","POZ 117
Nosače od profilnog čelika, u različitim pojedinačnim dužinama, položene u ravnini fasadnih panela kao podkonstrukcija otvora u fasadi, uklj. gornje ploče, potpornje, prirubnice, bušene rupe, zavarene spojeve, sredstva za pričvršćivanje i spajanje izraditi, isporučiti i montirati.

Građevinski čelik: S235 prema EN 10025
Površina: premazana bojom",65,kg,,,,0,
409.070.00230,,"- čelična konstrukcija, premazana bojom","POZ 118
Nosače od profilnog čelika, u različitim pojedinačnim dužinama, položene u ravnini fasadnih panela kao podkonstrukcija otvora u fasadi, uklj. gornje ploče, potpornje, prirubnice, bušene rupe, zavarene spojeve, sredstva za pričvršćivanje i spajanje izraditi, isporučiti i montirati.

Građevinski čelik: S235 prema EN 10025
Površina: premazana bojom",90,kg,,,,0,
409.070.00231,,"- čelična konstrukcija, premazana bojom","POZ 120
Nosače od profilnog čelika, u različitim pojedinačnim dužinama, položene u ravnini fasadnih panela kao podkonstrukcija otvora u fasadi, uklj. gornje ploče, potpornje, prirubnice, bušene rupe, zavarene spojeve, sredstva za pričvršćivanje i spajanje izraditi, isporučiti i montirati.

Građevinski čelik: S235 prema EN 10025
Površina: premazana bojom",310,kg,,,,0,
409.070.00236,,"- čelična konstrukcija, premazana bojom","POZ 121
Nosače od profilnog čelika, u različitim pojedinačnim dužinama, položene u ravnini fasadnih panela kao podkonstrukcija otvora u fasadi, uklj. gornje ploče, potpornje, prirubnice, bušene rupe, zavarene spojeve, sredstva za pričvršćivanje i spajanje izraditi, isporučiti i montirati.

Građevinski čelik: S235 prema EN 10025
Površina: premazana bojom",150,kg,,,,0,
409.070.00235,,"- čelična konstrukcija, premazana bojom","POZ 122
Nosače od profilnog čelika, u različitim pojedinačnim dužinama, položene u ravnini fasadnih panela kao podkonstrukcija otvora u fasadi, uklj. gornje ploče, potpornje, prirubnice, bušene rupe, zavarene spojeve, sredstva za pričvršćivanje i spajanje izraditi, isporučiti i montirati.

Građevinski čelik: S235 prema EN 10025
Površina: premazana bojom",100,kg,,,,0,
409.070.00240,,"- čelična konstrukcija, premazana bojom","POZ 123
Nosače od profilnog čelika, u različitim pojedinačnim dužinama, položene u ravnini fasadnih panela kao podkonstrukcija otvora u fasadi, uklj. gornje ploče, potpornje, prirubnice, bušene rupe, zavarene spojeve, sredstva za pričvršćivanje i spajanje izraditi, isporučiti i montirati.

Građevinski čelik: S235 prema EN 10025
Površina: premazana bojom",80,kg,,,,0,
409.070.00245,,"- čelična konstrukcija, premazana bojom","POZ 124
Nosače od profilnog čelika, u različitim pojedinačnim dužinama, položene u ravnini fasadnih panela kao podkonstrukcija otvora u fasadi, uklj. gornje ploče, potpornje, prirubnice, bušene rupe, zavarene spojeve, sredstva za pričvršćivanje i spajanje izraditi, isporučiti i montirati.

Građevinski čelik: S235 prema EN 10025
Površina: premazana bojom",230,kg,,,,0,
409.070.00250,,"- čelična konstrukcija, premazana bojom","POZ 125
Nosače od profilnog čelika, u različitim pojedinačnim dužinama, položene u ravnini fasadnih panela kao podkonstrukcija otvora u fasadi, uklj. gornje ploče, potpornje, prirubnice, bušene rupe, zavarene spojeve, sredstva za pričvršćivanje i spajanje izraditi, isporučiti i montirati.

Građevinski čelik: S235 prema EN 10025
Površina: premazana bojom",105,kg,,,,0,
409.070.00255,,"- čelična konstrukcija, premazana bojom","POZ 126
Nosače od profilnog čelika, u različitim pojedinačnim dužinama, položene u ravnini fasadnih panela kao podkonstrukcija otvora u fasadi, uklj. gornje ploče, potpornje, prirubnice, bušene rupe, zavarene spojeve, sredstva za pričvršćivanje i spajanje izraditi, isporučiti i montirati.

Građevinski čelik: S235 prema EN 10025
Površina: premazana bojom",105,kg,,,,0,
409.070.00260,,"- čelična konstrukcija, premazana bojom","POZ 127
Nosače od profilnog čelika, u različitim pojedinačnim dužinama, položene u ravnini fasadnih panela kao podkonstrukcija otvora u fasadi, uklj. gornje ploče, potpornje, prirubnice, bušene rupe, zavarene spojeve, sredstva za pričvršćivanje i spajanje izraditi, isporučiti i montirati.

Građevinski čelik: S235 prema EN 10025
Površina: premazana bojom",125,kg,,,,0,
409.070.00265,,"- čelična konstrukcija, premazana bojom","POZ 128
Nosače od profilnog čelika, u različitim pojedinačnim dužinama i presjecima, položene u ravnini fasadnih panela kao podkonstrukcija otvora u fasadi, uklj. gornje ploče, potpornje, prirubnice, bušene rupe, zavarene spojeve, sredstva za pričvršćivanje i spajanje izraditi, isporučiti i montirati.

Građevinski čelik: S235 prema EN 10025
Površina: premazana bojom",315,kg,,,,0,
409.070.00270,,"- čelična konstrukcija, premazana bojom","POZ 129
Nosače od profilnog čelika, u različitim pojedinačnim dužinama, položene u ravnini fasadnih panela kao podkonstrukcija otvora u fasadi, uklj. gornje ploče, potpornje, prirubnice, bušene rupe, zavarene spojeve, sredstva za pričvršćivanje i spajanje izraditi, isporučiti i montirati.

Građevinski čelik: S235 prema EN 10025
Površina: premazana bojom",90,kg,,,,0,
409.070.00275,,"- čelična konstrukcija, premazana bojom","POZ 130
Nosače od profilnog čelika, u različitim pojedinačnim dužinama i presjecima, položene u ravninigipskartonskog zida kao podkonstrukcija otvora u zidu, uklj. gornje ploče, potpornje, prirubnice, bušene rupe, zavarene spojeve, sredstva za pričvršćivanje i spajanje izraditi, isporučiti i montirati.

Građevinski čelik: S235 prema EN 10025
Površina: premazana bojom",250,kg,,,,0,
409.070.00280,,"- čelična konstrukcija, premazana bojom","POZ 131
Nosače od profilnog čelika, u različitim pojedinačnim dužinama i presjecima, položene u ravninigipskartonskog zida kao podkonstrukcija otvora u zidu, uklj. gornje ploče, potpornje, prirubnice, bušene rupe, zavarene spojeve, sredstva za pričvršćivanje i spajanje izraditi, isporučiti i montirati.

Građevinski čelik: S235 prema EN 10025
Površina: premazana bojom",345,kg,,,,0,
409.070.00285,,"- čelična konstrukcija, premazana bojom","POZ 132
Nosače od profilnog čelika, u različitim pojedinačnim dužinama, položene u ravnini gipskartonskog zida kao podkonstrukcija otvora u zidu, uklj. gornje ploče, potpornje, prirubnice, bušene rupe, zavarene spojeve, sredstva za pričvršćivanje i spajanje izraditi, isporučiti i montirati.

Građevinski čelik: S235 prema EN 10025
Površina: premazana bojom",115,kg,,,,0,
409.070.00290,,"- čelična konstrukcija, premazana bojom","POZ 133
Nosače od profilnog čelika, u različitim pojedinačnim dužinama, položene u ravnini fasadnih panela kao podkonstrukcija otvora u fasadi, uklj. gornje ploče, potpornje, prirubnice, bušene rupe, zavarene spojeve, sredstva za pričvršćivanje i spajanje izraditi, isporučiti i montirati.

Građevinski čelik: S235 prema EN 10025
Površina: premazana bojom",215,kg,,,,0,
409.070.00295,,"- čelična konstrukcija, premazana bojom","POZ 134
Nosače od profilnog čelika, u različitim pojedinačnim dužinama i presjecima, položene u ravnini protupožarnog gipskartonskog zida kao podkonstrukcija otvora, uklj. gornje ploče, potpornje, prirubnice, bušene rupe, zavarene spojeve, sredstva za pričvršćivanje i spajanje izraditi, isporučiti i montirati.
Čelična konstrukcija mora biti zaštićena premazima da zadovolji vatrootpornost 90 minuta.

Građevinski čelik: S235 prema EN 10025
Površina: premazana bojom",225,kg,,,,0,
409.070.00300,,"- čelična konstrukcija, premazana bojom","POZ 135
Nosače od profilnog čelika, u različitim pojedinačnim dužinama i presjecima, položene u ravnini protupožarnog gipskartonskog zida kao podkonstrukcija otvora, uklj. gornje ploče, potpornje, prirubnice, bušene rupe, zavarene spojeve, sredstva za pričvršćivanje i spajanje izraditi, isporučiti i montirati.
Čelična konstrukcija mora biti zaštićena premazima da zadovolji vatrootpornost 90 minuta.

Građevinski čelik: S235 prema EN 10025
Površina: premazana bojom",205,kg,,,,0,
409.070.00305,,"- čelična konstrukcija, premazana bojom","POZ 136
Nosače od profilnog čelika, u različitim pojedinačnim dužinama i presjecima, položene u ravnini protupožarnog gipskartonskog zida kao podkonstrukcija otvora, uklj. gornje ploče, potpornje, prirubnice, bušene rupe, zavarene spojeve, sredstva za pričvršćivanje i spajanje izraditi, isporučiti i montirati.
Čelična konstrukcija mora biti zaštićena premazima da zadovolji vatrootpornost 90 minuta.

Građevinski čelik: S235 prema EN 10025
Površina: premazana bojom",325,kg,,,,0,
409.070.00310,,"- čelična konstrukcija, premazana bojom","POZ 137
Nosače od profilnog čelika, u različitim pojedinačnim dužinama, položene u ravnini fasadnih panela kao podkonstrukcija otvora u fasadi, uklj. gornje ploče, potpornje, prirubnice, bušene rupe, zavarene spojeve, sredstva za pričvršćivanje i spajanje izraditi, isporučiti i montirati.

Građevinski čelik: S235 prema EN 10025
Površina: premazana bojom",165,kg,,,,0,
409.070.00315,,"- čelična konstrukcija, premazana bojom","POZ 138
Nosače od profilnog čelika, u različitim pojedinačnim dužinama i presjecima, položene u ravnini protupožarnog gipskartonskog zida kao podkonstrukcija otvora, uklj. gornje ploče, potpornje, prirubnice, bušene rupe, zavarene spojeve, sredstva za pričvršćivanje i spajanje izraditi, isporučiti i montirati.
Čelična konstrukcija mora biti zaštićena premazima da zadovolji vatrootpornost 90 minuta.

Građevinski čelik: S235 prema EN 10025
Površina: premazana bojom",320,kg,,,,0,
409.070.00320,,"- čelična konstrukcija, premazana bojom","POZ 702
Nosače od profilnog čelika, u različitim pojedinačnim dužinama, položene u ravnini fasadnih panela kao podkonstrukcija otvora u fasadi, uklj. gornje ploče, potpornje, prirubnice, bušene rupe, zavarene spojeve, sredstva za pričvršćivanje i spajanje izraditi, isporučiti i montirati.

Građevinski čelik: S235 prema EN 10025
Površina: premazana bojom",2535,kg,,,,0,
409.070.00325,,"- čelična konstrukcija, premazana bojom","POZ 703
Nosače od profilnog čelika, u različitim pojedinačnim dužinama, položene u ravnini fasadnih panela kao podkonstrukcija otvora u fasadi, uklj. gornje ploče, potpornje, prirubnice, bušene rupe, zavarene spojeve, sredstva za pričvršćivanje i spajanje izraditi, isporučiti i montirati.

Građevinski čelik: S235 prema EN 10025
Površina: premazana bojom",400,kg,,,,0,
409.070.00330,,"- čelična konstrukcija, premazana bojom","POZ 704
Nosače od profilnog čelika, u različitim pojedinačnim dužinama, položene u ravnini fasadnih panela kao podkonstrukcija otvora u fasadi, uklj. gornje ploče, potpornje, prirubnice, bušene rupe, zavarene spojeve, sredstva za pričvršćivanje i spajanje izraditi, isporučiti i montirati.

Građevinski čelik: S235 prema EN 10025
Površina: premazana bojom",200,kg,,,,0,
409.080,,Ostali,,,,,0,,,
410,,Rashladne komore,,,,,0,,,
410.000,,Prethodne napomene,,,,,0,,,
,,ZTV - Dodatni tehnički uvjeti ugovora,"1.) Dodatni ugovoreni tehnički uvjeti dio su troškovnika te u slučaju ugovaranja postaju dio ugovora. Izvođač radova se dakle obavezuje na sve radove i primjene koje proizlaze iz ovih uvjeta te su one uračunate u cijenu, ukoliko nisu zasebno ponuđene.

2.) Cijene stavki se prikazuju kao neto iznos u državnoj valuti. Važeći zakonski propisani porez na dodanu vrijednost obračunava se zasebno.

3.) U slučaju proturječnosti dodatnih ugovorenih tehničkih uvjeta vrijede prvenstveno podaci iz troškovnika. U slučaju proturječnosti između troškovnika i tehničke dokumentacije koja se predaje prilikom natječaja, vrijedi tehnička dokumentacija.

4.) Prije početka davanja ponude, ponuditelj je dužan pažljivo pročitati kompletan tekst općih uvjeta uz troškovnik, općih i posebnih uvjeta uz svaku grupu radova, tekst samog troškovnika i ostale dijelove tehničke dokumentacije. Ako opis bilo koje stavke u troškovniku dovodi do sumnje o načinu izvedbe ili upotrebu gradiva zahtijevane kvalitete, treba prije predaje ponude zatražiti pojašnjenje od ovlaštene osobe Investitora. Naknadno pozivanje na manjkavost ili nepoznavanje projektno-tehničke dokumentacije ili opisa u troškovniku neće se uzeti u obzir, niti smatrati razlogom za produženje roka izvedbe, a niti će se priznati bilo kakva razlika u cijeni s tog naslova.

5.) Tehnička dokumentacija koja se predaje prilikom natječaja informativnog je karaktera, a ponuđač je dužan u svom trošku izvršiti kontrolu projektno tehničke dokumentacije u smislu točnosti, tehničke ispravnosti, izvedivosti i međusobne usklađenosti. Sve eventualne primjedbe ponuditelj/izvoditelj dužan je pravovremeno uz ponudu, a u svakom slučaju prije izvedbe u pisanom obliku dostaviti Nadzoru i Naručitelju

6.) Ponuditelj je dužan provesti i kontrolu lokacije na licu mjesta prije davanja ponude. Jedinične cijene za pojedine vrste radova sadrže i sve one posredne troškove koji nisu iskazani u troškovniku, ali su neminovni za izvršenje radova predviđenih projektom.

7.) Organizacija gradilišta uračunata je u cijenu, ukoliko nije ponuđena kao zasebna stavka.

8.) Dizalice za podizanje, skele, strojevi, alati, pomoćna sredstva i konstrukcije uzeti su u obzir te su uračunati u jediničnu cijenu.

9.) Skele za radove na fasadi i radove na krovu predmet su ovog natječaja. Ponuditelj smije koristiti postojeće skele uz poštivanje sigurnosnih uvjeta i na vlastitu odgovornost. Preinake na skelama nisu dozvoljene te se one moraju predati u ispravnom stanju u kojem su i preuzete.

10.) Kompletnu režiju gradilišta usigurava i rješava ponuditelj/izvođač i i uključena je u jediničnu cijenu.

11.) Ponuditelj je obvezan redovno prikupljati i ,pravilno skladištiti i odvoziti na ovlašteni deponij sve otpadne materijale, ostatke, krhotine, građevinski otpad, ambalaže, obični otpad i slično o vlastitom trošku. Kod odlaganja otpada potrebno je pridržavati se svih javnopravnih uputa i propisa.

12.) Onečišćenja koja uslijed radova nastaju na susjednim terenima, zgradama, putovima, cestama, trgovima i slično, izvođač radova treba svakodnevno čistiti.

13.) Izvođač preuzima odgovornost za osiguravanje, skladištenje i spremanje vlastite građevinske opreme, strojeva, uređaja, alata i slično. Jednako vrijedi i za građevinske materijale, elemente i za ugradnju određenih uređaja i objekata sve do primopredaje obavljenih građevinskih radova.

14.) Prilikom izvođenja radova, izvoditelj treba zaštititi sve susjedne plohe, dijelove konstrukcije i prethodno izvedene radove na prikladan način a u skladu sa pravilima zaštite na radu, tako da ne dođe do oštećenja istih. Troškove zaštite treba izvoditelj ukalkulirati u ponudbenu cijenu izvođenja radova. Ukoliko ipak dođe do oštećenja prethodno izvedenih radova za koje je odgovoran izvoditelj ili njegov kooperant, dužan je iste o svom trošku dovesti u stanje prije oštećenja ili naručiti iste radove kod drugog izvoditelja na svoj teret.

15.) Sve potrebne mjere prema javnopravnim uputama i propisima za sigurnost i zaštitu zdravlja trebaju se uzeti u obzir te ih se treba pridržavati prilikom izvođenja radova.

16.) Prilikom davanja ponude i izvođenja radova treba se uzeti u obzir, uračunati i pridržavati se
- svih državnih i javnopravnih zakona, smjernica i propisa
- svih odgovarajućih tehničkih standarda, pravila i smjernica
- općeprihvaćenih pravila tehnike
- uputa, propisa i napomena proizvođača za ugradnju i obradu
- Kauflandovih građevinskih opisa, ugovorenih uvjeta i ostalih Kauflandovih dokumenata i planova.

17.) Stavke troškovnika obuhvačaju konačno dovršenje radova definiranih po količini i kvaliteti, onosno podrazumijevaju se kao gotove, potpune i funkcionirajuće, uklj. sve potrebne male dijelove i sredstva za pričvršćivanje, pomoćne materijale i sredstva, podkonstrukcije itd., kao i sve dodatne i posebne usluge - čak i kada one nisu detaljno opisane.

18.) Ako su treće stranke uključene u izvođenje predradnji, izvođač radova ih treba provjeravati. U slučaju nepravilnosti ili prigovora pravovremeno treba informirati naručitelja, tako da može tehnički i organizacijski dovršiti poslove.

19.) Obavezno se treba pridržavati svih Kauflandovih proizvodnih uputa, osim ako postoje opravdani razlozi za odstupanje (npr. dostupnost). U tom slučaju izvođač treba ponuditi istovjetni proizvod ili sustav te potvrditi istovjetnost. O njoj odlučuje naručitelj.

20.) Sustavi se izvode isključivo pomoću komponenata koje su predviđene od strane proizvođača sustava.

21.) Svi materijali, građevinski elementi i uređaji koji neposredno utječu na izgled i funkcionalnost prije ugradnje se trebaju provjeriti. Ugrađuju se tek nakon što naručitelj ili ovlaštena osoba odobri ugradnju na gradilištu. O vrsti i obliku uzorka odlučuje naručitelj.

22.) Ako nije drukčije propisano, izmjene postojećih projektnih rješenja od strane ponuditelja/izvođača a koje utječu na mehaničku stabilnost, ponuditelj/izvođač je dužan u svom trošku ishoditi sve suglasnosti, dozvole i sl.
Projekt izvedenog stanja ukalkulirati u jedničnu cijenu te dostaviti Kauflandu u pisanom i digitalnom obliku.

23.) Svi radovi na objektu te primjenjeni sistemi gradnje moraju biti izvedeni prema pravilu struke, odnosnu u granicama dopuštenih tolerancija.

24.) Ukoliko je ugovoreni termin izvršenja objekta uključen i zimski odnosno ljetni period, to se neće posebno izvođaču priznavati na ime naknade za rad pri niskoj temperaturi, zaštita konstrukcija od hladnoće i vrućine, te atmosferskih nepogoda, sve mora biti uključeno u jediničnu cijenu. Za vrijeme zime objekat se mora zaštititi. Svi eventualni smrznuti dijelovi moraju se ukloniti i izvesti ponovo bez bilo kakve naplate. Ukoliko je temperatura niža od temperature pri kojoj je dozvoljen dotični rad, a Investitor ipak traži da se radi, Izvođač si ima pravo zaračunati naknadu po normi 6,006 ali u tom slučaju Izvođač snosi punu odgovornost za ispravnost i kvalitetu rada. To isto vrijedi i za zaštitu radova tokom ljeta od prebrzog sušenja uslijed visoke temperature.

25.) U jediničnu cijenu rada izvođač treba obuhvatiti i slijedeće radove, koji se neće zasebno platiti kao naknadni rad, čak i ako nisu izričito navedenei u troškovniku:
- sve vrste transporta građevinskih materijala, elemenata, uređaja, objekata itd. do mjesta ugradnje
- potrebne i uobičajene pripreme i predobrade tla
- sve vrste bušenja, zavarivanja, lijepljenja, malih dijelova, sredstava za pričvršćivanje, međupoložaja, izolacije, brtvljenja, folija, spojeva itd. koje su potrebne za priključak, montažu i pričvršćivanje građevinskih dijelova i elemenata
- stručna priprema i priključak na sve okolne dijelove, ugradbene i nadgradne elemente i propuste
- sve izrade kutova, spojnih površina i elemenata, završnih elemenata, slobodnih krajeva itd.
- sve podloge za montažu, priključak i pričvršćivanje kao što su beton, zidani elementi, čelik, aluminij, limovi, gips karton, itd.
- potrebne spojne, kose i okrugle rezove te ostatke rezanja
- Izrada otvora i proreza za instalacije i ugradbene elemente drugih izvođača
- interno povezivanje kablovima i priključak objekata, dovod prema električnim trošilima na gradilištu od strane elektro izvođača
Napomena: Oblaganje špalete vrata limom razvijene širine 25 cm uključeno u cijenu stavke i obračunava se zasebnom stavkom.",,,,,,,
,,Ograničenje usluga za hladnjače,"U sljedećim pozicijama potrebno je uzeti u obzir i uračunati sljedeće usluge, čak i ako nisu izričito navedene:
- obojane limove i pravokutne dijelove za priključke, krajeve i prijelaze
- eventualna oštećenja na površini i / ili slojevima pravilno ukloniti
- Zatvaranje otvora i proreza nakon dovršene instalacije i uzimajući u obzir građevinske zahtjeve
- izradu građevinskih elemenata za zatvaranje prostorija, zidnih priključaka, stropova, podova i svih proboja nepropusnih za difuziju vodene pare
- potrebne podkonstrukcije i pojačanja
- Izolaciju sprinklerskih vodova do najmanje 20 cm iznad stropa
- izradu elemenata za izjednačavanje ekspanzija, savijanje rubova, itd.
- Prihvat građevinskih fuga
- trajno elastične brtve na svim spojnim fugama prema graničnim elementima, uklj. ispunu fuga
- Uklanjanje limenih obloga kod priključka u izolacijskoj ravnini
- sve potrebne znakove i oznake",,,,,,,
410.010,,Vrata,,,,,0,,,
410.010.00100,,"x..IT20..x - Klizna hladionička vrata s električnom automatikom, nehrđajući čelik, dimenzije [1,33/2,36] m","POZ B18
Klizna hladfionička vrata bez praga i bez brave, uklj. sve okove, brtve, opreme, dodatke, itd., izraditi, isporučiti i montirati.

Dimenzije širine/visine: [1,33/2,36] m
Izvedba: Klizna vrata, 1-krilna
Okvir: od nehrđajućeg čelika
Krilo vrata: od nehrđajućeg lima, minimalne debljine 0,8 mm, površina kružno matirano, debljine [120] mm, sa zamjenjivim brtvama otpornim na hladnoću od veoma elastične gume, s naljepljicom za upozorenje
Okovi: Okovi za kliznu šinu i transportnim valjcima, s mehanizmom spuštanja za brtvljenje vrata, s finim podešavanjem za namještanje krila
Ostalo: Okvir vrata odnosno grijanje za krila vrata, s minimalnom snagom od 18 W/m
Automatika:
• Automatika naprijed, montirana na stranu zatvaranja
• Električna automatika s ručnim gumbom
• Ručni gumb izvana: montiran pored vrata na strani zatvaranja
• Otvaranje vrata iznutra, u hladnjači: po izboru putem ručnog gumba, montiranog na strani zatvaranja ili putem povlačne
sklopke
• Električni priključak 230V / 50Hz - osigurač 16 ampera, vrsta spoja S1c (neprekidna struja + smanjenje opterećenja NEA)
• Osiguravanje otvaranja vrata preko svjetlosne rešetke
• Postavka „vremena otvaranja“ vrata: Početak zatvaranja vrata 7 sekundi posle potpunog otvaranja vrata
• Referenca proizvoda električne automatike: Cool it, Commander tip C1

Dobava i postava gumene zaštite za klizna vrata rashladnih prostorija. Gumena obloga s izbočinama - čvrsto prianjajuće zalijepljeno
• Dunloplan format N, boja stjenovita siva, debljina 2,7 mm, FN 962 ili
• Norament 926 - boja 0716",1,kom,,,,0,
410.010.00105,,"x..IT20..x - Klizna hladionička vrata s električnom automatikom, nehrđajući čelik, dimenzije [1,33/2,36] m","U svemu kao stavka 410.010.00100 samo:

POZ B19
Krilo vrata: debljine [80] mm

Dobava i postava gumene zaštite za klizna vrata rashladnih prostorija. Gumena obloga s izbočinama - čvrsto prianjajuće zalijepljeno
• Dunloplan format N, boja stjenovita siva, debljina 2,7 mm, FN 962 ili
• Norament 926 - boja 0716",1,kom,,,,0,
410.010.00110,,"x..IT20..x - Klizna hladionička vrata s ručnim otvaranjem, nehrđajući čelik, dimenzije [1,40/2,30] m","POZ B20
Klizna hladfionička vrata bez praga i bez brave, uklj. sve okove, brtve, opreme, dodatke, itd., izraditi, isporučiti i montirati.

Dimenzije širine/visine: [1,40/2,30] m
Izvedba: Klizna vrata, 1-krilna
Okvir: od nehrđajućeg čelika
Krilo vrata: od nehrđajućeg lima, minimalne debljine 0,8 mm, površina kružno matirano, debljine [120] mm, sa zamjenjivim brtvama otpornim na hladnoću od veoma elastične gume, s naljepljicom za upozorenje
Okovi: Okovi za kliznu šinu i transportnim valjcima, s mehanizmom spuštanja za brtvljenje vrata, s finim podešavanjem za namještanje krila
Aktivacija: velike vanjske i unutarnje poluge od nehrđajućeg čelika
Ostalo: Okvir vrata odnosno grijanje za krila vrata, s minimalnom snagom od 18 W/m

Dobava i postava gumene zaštite za klizna vrata rashladnih prostorija. Gumena obloga s izbočinama - čvrsto prianjajuće zalijepljeno
• Dunloplan format N, boja stjenovita siva, debljina 2,7 mm, FN 962 ili
• Norament 926 - boja 0716",1,kom,,,,0,
410.010.00115,,"x..IT22.1..x - mimokretna vrata, PE, dimenzije 1,40 / 2,30m","POZ B20
Mimokretna vrata s okvirom i krilima vrata, otporna na temperature od -30°C do +60°C, uklj. sve brtve, okove, opreme, dodatke, itd., izraditi, isporučiti i montirati.

Dimenzije širine/visine: ca. 1,40/2,30 m
Izvedba: Mimokretna vrata, 2-krilna
Krilo vrata: Mimokretne ploče od polietilena, debljine ca. 15 mm, bijele, otporne na udarce i lomljenje, s prozorom od prozirne plastike, sa zaštitom protiv nagnječenja prstiju
Okovi: šarke od nehrđajućeg čelika sa samostalnim zatvaranjem",1,kom,,,,0,
410.010.00120,,"x..IT23..x - mimokretna vrata, nehrđujući čelik dimenzija [1,01/2,105] m","POZ B24
Mimokretna vrata s okvirom i krilima vrata, s prozorčićem visine/širine 60/60cm , uklj. okovi, opreme, dodatke, itd., izraditi, isporučiti i montirati.

Dimenzije širine/visine: ca. 1,01/2,105 m
Izvedba: Mimokretna vrata, 1-krilna
Okvir: obloga dovratnika vrata od nehrđajućeg čelika
Krilo vrata: od nehrđajućeg lima, minimalne debljine 0,8 mm, kružno matirano. Krilo vrata sa širokom gumenom brtvom, kao zaštita od nagnječenja
Prozor: bridovi prozorčića zaobljeni, višeslojno sigurnosno staklo od 8 mm. Izrada zaštite od pogleda lijepljenjem mliječne folije tip Oracal 8510-90 srebrne boje fina izvedba. Foliju mora postaviti proizvođač vrata u tvornici na stranu vrata okrenutu od prodajnog prostora (strana hodnika ili skladišta) bez šupljina, mjehurića zraka u skladu s uputama proizvođača.U sredini prozora 2 trake prozirnog stakla, širina trake 5 cm, razmak između traka 5 cm.
Zaštita od udaraca:
boja crna ili RAL7024
sa strane prodajnog prostora od portilena/izolena crne boje, debljine 10 mm, visina oko 350 mm,vidljivi rubovi nakošeni
sa strane hodnika od portilena/izolena 200/10 mm, vidljivi rubovi nakošeni.",1,kom,,,,0,
410.010.00125,,"x..IT24..x - zaokretna hladionička vrata, nehrđajući čelik,  dimenzija [1,33/2,36] m","POZ F9 i F10
Zaokretna vrata hladnjače s okvirom i krilima vrata, s iskoristivom temperaturom do +0°C, bez praga i bez brave, uklj. sve okove, brtve, opreme, dodatke, itd., izraditi, isporučiti i montirati.

Građevinske dimenzije širine/visine: [1,33/2,36] m
Izvedba: Zaokretna vrata, 1-krilna
Okvir: obloga dovratnika vrata od nehrđajućeg čelika uključivo i toplinsku izolaciju preko cijelog dovratnika
Krilo vrata: od nehrđajućeg lima, minimalne debljine 0,8 mm, kružno matirano, debljine krila 80 mm, sa zamjenjivim brtvama otpornim na hladnoću od veoma elastične gume
Okovi: Okovi za okretna vrata od nehrđajućeg čelika
Aktivacija: velike vanjske i unutarnje poluge od nehrđajućeg čelika
Gornji zatvarač vrata: za vrata hladnjače, sa sustavom za automatsko zatvaranje u slučaju nužde, otvoreno stanje podesivo do 150°
Zaštita od udaraca:
boja crna ili RAL7024
obostrana zaštita od udaraca od portilena/isolena, 200-250/10 mm, s nakošenim vidljivim rubovima
Zaštita od požara: EI90 C",2,kom,,,,0,
410.010.00130,,"x..IT24.1..x - zaokretna hladionička vrata, nehrđajući čelik, dimenzija [1,13/2,16] m","POZ B25 i B26
Zaokretna vrata hladnjače s okvirom i krilima vrata, s iskoristivom temperaturom do +0°C, bez praga i bez brave, uklj. sve okove, brtve, opreme, dodatke, itd., izraditi, isporučiti i montirati.

Građevinske dimenzije širine/visine: [1,13/2,16] m
Izvedba: Zaokretna vrata, 1-krilna
Okvir: obloga dovratnika vrata od nehrđajućeg čelika uključivo i toplinsku izolaciju preko cijelog dovratnika
Krilo vrata: od nehrđajućeg lima, minimalne debljine 0,8 mm, kružno matirano, debljine krila 80 mm, sa zamjenjivim brtvama otpornim na hladnoću od veoma elastične gume
Okovi: Okovi za okretna vrata od nehrđajućeg čelika
Aktivacija: velike vanjske i unutarnje poluge od nehrđajućeg čelika
Zaštita od udaraca:
boja crna ili RAL7024
jednostrana zaštita od udaraca od portilena/isolena, crna, 350/10 mm, s nakošenim vidljivim rubovima, jednostrana zaštita od udaraca od portilena/isolena, 200/10 mm",2,kom,,,,0,
410.020,,Komore 0°C do +4°C,,,,,0,,,
410.020.00100,,x..FB8..x - podna konstrukcija,"Dobava i postava slojeva poda u komorama sa temperaturom do 0°C, bez estriha i pločica, uklj. priključke i krajeve. Sve izvesti do gotove funkcionalnosti.
Slojevi poda:

Visina konstrukcije: ca. 26 cm
Iskoristivi teret: 30 kN/m2, opterećenja uslijed kotača ručnog i električnog viličara ukupne težine od 4,5 t
Parne brane: Plastična folija, debljine 0,35 mm, s jednostranim slojem od aluminijske folije, debljine 0,1 mm, po cijelom opsegu oblijepljena rubnim kutovima
Toplinska izolacija: Ploče od EPS tvrde pjene (ekspandirani polistirol) prema DIN EN 13163, tlačno opterećenje 200 kPa, toplinska vodljivost 0,035 W/mK, debljine 140 mm (2x70mm)
Brtveni sustav: hladna samoljepljiva brtvena traka od bitumena, rubove saviti prema gore
Razdjeljnog sloja: Folija od polietilena, rubove saviti prema gore
Završna ploča: Beton C 25/30 prema DIN EN 206, konstrukcijski pojačana sa armaturnom mrežom, površina poravnata i zaglađena, debljine 12 cm",91.6,m2,,,,0,
410.020.00105,,"x..WB11..x - zidna obloga, sendvič ploče [100] mm","Dobava i postava zidnih sendvič panela s poliuretanskom jezgrom, debljine [100] mm, s toplinskom vodljivosti 0,024 W/mK od pocinčanih i premazanih čeličnih limova različitih pojedinačnih dimenzija. Izvesti sve do gotove funkcionalnosti.

Visina zida: 2,91 m
Boja: RAL 9001
Spojne fuge: zatvoriti trajnoelastičnim materijalom (između letvica i panela te na spoju zida sa stropom i podom)
Postava panela na podni U profil.",185,m2,,,,0,
410.020.00110,,"x..DE4..x - Spušteni stropovi, sendvič ploče [100] mm","Dobava i postava stropnih sendvič panela s poliuretanskom jezgrom, debljine [100] mm, s toplinskom vodljivosti 0,024 W/mK od pocinčanih i premazanih čeličnih limova različitih pojedinačnih dimenzija. Izvedba stropa tako da je dostupan osobi s alatom težine oko 100 kg – potrebno je izvesti dodatni sigurnosni ovjes stropa.Izvesti sve do gotove funkcionalnosti.

Visina postave stropa: 2,60 m
Boja: RAL 9001
Spojne fuge: zatvoriti trajnoelastičnim materijalom",50,m2,,,,0,
410.020.00115,,"- kutne letvice L 50x50x0,6mm, spoj zid-strop sa unutarnje strane","Isporučiti i montirati kutne letvice od profila 90˚ od pocinčanog lima 0,6mm i bojanog u RAL prema boji panela. Letvice presjeka L za vanjski i unutarnji spoj zid-strop. U cijenu uključena izrada, doprema na gradilište te kompletna ugradnja.

L 50x50x0,6mm
spoj zid-strop sa unutarnje strane",67,m,,,,0,
410.020.00120,,"- kutne letvice L 150x50x0,6mm, spoj zid-strop sa vanjske strane","Isporučiti i montirati kutne letvice od profila 90˚ od pocinčanog lima 0,6mm i bojanog u RAL prema boji panela. Letvice presjeka L za vanjski i unutarnji spoj zid-strop. U cijenu uključena izrada, doprema na gradilište te kompletna ugradnja.

L 150x50x0,6mm
spoj zid-strop sa vanjske strane",57,m,,,,0,
410.020.00125,,"- kutne letvice L 80x0,6mm , spoj zid-strop sa vanjske stranee","Isporučiti i montirati kutne letvice od profila 90˚ od pocinčanog lima 0,6mm i bojanog u RAL prema boji panela. Letvice presjeka L za vanjski i unutarnji spoj zid-strop. U cijenu uključena izrada, doprema na gradilište te kompletna ugradnja.

L 80x0,6mm
spoj zid-strop sa vanjske strane",57,m,,,,0,
410.020.00130,,"- kutne letvice L 50x50x0,6mm, unutarnji kutevi","Isporučiti i položiti kutne letvice visine cca 2,78m od poluokruglog profila sa mekanim krajevima RAL 9010 bijela. Letvice presjeka 50/50/0,6mm za unutarnji spoj zid-zid. U cijenu uključena izrada, doprema na gradilište te kompletna ugradnja.",39.5,m,,,,0,
410.030,,Komora duboko smrzavanje,,,,,0,,,
410.030.00100,,x..FB9..x - podna konstrukcija,"Dobava i postava slojeva poda u komorama sa temperaturom do -24°C, bez estriha i pločica, uklj. priključke i krajeve. Sve izvesti do gotove funkcionalnosti.
Slojevi poda:

Visina konstrukcije: ca. 36 cm
Iskoristivi teret: 30 kN/m2, opterećenja uslijed kotača ručnog i električnog viličara ukupne težine od 4,5 t
Parne brane: Plastična folija, debljine 0,35 mm, s jednostranim slojem od aluminijske folije, debljine 0,1 mm, po cijelom opsegu oblijepljena rubnim kutovima
Zaštita od smrzavanja tla: električno grijanje po cijeloj površini, sa snagom grijanja 16 W/m2, sa senzorom temperature
Toplinska izolacija: Ploče od EPS tvrde pjene (ekspandirani polistirol) prema DIN EN 13163, tlačno opterećenje 200 kPa, toplinska vodljivost 0,035 W/mK, debljine 24 cm (12+12cm)
Brtveni sustav: hladna samoljepljiva brtvena traka od bitumena, rubove saviti prema gore
Razdjeljni sloj: Folija od polietilena, rubove saviti prema gore
Završna ploča: Beton C 25/30 prema DIN EN 206, konstrukcijski pojačana sa armaturnom mrežom, površina poravnata i zaglađena, debljine 15 cm, s obuhvatnim grijanjem 0,4 mm u području vrata",65.7,m2,,,,0,
410.030.00105,,"x..WB11..x - zidna obloga, sendvič ploče [140] mm","Dobava i postava zidnih sendvič panela s poliuretanskom jezgrom, debljine [140] mm, s toplinskom vodljivosti 0,024 W/mK od pocinčanih i premazanih čeličnih limova različitih pojedinačnih dimenzija. Izvesti sve do gotove funkcionalnosti.

Visina zida: 3,01 m
Boja: RAL 9001
Spojne fuge: zatvoriti trajnoelastičnim materijalom (između letvica i panela te na spoju zida sa stropom i podom)
Postava panela na podni U profil.",120.5,m2,,,,0,
410.030.00110,,"x..DE4..x - Spušteni stropovi, sendvič ploče [140] mm","Dobava i postava stropnih sendvič panela s poliuretanskom jezgrom, debljine [140] mm, s toplinskom vodljivosti 0,024 W/mK od pocinčanih i premazanih čeličnih limova različitih pojedinačnih dimenzija. Izvedba stropa tako da je dostupan osobi s alatom težine oko 100 kg – potrebno je izvesti dodatni sigurnosni ovjes stropa.Izvesti sve do gotove funkcionalnosti.

Visina postave stropa: 2,60 m
Boja: RAL 9001
Spojne fuge: zatvoriti trajnoelastičnim materijalom",120,m2,,,,0,
410.030.00115,,x... M23 - sustav alarma za nuždu,"Sustav za hitne pozive u komori za duboko smrzavanje prema DIN EN 378, uklj. interno povezivanje kablovima, na sljedeći način isporučiti, montirati, priključiti i pustiti u rad:

- Centrala za hitne pozive s mrežnom komponentom i ugrađenom baterijom, s vrstom zaštite IP54, lokalnom optičkom i akustičkom dojavom, sa spajanjem na MSR preko bespotencijalnog kontakta, s visinom montaže 1,80 m iznad gotovog poda
- Gljiva prekidač s resetiranjem na licu mjesta i rasvjetom, IP65, visina prekidača ca. 0,50 m iznad gotovog poda

Zadani proizvod: vidi u Kauflandovoj listi proizvoda",1,kom,,,,0,
410.030.00120,,"x... M23 - Hitni alarmni sustav, doplata za dodatni bespotencijalni kontakt","Doplata za gore Navedeni sustav za hitne pozive, za dodatni bespotencijalni kontakt.",1,kom,,,,0,
410.030.00125,,"- kutne letvice L 50x50x0,6mm, spoj zid-strop sa unutarnje strane","Isporučiti i montirati kutne letvice od profila 90˚ od pocinčanog lima 0,6mm i bojanog u RAL prema boji panela. Letvice presjeka L za vanjski i unutarnji spoj zid-strop. U cijenu uključena izrada, doprema na gradilište te kompletna ugradnja.

L 50x50x0,6mm
spoj zid-strop sa unutarnje strane",39,m,,,,0,
410.030.00130,,"- kutne letvice L 50x50x0,6mm, spoj zid-strop sa unutarnje strane","Isporučiti i montirati kutne letvice od profila 90˚ od pocinčanog lima 0,6mm i bojanog u RAL prema boji panela. Letvice presjeka L za vanjski i unutarnji spoj zid-strop. U cijenu uključena izrada, doprema na gradilište te kompletna ugradnja.

L 200x50x0,6mm
spoj zid-strop sa vanjske strane ( - komora)",40,m,,,,0,
410.030.00135,,"- kutne letvice L 50x50x0,6mm, unutarnji kutevi","Isporučiti i položiti kutne letvice visine cca 2,78m od poluokruglog profila sa mekanim krajevima RAL 9010 bijela. Letvice presjeka 50/50/0,6mm za unutarnji spoj zid-zid. U cijenu uključena izrada, doprema na gradilište te kompletna ugradnja.",22.5,m,,,,0,
410.040,,Pekarska hladnjača,,,,,0,,,
410.050,,Zaštita od udara,,,,,0,,,
410.050.00100,,"x..RS14..x - baza za zaštitu od udara, od masivne mješavine poliestera i kvarca","Zaštita od udara
Izvedba 1:
Podnožje za zaštitu od udara od predgotovljenih elemenata, od masivne mješavine poliestera i kvarca sa oplatom od poliestera otpornom na grebanje, boja slična RAL 9001, Cremeweiß. Širina/visina 100/400 mm, gornji rub 45°, koso do 300 mm iznad gotovog poda, sustav POLYSTO, IP40.

Vodonepropusno lijepljenje podnožnih elemenata za pod i zid pomoću specijalnog Hart-Fix ljepila; izolacija na podnim i zidnim priključcima trajno elastičnom masom za fugiranje.",50,m,,,,0,
410.060,,Ostali,,,,,0,,,
410.060.00100,,- ventil za izjednačavanje tlaka za prostoriju dubokog zamrzavanja,"Ventil za izjednačenje tlaka za prostoriju dubokog zamrzavanja: plastična uložna cijev, 100 mm promjer i.L. (u svjetlom) – zračne zaklopke na unutrašnjoj strani prostorije, koje se griju grijanjem s prstenastim manžetama. Na vanjsku stranu prostorije treba staviti rešetku s prorezima za prozračivanje. Montaža pored vratiju.
U stavku uključeno spajanje grijača i svih ostalih elemenata na energetsku mrežu kako bi se osigurala potpuna funkcionialnost (uključeno u cijenu).",7,kom,,,,0,
500,,Tehnička građevinska oprema (TGA),,,,,0,,,
501,,Tehnologija grijanja / hlađenja,,,,,0,,,
501.000,,ZTV,,,,,0,,,
501.020,,Obrada i priprema rashlednog/ogrijevnog medija,,,,,0,,,
501.030,,Cjevovodi (grijanje) i pribor,,,,,0,,,
501.040,,Cjevovodi (hlađenje) i pribor,,,,,0,,,
501.050,,"Pumpe, oprema i pribor",,,,,0,,,
501.060,,Radijatori,,,,,0,,,
501.070,,Površinsko grijanje,,,,,0,,,
501.080,,Izolacija (grijanje),,,,,0,,,
501.090,,Izolacija (hlađenje),,,,,0,,,
501.100,,Zračne zavjese,,,,,0,,,
501.110,,Građevinski radovi (proboj zida / bušenje jezgre),,,,,0,,,
501.120,,Druge usluge,,,,,0,,,
501.130,,Prijem / puštanje u rad,,,,,0,,,
501.140,,održavanje,,,,,0,,,
502,,Ventilacijski sustavi,,,,,0,,,
502.000,,ZTV,,,,,0,,,
502.020,,Središnji ventilacijski uređaj,,,,,0,,,
502.030,,Sustav ventilacije  za koncesionare,,,,,0,,,
502.040,,Ispušni ventilatori,,,,,0,,,
502.050,,Sustav ventilacije za trgovinu,,,,,0,,,
502.060,,Izolacija,,,,,0,,,
502.070,,Split klimatizacijski sustavi,,,,,0,,,
502.080,,Odvođenje dima / protupožarna ventilacija,,,,,0,,,
502.090,,Građevinski radovi (proboj zida / bušenje jezgre),,,,,0,,,
502.100,,Druge usluge,,,,,0,,,
502.110,,Prijem / puštanje u rad,,,,,0,,,
502.120,,održavanje,,,,,0,,,
503,,"Plin, radovi na instalaciji vode, cijevi",,,,,0,,,
503.000,,ZTV,,,,,0,,,
,,Dodatni tehnički uvjeti ugovora,"Dodatni ugovoreni tehnički uvjeti

1. OPĆENITE NAPOMENE

1.1.
Ove napomene spadaju pod DODATNE UGOVORENE
TEHNIČKE UVJETE.
Kao takve one su dio
opisa usluga te postaju važan dio
ugovora.

1.2.
Sljedeće definicije usluga određuju
ugovorene usluge izvođača.

1.3.
Ponuđač potvrđuje da su navedene stope plaća
utvrđene prema cjenovnim i zakonskim propisima
te da uključuju sva uobičajena
svojstva proračuna. Cijene vrijede
tijekom cijelog trajanja izvođenja radova. Sve navedene cijene su neto cijene. Važeći
porez na dodanu vrijednost se dodaje
naknadno.

1.4.
U slučaju proturječnosti dodatnih ugovorenih tehničkih uvjeta
vrijede prvenstveno podaci
iz popisa usluga.
U slučaju proturječnosti između popisa usluga i
crteža za izvođenje određenih radova
vrijede odgovarajući crteži odnosno planovi;
prava koja iz toga proizlaze za izvođača radova time se
ne ograničavaju.

1.5.
Izvedbeni dokumenti koje koristi izvođač radova
moraju nositi oznaku odobrenja od strane naručitelja ili
njegovog arhitekta, kako bi se izbjegli
nesporazumi kod izvođenja radova. Dokumenti koji nisu
odobreni ne smiju se ni koristiti. Međutim,
time se izvođač radova ne oslobađa obveze
vlastite provjere i napomene. Ona
i dalje vrijedi.

1.6.
Popunjavanje radnih prostora i zakopavanje materijala
nije dozvoljeno na gradilištu.

Odlaganje otpada, lomljenog materijala i
građevinskog otpada podrazumijeva korištenje u skladu
propisa odnosno potrebnih mjera
sakupljanja, transporta, obrade i skladištenja
u skladu s propisima i službenim
uputama.

2. POSEBNE NAPOMENE

2.1.
Osnova natječaja je
DIN 18299 - Općenite regulacije za građevinske radove svake
vrste
DIN 18381 - Sustavi za plin, vodu i odvodnju
unutar zgrada

2.2.
Izvođač radova preuzima odgovornost za potpunost
ponuđenih usluga, to znači da se usluge
i sporedne usluge odgovarajuće pozicije
trebaju uračunati, čak i ako nisu
izričito navedene u popisu usluga.

2.3.
Ponuditelj se prije izdavanja
ponude obvezuje da će se detaljno informirati o građevinskim zadaćama
koje treba izvesti, ukoliko su povezane s ponuđenim i planiranim
uslugama, tako da na temelju popisa
usluga nema nikakvih nejasnoća kod
obračuna. Naknadne reklamacije
koje proizlaze iz nepoznavanja planske dokumentacije
neće se uvažavati.
Samostalne izmjene u popisu usluga nisu dozvoljene.

2.4.
Naručitelj nije dužan ustupiti prostorije za boravak ili
sporedne prostorije. Troškovi za ove stavke trebaju se uračunati u
jedinične cijene ponude. Skele i
ostala pomoćna sredstva trebaju se uračunati u skladu s propisima
strukovnih udruga u jedinične cijene
ponude.

2.5.
Uređivanje gradilišta izvodi
se nakon obavještavanja
i u dogovoru s voditeljima gradilišta. Pri tome
izvođač radova preuzima isključivu odgovornost
za sigurno skladištenje i spremanje svojih
strojeva, uređaja, pomoćnih sredstava itd. te
svih materijala koji su predviđeni za ugradnju ili su već ugrađeni, građevinskih elemenata
itd. sve do primopredaje sveobuhvatnih građevinskih usluga, čak
i ako su već prije ugradnje predani
naručitelju.

2.6. Izvedba
Radne skele potrebne za izvođenje vlastitih usluga
trebaju se uračunati u jedinične cijene.

3. SPOREDNE USLUGE

Sve jedinične cijene podrazumijevaju isporuku
i obradu svih potrebnih materijala i sporednih
usluga, sredstva za pričvršćivanje,
transport i uređaje te troškove za:
- potrošnju struje, toplinske energije i vode,
struju obračunatu od strane naručitelja
- troškove za vlastito uređenje
gradilišta
- sigurno skladištenje materijala
- dostatne mjere protiv onečišćenja i
oštećenja
- osiguravanje usluga
- odlaganje građevinskog otpada
- osiguravanje zgrade tijekom radova
- zaštitu građevinskih i objektnih dijelova i njihovih pristupa
od oštećenja
- sigurnosne i mjere za potpornje
- isporuku i postavljanje odnosno montažu

3.1.
Pozicije koje su navedene u sljedećem popisu
usluga sadrže sve usluge
obavljenih radova koji su potrebni za pravilno
ispunjenje ugovornih obveza.

4. OBRAČUN
Usluge se općenito obračunavaju
prema planu otplate koji se dogovara s na naručiteljem.
Djelomične otplate se dogovaraju
prema napretku radova i
planu otplate.

5. OSTALO
Planovi i u njima navedeni objekti koji se izdaju prilikom
natječaja
služe za informaciju.
Ta dokumentacija ponuditelja ne
oslobađa od obveze za vlastitim pribavljanjem svih
potrebnih informacija za određivanje cijene detaljnim pregledavanjem
planskih dokumenata.",,,,,,,
,,"Prilikom izvršavanja sustava, zahtjevi","Prilikom izvođenja objekata treba uzeti u obzir sve zahtjeve
koje su navedene u aktualnoj KaBa-i i njenim dodacima
.

Osim toga treba voditi računa da razina buke
u večernjim i noćnim satima ne premašuje
zakonski propisane vrijednosti.

Ove usluge se ne obračunavaju zasebno već se trebaju
uračunati u jedinične cijene.

Za tehničko ispitivanje funkcionalnosti od strane naručitelja
treba osigurati sudjelovanje odgovarajućeg stručnog
osoblja. Prilikom te provjere ispituju se svi objekti koji
se odnose na pojedine odjeljke kao i opće funkcionalnosti
i upravljanja te se dokumentiraju
putem protokola. Takve provjere i
eventualna naknadna ispitivanja do potpunog uklanjanja svih nedostataka
su dio narudžbe i ne
naplaćuju se posebno.

Svi opisani proizvođači i proizvodi
odabiru se prema referentnoj listi proizvoda iz aktualne KaBa-e
te se kao takvi trebaju uzeti u obzir u obračunu.",,,,,,,
503.020,,Sanitarije,,,,,0,,,
503.020.00100,,- Umivaonik u  sanitarijama za kupce,"SWT1- nabava doprema i montaža umivaonika
- Umivaonik od sanitarnog porculana, pravokutni oblik, širina 60 cm, dubina 47 cm, boja bijela, s rupom za slavinu
- i s preljevom, donja strana izbrušena
- polustup umivaonika kao poklopac odvoda, prikladno za navedeni umivaonik, boja bijela,
- s prikladnim pričvrsnim setom
- stabilan element za montažu kao predzidni element za montažu navedenog umivaonika
- beskontaktna elektronička armatura s podžbuknim mrežnim uređajem 230 V, ugradbena kutija i
- i okvir za pločice, za hladnu i toplu vodu, vrijeme tečenja 7 sekundi, s miješalicom na armaturi
- perlator zaštićen od krađe
- odvodni ventil s poklopcem
- poklopac za sprječavanje neugodnih mirisa iz cijevi, od mjeda, kromirani
- kutni ventili s filtrom za prljavštinu
- kristalno ogledalo 60 x 60 cm, sa skrivenim držačem ogledala,
• Za svako mjesto pranja po 1 sušilo ruku i 2 dozatora sapuna
• Priprema tople vode preko malog el. bojelra od 10 litara, ugrađenog u međustrop sa šuko utikačem od 230 V, WC-područja treba osmisliti racionalno.",4,kom.,,,,0,
503.020.00105,,- Ploča stola za prematanje,"SWT1.4- ploča stola za prematanje
ploča stola za prematanje od 12 mm HPL ploče (na primjer Fundermax interior FH) Bijela boja. Obrub prema naprijed i bočno
100 mm. Viseće zidno pričvršćenje konzolama od plemenitog čelika.
Bočni i stražnji spoj ploče stola za prematanje sa zidom brtvljenjem s uskom, elastičnom fugom od sanitarnog silikona.
Gornji rub: 850 mm iznad poda, dubina 730mm, dužina prema planu, boja: bijela.
Prag podloga za prematanje, visina 80 mm / dužina 630 mm, prednji rub zaobljen. Prag podloga za prematanje treba se
usmjeriti po sredini na ploči stola za prematanje i fiksirati u ravnini s prednjim rubom.",1,kom.,,,,0,
503.020.00110,,- Umivaonik za osobe sa posebnim potrebama,"SWT2- nabava doprema i montaža invalidskog umivaonika
• Umivaonik za invalide, širina 60 cm, bijele boje, sa stabilnim stajaćim montažnim elementima. Visina montaže: Gornji rub
75 cm iznad gotovog poda
• Elektronička armatura umivaonika, za toplu i hladnu vodu radarska elektronika s podžbuknim mrežnim dijelom 230 V s ugradbenim ormarićem i okvirom od pločica
• perlator zaštićen od krađe
• odvodni ventil s poklopcem
• Sifon za ugradnju u zid
• Ploča za odlaganje stvari
• Kristalno ogledalo, nagib podesiv pomoću okretne ručice i sajle Visina montaže: Donji rub 135 cm iznad gotovog poda
• Ispusni ventil: s prozračivačem, nepovratnom zaklopkom i vijčanim spojem crijeva DN 15 - ½“ u kromiranoj izvedbi (SAV2)
• Priprema tople vode preko malog el. kotla od 5 litara, ugrađenog u međustrop sa šuko utikačem od 230 V
Obračun po komadu kompletno ugrađenog i u rad puštenog umivaonika.",1,kom.,,,,0,
503.020.00115,,- Umivaonik u  sanitarijama lokala,"SWT4- nabava doprema i montaža umivaonika
• umivaonik, 60 cm, bijele boje sa stabilnim stajaćim montažnim elementima
• niskotlačna armatura umivaonika s jednom ručicom
• perlator zaštićen od krađe
• odvodni ventil s poklopcem
• sifon za sprečavanje prodora neugodnog mirisa iz cijevi s produženom cijevi
• kutni ventil s filtrom za prljavštinu
• kristalno ogledalo 60 x 40
• držač ogledala
• priprema vode s pomoću malog el. bojlera 10l, uređaj za ugradnju ispod stola sa šuko utikačem 230V
Obračun po komadu kompletno ugrađenog i u rad puštenog umivaonika.",2,kom.,,,,0,
503.020.00120,,- Umivaonik u prodajnom prostoru,"SWT8- nabava doprema i montaža umivaonika
Umivaonik s pultom (broj prema planu uređenja), koji se vodi preko sepratora za masti, sadrži sljedeće dijelove:
• umivaonik od oplemenjenog čelika 55 cm,
• beskontaktna slavina na mjestu pranja DN 15 bez kontakta, 230 V s oplatom od plemenitog čelika, izljev, miješalica,
izvedba ispod žbuke (UP)
• odvodni ventil
• poklopac za sprječavanje neugodnih mirisa iz cijevi, kromirani.
Obračun po komadu kompletno ugrađenog i u rad puštenog umivaonika.",4,kom.,,,,0,
503.020.00125,,- Umivaonik za osoblje u području uslužnih vitrina,"SWT9 - nabava doprema i montaža umivaonika
• umivaonik, 60 cm, bijele boje sa stabilnim stajaćim montažnim elementima
• radarska elektronička armatura za umivaonik u obliku stola s miješanjem
• dio strujne mreže za zidnu ugradnju s ugradbenim ormarom i okvirima za ploèice
• perlator zaštićen od krađe
• odvodni ventil
• sifon za sprečavanje prodora neugodnog mirisa iz cijevi
• kutni ventil s filtrom za prljavštinu
• 1 x kristalno ogledalo 60x40, držač ogledala
• ispušni ventil: s ventilatorom, protustrujnom zaklopkom i cijevnim priključkom DN 15-1/2” u kromiranoj izvedbi (SAV1)
Obračun po komadu kompletno ugrađenog i u rad puštenog umivaonika.",2,kom.,,,,0,
503.020.00130,,- Umivaonik za osoblje u području pekarne,"SWT13 - nabava doprema i montaža umivaonika
Zagrijavanje vode preko SHW4. Umivaonik / sudoper i slavine dostavlja tvrtka, ali treba ih montirati tako da budu spremne
za uporabu. Dovod za hladnu vodu ½“, dovod za toplu vodu ½”, materijal plemeniti čelik V2A. Kanalizacijski priključak za
kombinirani umivaonik DN 50. Obračun po komadu kompletno ugrađenog i u rad puštenog umivaonika.",1,kom.,,,,0,
503.020.00135,,Kutni ventil kao kombinirani kutni ventil DN 10,"Kutni ventil kao kombinirani kutni ventil DN 10 G 3/8 AG s brtvenim priključnim navojem,
s komfornom ručkom i komorom za mazivo u gornjem dijelu, s ventilom za priključak uređaja s nepovratnim zatvaračem (NZ, EN 1717: EG) i vijčanim spojem za crijevo, s čvrstim konusnim kompresijskim vijčanim spojem od mjedi, s izjednačavanjem dužine, s dugom bazom i okvirom d = 54 mm, od mjedi, kromirani, s DVGW oznakom isporučiti i montirati.",28,St,,,,0,
503.020.00140,,Ventil za regulaciju kuta DN 15 s DRV,"Kutni regulacijski ventil
kao DIN kutni regulacijski ventil s dvostrukim nepovratnim zatvaračem
Dimenzije: DN 15 G 1/2 AG x DN 10 G 3/8 AG
Površina: kromirana
Referentni proizvod: SCHELL / Br. artikla 052760699
ili istovjetni proizvod,
ponuđeni proizvod/tip:
.......................................................
........................
(ispunjava ponuđač)

Opseg isporuke:
- brtveni priključni navoj (ASAG easy)
- komforna ručka
- duga baza, okvir, promjera 54 mm
- čvrsti konusni kompresijski vijčani spoj od mjedi
s izjednačavanjem dužine
- dvostruki nepovratni zatvarač

Područje uporabe/tehnički podaci:
- sigurna uporaba sukladno EN 1717
- za armature s ručnom glavom na izvlačenje
- razred protočnosti A

Materijal: Mjed u skladu s odredbom o pitkoj vodi
S oznakom: DIN-DVGW certifikat, P-IX 212/IA,
isporučiti i montirati.",7,St,,,,0,
503.020.00145,,Okretno ogledalo 600 x 540 mm,"Okretno ogledalo
kao pravokutno kristalno ogledalo s brušenim rubovima i ugrađenom zaštitnom folijom,
s podesivim nagibom, za zidnu montažu, pravokutno 600 x 540 mm
Element za držanje i ručica od sjajnog poliamida
Boja: bijela
s konopom za okretanje za postavljanje na zid.
Referentni proizvod: HEWI / Br. 801.01.100
ili istovjetni proizvod,
ponuđeni proizvod/tip:
.......................................................
........................
(ispunjava ponuđač)
isporučiti i montirati.",1,St,,,,0,
503.020.00150,,- WC školjka u  sanitarijama za kupce,"SWC1- nabava doprema i montaža WC-a
- zidna WC školjka s dubinskim ispiranjem, bijela, odvod vodoravan, Visina montaže: gornji rub 43 cm iznad gotovog
poda
- stabilni stajaći montažni element s odvodnim koljenom za WC
- vodokotlić podžbukni 6-9 litara
- pokrovna ploča s tipkama za ispuštanje vode, s dvije količine, bijele boje
- WC daska bez poklopca, zaštićena od razbijanja, Duroplast, s protuprovalnim specijalnim zglobovima od nehrđajućeg
čelika
- WC garnitura za četke zaštićena od krađe, pričvršćena na zid
Obračun po komadu kompletno ugrađenog i u rad puštenog WC-a.",3,kom.,,,,0,
503.020.00155,,- WC školjka u  sanitarijama za osobe sa posebnim potrebama,"SWC2- nabava doprema i montaža invalidskog WC-a
- zidna WC školjka s dubinskim ispiranjem, bijela, odvod vodoravan, Visina montaže uklj. sjedalo za zahod: gornji rub
46-48 cm iznad gotovog poda
- stabilni stajaći montažni element s odvodnim koljenom za WC
- vodokotlić podžbukni 6-9 litara
- poklopac s tipkom za puštanje vode - zaustavljanje istjecanja vode, bijele boje
- 2 preklopna rukohvata s oblogom za ruke i držačem papira i daljinsko aktiviranje (prema DIN 18040)m, visina
montaže: gornji rub preklopnog rukohvata s oblogom 85 cm iznad gotovog poda.
- WC daska bez poklopca, fleksibilna, sigurna od loma
- WC garnitura za četke zaštićena od krađe, pričvršćena na zid, Duroplast, s protuprovalnim specijalnim zglobovima od
nehrđajućeg čelika
- poziv u pomoć kao pritisni gumb ili potezno uže, priključeno na središnji sustav dojave ploča za dojavu i opsluživanje
Obračun po komadu kompletno ugrađenog i u rad puštenog WC-a.",1,kom.,,,,0,
503.020.00160,,- WC školjka u  sanitarijama za osoblje,"SWC3- nabava doprema i montaža WC-a
- zidna WC školjka s dubinskim ispiranjem, bijela, odvod vodoravan, Visina montaže: gornji rub 43 cm iznad gotovog
poda
- stabilni stajaći montažni element s odvodnim koljenom za WC
- vodokotlić podžbukni 6-9 litara
- pokrovna ploča s tipkama za ispiranje s dvije količine vode, bijele boje
- WC daska bez poklopca, zaštićena od razbijanja, Duroplast, s protuprovalnim specijalnim zglobovima od
nehrđajućeg čelika
- WC garnitura za četke zaštićena od krađe, pričvršćena na zid
- WC držač za toaletni papir, osiguran od krađe
- držač rezervnog papira
- kuka na zidu
Obračun po komadu kompletno ugrađenog i u rad puštenog WC-a.",6,kom.,,,,0,
503.020.00165,,Montažni element za WT 130 cm,"Montažni element za umivaonik, 112 cm,
za suhogradnju, za armaturu s jednim otvorom
Karakteristike:
- Razmak kod pričvršćivanja umivaonika 538 cm
- Pričvršćivanje priključnog luka visinski podesivo i sa zvučnom izolacijom
- Traverza armature visinski i dubinski podesiva
Tehnički podaci
- Širina (cm): 50 cm
- Visina (cm): 112 cm
- Dubina (cm): 7,5 cm
dodatni opseg isporuke
- 2 priključna kuta Rp 1/2"" / R 1/2"",
- 2 umetka za zvučnu izolaciju,
- 2 izolacijske čahure,
- Priključni luk od PE-HD, promjera 50 mm,
- Brtva promjera 44 / 32 mm,
- 2 navojne šipke M10,
- Materijal za pričvršćivanje
Referentni proizvod: Geberit / Duofix
Br. artikla: 111.430.00.1
ili istovjetni proizvod,
ponuđeni proizvod/tip:
.......................................................
.......................
(ispunjava ponuđač)",10,St,,,,0,
503.020.00170,,"Montažni element za WT 112 cm, BF","Montažni element za umivaonik, 130 cm,
za suhogradnju, za nadžbuknu armaturu
Karakteristike
- Razmak kod pričvršćivanja umivaonika 538 cm
- Pričvršćivanje priključnog luka visinski
podesivo i sa zvučnom izolacijom
- Traverza armature visinski i dubinski podesiva
Tehnički podaci
- Širina (cm): 50 cm
- Visina (cm): 130 cm
- Dubina (cm): 7,5 cm
dodatni opseg isporuke
- 2 priključna kuta Rp 1/2"" / R 1/2"",
- 2 umetka za zvučnu izolaciju,
- 2 izolacijske čahure,
- Priključni luk od PE-HD, promjera 50 mm,
- Brtva promjera 44 / 32 mm,
- 2 navojne šipke M10,
- Materijal za pričvršćivanje,
Referentni proizvod: Geberit / Duofix
Br. artikla: 111.437.00.1
ili istovjetni proizvod,
ponuđeni proizvod/tip:
.......................................................
.......................
(ispunjava ponuđač)",6,St,,,,0,
503.020.00175,,"Montažni element za umivaonik 112 cm,","Montažni element za umivaonik, 112 cm,
za suhogradnju za standardnu armaturu s podžbuknim sifonom za umivaonike prilagođene osobama s invaliditetom, bez barijera
Karakteristike
- Razmak kod pričvršćivanja umivaonika 538 cm
- Podžbukni sifon s optimalnim
strujanjem i dobrim mogućnostima samočišćenja
- Visinski podesivi podžbukni sifon
- Pričvršćivanje priključnog luka visinski
podesivo i sa zvučnom izolacijom
- Traverza armature visinski i dubinski podesiva
Tehnički podaci
- Širina (cm): 50 cm
- Visina (cm): 112 cm
- Dubina (cm): 7 cm
dodatni opseg isporuke
- 2 priključna kuta Rp 1/2"" / R 1/2"",
- 2 umetka za zvučnu izolaciju
- 2 izolacijske čahure
- Građevinska zaštita
- 2 navojne šipke M10
- Materijal za pričvršćivanje
uklj. završni set za podžbukni sifon,
od plastike, sjajno kromiran.
Referentni proizvod: Geberit / Duofix
Br. artikla: 111.480.00.1 i 115.416.21.1
ili istovjetni proizvod,
ponuđeni proizvod/tip:
.......................................................
.......................
(ispunjava ponuđač)",1,St,,,,0,
503.020.00180,,Montažni element za držače i hvataljke 112 cm,"Montažni element za drške i ručke 112 cm
bez barijera, za suhogradnju,
Tehnički podaci
- Širina (cm): 36,5 cm
- Visina (cm): 112 cm
- Dubina (cm): 4 cm
dodatni opseg isporuke
- Materijal za pričvršćivanje
Referentni proizvod: Geberit / Duofix
Br. artikla: 111.790.00.1
ili istovjetni proizvod,
ponuđeni proizvod/tip:
.......................................................
.......................
(ispunjava ponuđač)",1,St,,,,0,
503.020.00185,,Montažni element za AGB sa zidnom montažom,"Montažni element za izljevno korito
s nadžbuknom zidnom armaturom, 130 cm za suhogradnju,
Pričvršćivanje priključnog luka visinski podesivo i sa zvučnom izolacijom
Traverza armature visinski i dubinski podesiva
Tehnički podaci
- Širina (cm): 50 cm
- Visina (cm): 130 cm
- Dubina (cm): 8,3 cm
dodatni opseg isporuke
- 2 priključna kuta Rp 1/2"" / R 1/2"",
- 2 umetka za zvučnu izolaciju
- 2 izolacijske čahure
- Priključni luk od PE-HD, promjera 50 / 63 mm
- Brtva promjera 57 / 50 mm
- Brtva promjera 57 / 40 mm
- Materijal za pričvršćivanje
Referentni proizvod: Geberit / Duofix
Br. artikla: 111.450.00.1
ili istovjetni proizvod,
ponuđeni proizvod/tip:
.......................................................
.......................
(ispunjava ponuđač)",3,St,,,,0,
503.020.00190,,"Nosač, izbočina 850 mm","Pomoćna ručka
kao stabilna, jednoručna drška, sa sigurnim prihvatom bez klizanja, s ergonomičnim i obrađenim dijelom za prihvat, s mogućnosti blagog pomicanja prema gore i dolje
Dubina 850 mm, širina 140 mm,
Zidna ploča visine 218 mm,
Dužina ručke naknadno podesiva 800 - 900 mm,
s prekrivenim materijalom za pričvršćivanje bez korozije, od aluminija
Boja: bijela
s kromiranim dizajn elementima,
s ručkom obloženom visokokvalitetnim PUR-om
s CE oznakom prema smjernici 93/42/EWG
opteretivost do 100 kg
Referentni proizvod: HEWI / 802.50.W0185
ili istovjetni proizvod,
ponuđeni proizvod/tip:
.......................................................
.......................
(ispunjava ponuđač)",1,St,,,,0,
503.020.00195,,Nadogradite držač papira u kompletu,"Dodatni set za držač papira
kao držač rola za dodatno opremanje prethodno navedene pomoćne ručke 802.50.W0185, s kočnicom, širina 33 mm, visina 145 mm, dubina 117 mm, od aluminija,
Boja: bijela
Referentni proizvod: HEWI / 802.50.W010
ili istovjetni proizvod,
ponuđeni proizvod/tip:
.......................................................
.......................
(ispunjava ponuđač)",10,St,,,,0,
503.020.00200,,Držač četke za WC,"Garnitura četke za zahod
Zamjenjiva ručka četke,
Posuda četke s udubljenim podom u obliku sfere, djelomično otvorenim gornjim dijelom s prstenastim držačem, s okretnim gornjim dijelom, spremnik zaštićen od krađe prekrivenim vijčanim spojevima,
širina 141 mm, visina 470 mm, dubina 140 mm od sjajnog poliamida,
Boja: bijela
Referentni proizvod: HEWI / 477.20.100
ili istovjetni proizvod,
ponuđeni proizvod/tip:
.......................................................
.......................
(ispunjava ponuđač)",10,St,,,,0,
503.020.00205,,Držač toaletne role,"Držač za papir
s prekrivenim vijčanim spojem na držaču za papir za zaštitu od krađe,
Širina: 160 mm,
Visina: 120 m,
promjer šipke 20 mm
uključujući ključ za otključavanje zaštitu protiv krađe, od sjajnog poliamida
Boja: bijela
Referentni proizvod: HEWI / 477.21.150
ili istovjetni proizvod,
ponuđeni proizvod/tip:
.......................................................
.......................
(ispunjava ponuđač)",10,St,,,,0,
503.020.00210,,Rezervni držač papira,"Držač rezervnog papira
kao cilindrični držač s okruglim okvirom, s prekrivenim vijčanim spojem za zaštitu od krađe,
Dužina 120 mm,
Promjer 33 mm,
Okvir promjera 70 mm
od sjajnog poliamida
Boja: bijela
Referentni proizvod: HEWI / 477.21.200
ili istovjetni proizvod,
ponuđeni proizvod/tip:
.......................................................
.......................
(ispunjava ponuđač)",10,St,,,,0,
503.020.00215,,Zidna kuka,"Kukica za zid
kao pravokutna savijena, cilindrična kukica, s okvirom za pričvršćivanje i štitnikom za vrata, s prekrivenim vijčanim spojem za zaštitu od krađe, dubine 105 mm, s promjerom okvira od 70 mm, od sjajnog poliamida,
Boja: bijela
Referentni proizvod: HEWI / 477.90.035
ili istovjetni proizvod,
ponuđeni proizvod/tip:
.......................................................
.......................
(ispunjava ponuđač)",10,St,,,,0,
503.020.00220,,- Pisoar za sanitarije kupaca,"SUR1 - nabava doprema i montaža pisoara
- pisoar, samousisavajući, bijele boje, dovod i odvod zakriveni
- montažni element za pisoar odgovara za niže navedeni vodokotlić za pisoar
- elektronsko upravljanje pisoara za zidnu montažu, prekriven, kao upravljanje pomoću senzora, sa podesivom podžbuknom elektronikom i magnetnim ventilom, sa podesivim vremenom ispiranja i zaštitom od preliva, kontrola razine punjenja i podžbukni mrežni uređaj.
- od 2 pisoara jedan pored drugog plastičnog pregradni zidovi bijele boje u potrebnoj količini. Pričvršćivanje pokriveno od sanitarne keramike sukladno popisu proizvoda.
Obračun po komadu kompletno ugrađenog i u rad puštenog pisoara.",2,kom.,,,,0,
503.020.00225,,"Sudoper čelik, emajliran na zid","Izljevno korito,
Proizvođač /Tip 'ALAPE/AG.Stahlform 505',
od čelika, emajlirano, bijele boje,
Dimenzije širine/dubine:
ca. 55 x 33 cm
postavljeno na zid, s poluvisokom poleđinom, s podebljanim rubom i zaštitom za rubove, s preklopnom rešetkom. Za pričvršćivanje vijcima. Izljevni ventil za hladnu vodu, s odzračnikom, nepovratnim zatvaračem i priključkom za crijevo DN 15, kromiran.
Sifon s priborom uključujući sifon DIN EN 274 za izljevno korito, kompl. odvodna garnitura,
2 x DN 50, s brtvenim rubom od plastike, otporan na vruću vodu, S priključnim lukom.",1,St,,,,0,
503.020.00230,,"Elektr. Slavine miješalice. Za WB SWT8, SWT9, SWT13.2","Miješalica u standardnoj izvedbi s jednim otvorom za umivaonike, sa senzorom za detekciju približavanja, od mjedi, kromirana, uključujući mrežni element za montažu u zid, s kutijom za montažu, uključujući perlator zaštićen od krađe.
električni priključak: 230 V, 50 Hz, 6 V
Radni napon: 6 V

uključujući transformator, osigurače, zaštitu od
prskanja. Mrežni element se treba vodonepropusno ugraditi ispod odgovarajućeg
umivaonika u ugradbenu kutiju
za pločice. Uključujući ugradbenu kutiju,
s okvirom od pločica.

Proizvod/tip: MEPA / Saniline Dolphin
Br. artikla: 718602 i br. artikla. 718645
ili istovjetni proizvod,
ponuđeni proizvod/tip:
.......................................................
.......................
(ispunjava ponuđač)",6,St,,,,0,
503.020.00235,,"Jednoručna baterija za sudoper, DN 15","Jednoručna miješalica s jednim otvorom za sudopere, DN 15
za otvorene bojlere,
Proizvođač / tip HANSA / Hansamix br. 112 1183
ili istovjetni proizvod,
ponuđeni proizvod/tip:
.......................................................
.......................
(ispunjava ponuđač)

S oznakom:
od mjedi, kromirani, zvučna svojstva prema DIN EN 200 s okretnom cijevnom slavinom i perlatorom, s otvorom za spremanje lanca, lancem i čepom, uključujući perlator zaštićen od krađe za niskotlačne armature.",2,St,,,,0,
503.020.00240,,"Jednoručna baterija za umivaonik, DN 15","Jednoručna miješalica s jednim otvorom za umivaonike, DN 15 za otvorene iz bojlere,
Proizvođač / tip HANSA / Hansamix br. 0113 1183
ili istovjetni proizvod,
ponuđeni proizvod/tip:
.......................................................
.......................
(ispunjava ponuđač)

S oznakom:
od mjedi, kromirani,
Zvučna svojstva prema DIN EN 200
s nepomičnom slavinom,
s perlatorom, zaštićen od krađe M24 x 1.AG
(Br. artikla 59905721)
s upravljačkom ručicom
Dubina do 141 mm.",7,St,,,,0,
503.020.00245,,- Električni bojler 10 litara,"Dobava i montaža električnog bojlera kao tip Simens ili AEG za pripremu tople vode sa ventilima i svom sigurnosno-spojnom armaturom. Podešavanje temperature bez stupnjevanja do 85 ºC, ugrađen kombinirani regulator-limitator. Montaža iznad spuštenih stropova ili niskomontažni na zid. Obračun po komadu kompletno ugrađenog i u rad puštenog bojlera
EGV10 lit 2kW; 230V",2,kom.,,,,0,
503.020.00250,,- Električni bojler 30 litara,"Dobava i montaža električnog bojlera kao tip Simens ili AEG za pripremu tople vode sa ventilima i svom sigurnosno-spojnom armaturom. Podešavanje temperature bez stupnjevanja do 85 ºC, ugrađen kombinirani regulator-limitator. Montaža iznad spuštenih stropova ili niskomontažni na zid. Obračun po komadu kompletno ugrađenog i u rad puštenog bojlera
EGV30 lit 2kW; 230V",2,kom.,,,,0,
503.020.00255,,- Električni bojler 100 litara,"Dobava i montaža električnog bojlera kao tip Simens ili AEG za pripremu tople vode sa ventilima i svom sigurnosno-spojnom armaturom. Podešavanje temperature bez stupnjevanja do 85 ºC, ugrađen kombinirani regulator-limitator. Montaža iznad spuštenih stropova ili niskomontažni na zid. Obračun po komadu kompletno ugrađenog i u rad puštenog bojlera.
EGV100 lit; 2kW; 230V - horizontalna izvedba",1,kom.,,,,0,
503.020.00260,,Priključak dvostrukog sudopera od nehrđajućeg čelika isporučen na licu mjesta,"Priključak isporučenog sudopera od nehrđajućeg čelika,
s izljevnim koritom, ručnom glavom i armaturom, na mrežu hladne, tople i otpadne vode,
uklj. sve potrebne materijale.
Za područje pripreme svježe robe/ribe, pekarnice",1,St,,,,0,
503.020.00265,,Priključak sudopera od nehrđajućeg čelika isporučen na licu mjesta,"Priključak isporučenog sudopera od nehrđajućeg čelika,
i perilice posuđa na mrežu hladne, tople i otpadne vode, uklj. sve potrebne materijale.
Prostor za osoblje",1,St,,,,0,
503.020.00270,,Spajanje automata na području osoblja,Priključak automata za piće u području za osoblje (Kaufland) i u trgovačkom centru (ulazni prostor) na mrežu hladne vode uključujući sve potrebne materijale.,1,St,,,,0,
503.020.00275,,Priključak na pećnicu u samoposlužnoj pekarnici,Priključak pećnice u samoposlužnoj pekarnici na mrežu hladne vode uključujući sve potrebne materijale.,3,St,,,,0,
503.020.00280,,Fugiranje,"Punjenje fuga s trajno elastičnom ispunom od silikona, bijele odnosno sive boje,
između sanitarnih elemenata i zida.",32,St,,,,0,
503.020.00285,,- Limena vindabona,"SAG1 - nabava doprema i montaža slivnika (limena vindabona)
• slivnik sa stražnjom stijenkom
• čelični lim bijele boje 55 cm
• garnitura odvoda sa sifonom za sprečavanje prodora neugodnog mirisa
• perlator zaštićen od krađe
• preklopna rešetka
• sifon
• ispušni ventil za hladnu vodu s ventilatorom, protustrujnom zaklopkom i priključkom za cijev DN 15 – ½ u kromiranoj izvedbi (SAV1)
Obračun po komadu kompletno ugrađenog i u rad puštenog slivnika (limena vindabona)",2,kom.,,,,0,
503.020.00290,,- Limena vindabona,"SAG2 - nabava doprema i montaža slivnika (limena vindabona)
• slivnik sa stražnjom stjenkom, čelični lim bijele boje, 55 cm
• garnitura odvoda sa sifonom za sprečavanje prodora neugodnog mirisa i priključak za perilicu
• zidna baterija ½” s okretnim ispustom, čvrsto pričvršćen, hladna i topla voda
• perlator zaštićen od krađe
• preklopna rešetka
• sifon
• ispušni ventil za hladnu vodu: s ventilatorom, protustrujnom zaklopkom i priključkom za cijev DN 15 – ½“ ukromiranoj
izvedbi (SAV1)
• ispušni ventil za hladnu vodu: s ventilatorom, protustrujnom zaklopkom i priključkom za cijev, DN 20 – ¾“ u kromiranoj
izvedbi, uz konstrukciju iznad slivnika. Dovod DN 20 (kod podžbuknih instalacija, kao ventil u zidnu bateriju može se
integrirati odvodni ventil)
• priprema tople vode za prostorije za strojeve za čišćenje: priključiti na uređaj za pripremu tople vode (SHW2) - ukoliko
se SHW2 ne nalazi u prostoriji sa strojevima za čišćenje, tada odvojeni bojler za toplu vodu 30 litara
Obračun po komadu kompletno ugrađenog i u rad slivnika (limena vindabona)",2,kom.,,,,0,
503.020.00295,,- Limena vindabona,"SAG2.1 - nabava doprema i montaža slivnika (limena vindabona)
• slivnik sa stražnjom stjenkom, čelični lim bijele boje, 55 cm
• s preklopnom rešetkom
• ispusna garnitura sa zatvaračem za sprječavanje širenja neugodnih mirisa (sifon od plastike)
• dvoručna zidna miješalica ½“, nadžbuka, sa zakretnim ispustom, čvrsto priključena, hladna i topla voda
• perlator zaštićen od krađe
• Priprema tople vode spremnik tople vode kao otvoreni uređaj za gornju montažu, 10 litara
Obračun po komadu kompletno ugrađenog i u rad puštenog slivnika (limena vindabona).",1,kom.,,,,0,
503.020.00300,,- Ispusni ventil,"SAV1 - nabava doprema i montaža ispusnog ventila (holedner slavina)
Ispusni ventil s ventilatorom, protustrujna zaklopka i navrtanj za crijevo, nazivni promjer 15 u kromiranoj izvedbi. Obračun po komadu kompletno montiranog ispusnog ventila.",10,kom.,,,,0,
503.020.00305,,- Ispusni ventil,"SAV4 - Priključak vode za uređaj za čišćenje
Ispusni ventil za hladnu vodu s ventilatorom, protustrujnom zaklopkom, navrtnjem za crijevo DN20-3/4 cola, kromirana izvedba
Visina otpr. 1,80 m iznad poda
Uređaji za čišćenje ""ECOLAB Topmaster"" ili ""TANA-Chemie"" smiju se koristiti samo s hladnom vodom.",1,kom.,,,,0,
503.020.00310,,- Priljučak za hladnu vodu,"SWA1-Priključak vode za piće i priključak odvoda kanalizacije. Postaviti u kut stražnjeg zida koncensionarske površine, ne na bočne
zidove. Cjevovod vode za piće završava 15 cm iznad spuštenog stropa, s armaturom za zatvaranje i brojačem potrošnje vode
kao M-Bus brojač, propisno plombiran, baždaren i označen brojem. Odvod kanalizacije nazivnog promjera 100 mm mora se
postaviti direktno iznad gotovog poda. Dodatni cjevovodi su u nadležnosti najmoprimca.",3,kom.,,,,0,
503.020.00315,,- Priljučak za hladnu vodu,"SWA5.1. - Priključak za vodu za piće: vod za hladnu vodu ispod žbuke ½“,za automat za vruće napitke s kutnim ventilom vanjski navoj3/8“. Položaj prema podacima dobavljača automata za vruće napitke.
Obračun po komadu kompletno montiranog ispusnog ventila.",1,kom.,,,,0,
503.020.00320,,- Priključci za pećnicu,"Izvedba:
Priključci za pećnice:
- Dovodna voda sa 3x ispusnim ventilom sa smanjenim tlakom, maks. 3 bara, ¾'' regulator tlaka u području pećnice (dobava i montaža).
Visina iznad gotovog poda cca. 70 cm. Dovodne cijevi vode za pećnice (nadolaze odozgo) moraju se moći
pojedinačno blokirati.
- Priključak za odovd: cjevovod od plastičnih cijevi otpornih na visoke temperature (HT-cijev) DN50 za odvod
kondenzirane vode iz pećnica i ventilacijske haube.Na stražnjoj strani peći sa slobodnim izlazom preko podnog odvoda (SBE3).",3,kom.,,,,0,
503.030,,Mreža za opskrbu pitkom vodom,,,,,0,,,
503.030.00110,,Plastična cijev 16 x 2.2,"Cjevovodi od stabilnih sivih
PE-Xc/Al/PE-Xc spojnih cijevi s više slojeva, za instalacije pitke vode prema DIN 1988 / EN 806, otporni na difuziju, kompresijski spoj od crvenog lijeva ili silicijske bronce kao sustav s optimiranim gubicima tlaka, bez O-prstena, s ispitanom sigurnošću i certifikatom, s lijevanim potpornjem i predmontiranom čahurom od nehrđajućeg čelika, nerazdvojnom, s certifikatom o ispitivanju, uklj. oblikovane i spojne elemente i brtveni materijal, uklj. pričvršćenja za cijevi, s izolacijom protiv vibracija u tijelu, s prikladnim tiplama koje su odobrene od strane građevinskog nadzora.

Vanjski promjer x debljina zida: 16 x 2,2 mm
isporučiti i montirati.",190,m,,,,0,
503.030.00115,,"Plastični cjevovod 20 x 2,8","Cjevovodi od stabilnih sivih
PE-Xc/Al/PE-Xc spojnih cijevi s više slojeva, za instalacije pitke vode prema DIN 1988 / EN 806, otporni na difuziju, kompresijski spoj od crvenog lijeva ili silicijske bronce kao sustav s optimiranim gubicima tlaka, bez O-prstena, s ispitanom sigurnošću i certifikatom, s lijevanim potpornjem i predmontiranom čahurom od nehrđajućeg čelika, nerazdvojnom, s certifikatom o ispitivanju, uklj. oblikovane i spojne elemente i brtveni materijal, uklj. pričvršćenja za cijevi, s izolacijom protiv vibracija u tijelu, s prikladnim tiplama koje su odobrene od strane građevinskog nadzora.

Vanjski promjer x debljina zida: 20 x 2,8 mm
isporučiti i montirati.",260,m,,,,0,
503.030.00120,,"Plastični cjevovod 25 x 2,7","Cjevovodi od stabilnih sivih
PE-Xc/Al/PE-Xc spojnih cijevi s više slojeva, za instalacije pitke vode prema DIN 1988 / EN 806, otporni na difuziju, kompresijski spoj od crvenog lijeva ili silicijske bronce kao sustav s optimiranim gubicima tlaka, bez O-prstena, s ispitanom sigurnošću i certifikatom, s lijevanim potpornjem i predmontiranom čahurom od nehrđajućeg čelika, nerazdvojnom, s certifikatom o ispitivanju, uklj. oblikovane i spojne elemente i brtveni materijal, uklj. pričvršćenja za cijevi, s izolacijom protiv vibracija u tijelu, s prikladnim tiplama koje su odobrene od strane građevinskog nadzora.

Vanjski promjer x debljina zida: 25 x 2,7 mm
isporučiti i montirati.",70,m,,,,0,
503.030.00125,,"Plastična cijev 32 x 3,2","Cjevovodi od stabilnih sivih
PE-Xc/Al/PE-Xc spojnih cijevi s više slojeva, za instalacije pitke vode prema DIN 1988 / EN 806, otporni na difuziju, kompresijski spoj od crvenog lijeva ili silicijske bronce kao sustav s optimiranim gubicima tlaka, bez O-prstena, s ispitanom sigurnošću i certifikatom, s lijevanim potpornjem i predmontiranom čahurom od nehrđajućeg čelika, nerazdvojnom, s certifikatom o ispitivanju, uklj. oblikovane i spojne elemente i brtveni materijal, uklj. pričvršćenja za cijevi, s izolacijom protiv vibracija u tijelu, s prikladnim tiplama koje su odobrene od strane građevinskog nadzora.

Vanjski promjer x debljina zida: 32 x 3,2 mm
isporučiti i montirati.",130,m,,,,0,
503.030.00130,,"Plastična cijev 40 x 3,5","Cjevovodi od stabilnih sivih
PE-Xc/Al/PE-Xc spojnih cijevi s više slojeva, za instalacije pitke vode prema DIN 1988 / EN 806, otporni na difuziju, kompresijski spoj od crvenog lijeva ili silicijske bronce kao sustav s optimiranim gubicima tlaka, bez O-prstena, s ispitanom sigurnošću i certifikatom, s lijevanim potpornjem i predmontiranom čahurom od nehrđajućeg čelika, nerazdvojnom, s certifikatom o ispitivanju, uklj. oblikovane i spojne elemente i brtveni materijal, uklj. pričvršćenja za cijevi, s izolacijom protiv vibracija u tijelu, s prikladnim tiplama koje su odobrene od strane građevinskog nadzora.

Vanjski promjer x debljina zida: 40 x 3,5 mm
isporučiti i montirati.",65,m,,,,0,
503.030.00135,,"Plastična cijev 50 x 4,0","Cjevovodi od stabilnih sivih
PE-Xc/Al/PE-Xc spojnih cijevi s više slojeva, za instalacije pitke vode prema DIN 1988 / EN 806, otporni na difuziju, kompresijski spoj od crvenog lijeva ili silicijske bronce kao sustav s optimiranim gubicima tlaka, bez O-prstena, s ispitanom sigurnošću i certifikatom, s lijevanim potpornjem i predmontiranom čahurom od nehrđajućeg čelika, nerazdvojnom, s certifikatom o ispitivanju, uklj. oblikovane i spojne elemente i brtveni materijal, uklj. pričvršćenja za cijevi, s izolacijom protiv vibracija u tijelu, s prikladnim tiplama koje su odobrene od strane građevinskog nadzora.

Vanjski promjer x debljina zida: 50 x 4,0 mm
isporučiti i montirati.",10,m,,,,0,
503.030.00140,,"Zaporni ventil slobodnog protoka, DN 40 s ispusnim ventilom","Zaporni ventil slobodnog protoka,
Proizvod/tip: KEMPER / Figura 173 2G ili istovjetni proizvod,
ponuđeni proizvod/tip:
.......................................................
........................
(ispunjava ponuđač)
DN 40 - 42 mm,
u nakošenom položaju, s ventilom za pražnjenje, s kućištem i gornjim dijelom od crvenog lijeva, bez mrtvog prostora, s EPDM brtvama prema DIN EN 1213, odobrenje prema DVGW-u i vezano za zaštitu od buke, PN 16, obostrano s vanjskim navojem, uklj. kompresijski vijčani spoj prikladan za prethodno navedeni cijevni sustav s konturnom brtvom, s maticom za vanjski navoj, EPDM-brtvama i izolacijskom oblogom,
kompletno isporučiti i montirati.",1,kom.,,,,0,
503.030.00145,,"Zaporni ventil slobodnog protoka, DN 50 s ispušnim ventilom","Zaporni ventil slobodnog protoka,
Proizvod/tip: KEMPER / Figura 173 2G ili istovjetni proizvod,
ponuđeni proizvod/tip:
.......................................................
........................
(ispunjava ponuđač)
DN 50 - 54 mm,
u nakošenom položaju, s ventilom za pražnjenje, s kućištem i gornjim dijelom od crvenog lijeva, bez mrtvog prostora, s EPDM brtvama prema DIN EN 1213, odobrenje prema DVGW-u i vezano za zaštitu od buke, PN 16, obostrano s vanjskim navojem, uklj. kompresijski vijčani spoj prikladan za prethodno navedeni cijevni sustav s konturnom brtvom, s maticom za vanjski navoj, EPDM-brtvama i izolacijskom oblogom,
kompletno isporučiti i montirati.",1,kom.,,,,0,
503.030.00150,,"Vodomjer sa kotačem, snaga 2,5 m3 / h","Brojilo vode s kotačićem,
Proizvod/tip: METHERM / Modularis,
Snaga 2,5 m3/h,
za slobodno postavljanje,
dužina konstrukcije 190 mm,
DN 20,
kućište od mjedi,
s komunikacijskim modulom, M-Bus modul,
uklj. troškove za ovjeru,
uklj. sve potrebne materijale za spajanje i
brtvljenje.",3,kom.,,,,0,
503.030.00155,,Vodomjer sanitarne potrošnje,"Brojilo vode sanitarne potrošnje u vodomjernom oknu,
protok 1,4 l/s
DN 40,
s komunikacijskim modulom, M-Bus modul,
prema uvjetima vodovoda Osijek
uklj. sve potrebne materijale za spajanje i
brtvljenje.",1,kom.,,,,0,
503.030.00160,,Vodomjer hidrantske potrošnje,"Brojilo vode hidrantske mreže ,
protok 30 l/s ,
DN 200,
s komunikacijskim modulom, M-Bus modul,
prema uvjetima voovoda Osijek
uklj. sve potrebne materijale za spajanje i
brtvljenje.",1,kom.,,,,0,
503.030.00165,,- Lijevano željezni fazonski komad,"Nabava, doprema i montaža i lijevano željeznih fazonskih komada i drugih spojnog materijala za pogonski tlak 12,5 bara, za montažu na priključku, oknu vodomjera i hidrantima. Raznošenje fazonskih komada duž rova. Montaža prirubnicom brtvenim gumenim prstenom ili klingeritom, uključivo sav brtveni materijal s vijcima, te izolacija spojeva bitumenskim premazom. Stavkom obuhvaćeni kompletni monterski i građevinski radovi, te sav poreban materijal. Obračun se vrši po kompletno izvedenoj montaži fazonskih komada.

FF komad l= 1200 mm; DN200",1,kom.,,,,0,
503.030.00170,,- Lijevano željezni fazonski komad,"Nabava, doprema i montaža i lijevano željeznih fazonskih komada i drugih spojnog materijala za pogonski tlak 12,5 bara, za montažu na priključku, oknu vodomjera i hidrantima. Raznošenje fazonskih komada duž rova. Montaža prirubnicom brtvenim gumenim prstenom ili klingeritom, uključivo sav brtveni materijal s vijcima, te izolacija spojeva bitumenskim premazom. Stavkom obuhvaćeni kompletni monterski i građevinski radovi, te sav poreban materijal. Obračun se vrši po kompletno izvedenoj montaži fazonskih komada.

FF komad l= 200 mm; DN200",1,kom.,,,,0,
503.030.00175,,- Lijevano željezni fazonski komad,"Nabava, doprema i montaža i lijevano željeznih fazonskih komada i drugih spojnog materijala za pogonski tlak 12,5 bara, za montažu na priključku, oknu vodomjera i hidrantima. Raznošenje fazonskih komada duž rova. Montaža prirubnicom brtvenim gumenim prstenom ili klingeritom, uključivo sav brtveni materijal s vijcima, te izolacija spojeva bitumenskim premazom. Stavkom obuhvaćeni kompletni monterski i građevinski radovi, te sav poreban materijal. Obračun se vrši po kompletno izvedenoj montaži fazonskih komada.

FF komad l= 200 mm; DN50",2,kom.,,,,0,
503.030.00180,,- Lijevano željezni fazonski komad,"Nabava, doprema i montaža i lijevano željeznih fazonskih komada i drugih spojnog materijala za pogonski tlak 12,5 bara, za montažu na priključku, oknu vodomjera i hidrantima. Raznošenje fazonskih komada duž rova. Montaža prirubnicom brtvenim gumenim prstenom ili klingeritom, uključivo sav brtveni materijal s vijcima, te izolacija spojeva bitumenskim premazom. Stavkom obuhvaćeni kompletni monterski i građevinski radovi, te sav poreban materijal. Obračun se vrši po kompletno izvedenoj montaži fazonskih komada.

TT komad DN200",1,kom.,,,,0,
503.030.00185,,- Lijevano željezni fazonski komad,"Nabava, doprema i montaža i lijevano željeznih fazonskih komada i drugih spojnog materijala za pogonski tlak 12,5 bara, za montažu na priključku, oknu vodomjera i hidrantima. Raznošenje fazonskih komada duž rova. Montaža prirubnicom brtvenim gumenim prstenom ili klingeritom, uključivo sav brtveni materijal s vijcima, te izolacija spojeva bitumenskim premazom. Stavkom obuhvaćeni kompletni monterski i građevinski radovi, te sav poreban materijal. Obračun se vrši po kompletno izvedenoj montaži fazonskih komada.

Q komad DN20",1,kom.,,,,0,
503.030.00190,,- Lijevano željezni fazonski komad,"Nabava, doprema i montaža i lijevano željeznih fazonskih komada i drugih spojnog materijala za pogonski tlak 12,5 bara, za montažu na priključku, oknu vodomjera i hidrantima. Raznošenje fazonskih komada duž rova. Montaža prirubnicom brtvenim gumenim prstenom ili klingeritom, uključivo sav brtveni materijal s vijcima, te izolacija spojeva bitumenskim premazom. Stavkom obuhvaćeni kompletni monterski i građevinski radovi, te sav poreban materijal. Obračun se vrši po kompletno izvedenoj montaži fazonskih komada.

FFR komad DN200/DN80",2,kom.,,,,0,
503.030.00195,,- Lijevano željezni fazonski komad,"Nabava, doprema i montaža i lijevano željeznih fazonskih komada i drugih spojnog materijala za pogonski tlak 12,5 bara, za montažu na priključku, oknu vodomjera i hidrantima. Raznošenje fazonskih komada duž rova. Montaža prirubnicom brtvenim gumenim prstenom ili klingeritom, uključivo sav brtveni materijal s vijcima, te izolacija spojeva bitumenskim premazom. Stavkom obuhvaćeni kompletni monterski i građevinski radovi, te sav poreban materijal. Obračun se vrši po kompletno izvedenoj montaži fazonskih komada.

FFR komad DN80/DN50",2,kom.,,,,0,
503.030.00200,,- Lijevano željezni fazonski komad,"Nabava, doprema i montaža i lijevano željeznih fazonskih komada i drugih spojnog materijala za pogonski tlak 12,5 bara, za montažu na priključku, oknu vodomjera i hidrantima. Raznošenje fazonskih komada duž rova. Montaža prirubnicom brtvenim gumenim prstenom ili klingeritom, uključivo sav brtveni materijal s vijcima, te izolacija spojeva bitumenskim premazom. Stavkom obuhvaćeni kompletni monterski i građevinski radovi, te sav poreban materijal. Obračun se vrši po kompletno izvedenoj montaži fazonskih komada.

MDK komad DN200",1,kom.,,,,0,
503.030.00205,,- Lijevano željezni fazonski komad,"Nabava, doprema i montaža i lijevano željeznih fazonskih komada i drugih spojnog materijala za pogonski tlak 12,5 bara, za montažu na priključku, oknu vodomjera i hidrantima. Raznošenje fazonskih komada duž rova. Montaža prirubnicom brtvenim gumenim prstenom ili klingeritom, uključivo sav brtveni materijal s vijcima, te izolacija spojeva bitumenskim premazom. Stavkom obuhvaćeni kompletni monterski i građevinski radovi, te sav poreban materijal. Obračun se vrši po kompletno izvedenoj montaži fazonskih komada.

MDK komad DN50",2,kom.,,,,0,
503.030.00215,,- Zaun,"Nabava, doprema i montaža i lijevano željeznih fazonskih komada i drugih spojnog materijala za pogonski tlak 12,5 bara, za montažu na priključku, oknu vodomjera i hidrantima. Raznošenje fazonskih komada duž rova. Montaža prirubnicom brtvenim gumenim prstenom ili klingeritom, uključivo sav brtveni materijal s vijcima, te izolacija spojeva bitumenskim premazom. Stavkom obuhvaćeni kompletni monterski i građevinski radovi, te sav poreban materijal. Obračun se vrši po kompletno izvedenoj montaži fazonskih komada.

Zasun DN200",3,,,,,0,
503.030.00220,,- Zaun,"Nabava, doprema i montaža i lijevano željeznih fazonskih komada i drugih spojnog materijala za pogonski tlak 12,5 bara, za montažu na priključku, oknu vodomjera i hidrantima. Raznošenje fazonskih komada duž rova. Montaža prirubnicom brtvenim gumenim prstenom ili klingeritom, uključivo sav brtveni materijal s vijcima, te izolacija spojeva bitumenskim premazom. Stavkom obuhvaćeni kompletni monterski i građevinski radovi, te sav poreban materijal. Obračun se vrši po kompletno izvedenoj montaži fazonskih komada.

Zasun DN50",6,,,,,0,
503.030.00225,,- Teleskopsko vreteno sa zaštitnom cijevi,"Nabava, doprema i montaža teleskopskok vretena sa zaštitnom cijevi. Stavkom obuhvaćeni kompletni monterski i građevinski radovi, te sav poreban materijal. Obračun se vrši po kompletno izvedenoj montaži fazonskih komada.",3,,,,,0,
503.030.00230,,- Hvatač nečistoća,"Nabava, doprema i montaža hvatača nečistoća Stavkom obuhvaćeni kompletni monterski i građevinski radovi, te sav poreban materijal. Obračun se vrši po kompletno izvedenoj montaži fazonskih komada.

Hvatač nečistoća DN200",1,kom.,,,,0,
503.030.00235,,- Hvatač nečistoća,"Nabava, doprema i montaža hvatača nečistoća Stavkom obuhvaćeni kompletni monterski i građevinski radovi, te sav poreban materijal. Obračun se vrši po kompletno izvedenoj montaži fazonskih komada.

Hvatač nečistoća DN50",2,kom.,,,,0,
503.030.00240,,- ZOPT,"'Nabava, doprema i montaža vodomjera Stavkom obuhvaćeni kompletni monterski i građevinski radovi, te sav poreban materijal. Obračun se vrši po kompletno izvedenoj montaži fazonskih komada.

ZOPT DN200",1,kom.,,,,0,
503.030.00245,,- ZOPT,"'Nabava, doprema i montaža vodomjera Stavkom obuhvaćeni kompletni monterski i građevinski radovi, te sav poreban materijal. Obračun se vrši po kompletno izvedenoj montaži fazonskih komada.

ZOPT DN200",2,kom.,,,,0,
503.030.00250,,- spojnica,"'Nabava, doprema i montaža spojnice PEHD cijevi Stavkom obuhvaćeni kompletni monterski i građevinski radovi, te sav poreban materijal. Obračun se vrši po kompletno izvedenoj montaži fazonskih komada.

spojnica DN200",2,kom.,,,,0,
503.030.00255,,- spojnica,"'Nabava, doprema i montaža spojnice PEHD cijevi Stavkom obuhvaćeni kompletni monterski i građevinski radovi, te sav poreban materijal. Obračun se vrši po kompletno izvedenoj montaži fazonskih komada.

spojnica DN50",2,kom.,,,,0,
503.030.00260,,- Lijevano željezni fazonski komad,"Nabava, doprema i montaža vodovodnih ljevano željeznih fazonskih komada i drugog spojnog materijala za pogonski tlak 16 bara, za montažu nadzemnog hidranata.
Raznošenje fazonskih komada duž rova. Montaža prirubnicom brtvenim gumenim prstenom ili klingeritom, uključivo sav brtveni materijal s vijcima, te izolacija spojeva bitumenskim premazom.
Fazonski komadi su od nodularnog ljeva i spajaju se sa PE-HD cijevima preko tipskih spojnica.
nadzemni hidrant NO100 mm (s kuglom)",3,kom.,,,,0,
503.030.00265,,- Lijevano željezni fazonski komad,"Nabava, doprema i montaža vodovodnih ljevano željeznih fazonskih komada i drugog spojnog materijala za pogonski tlak 16 bara, za montažu nadzemnog hidranata.
Raznošenje fazonskih komada duž rova. Montaža prirubnicom brtvenim gumenim prstenom ili klingeritom, uključivo sav brtveni materijal s vijcima, te izolacija spojeva bitumenskim premazom.
Fazonski komadi su od nodularnog ljeva i spajaju se sa PE-HD cijevima preko tipskih spojnica.
ulična kapa za zasun",3,kom.,,,,0,
503.030.00270,,- Lijevano željezni fazonski komad,"Nabava, doprema i montaža vodovodnih ljevano željeznih fazonskih komada i drugog spojnog materijala za pogonski tlak 16 bara, za montažu nadzemnog hidranata.
Raznošenje fazonskih komada duž rova. Montaža prirubnicom brtvenim gumenim prstenom ili klingeritom, uključivo sav brtveni materijal s vijcima, te izolacija spojeva bitumenskim premazom.
Fazonski komadi su od nodularnog ljeva i spajaju se sa PE-HD cijevima preko tipskih spojnica.
ulična kapa za zasun",3,kom.,,,,0,
503.030.00275,,- Lijevano željezni fazonski komad,"Nabava, doprema i montaža vodovodnih ljevano željeznih fazonskih komada i drugog spojnog materijala za pogonski tlak 16 bara, za montažu nadzemnog hidranata.
Raznošenje fazonskih komada duž rova. Montaža prirubnicom brtvenim gumenim prstenom ili klingeritom, uključivo sav brtveni materijal s vijcima, te izolacija spojeva bitumenskim premazom.
Fazonski komadi su od nodularnog ljeva i spajaju se sa PE-HD cijevima preko tipskih spojnica.
lučni komad sa stopalom NO100, N90°",3,kom.,,,,0,
503.030.00280,,- Lijevano željezni fazonski komad,"Nabava, doprema i montaža vodovodnih ljevano željeznih fazonskih komada i drugog spojnog materijala za pogonski tlak 16 bara, za montažu nadzemnog hidranata.
Raznošenje fazonskih komada duž rova. Montaža prirubnicom brtvenim gumenim prstenom ili klingeritom, uključivo sav brtveni materijal s vijcima, te izolacija spojeva bitumenskim premazom.
Fazonski komadi su od nodularnog ljeva i spajaju se sa PE-HD cijevima preko tipskih spojnica.
lučni komad sa stopalom NO100, N90°",3,kom.,,,,0,
503.030.00285,,- Lijevano željezni fazonski komad,"Nabava, doprema i montaža vodovodnih ljevano željeznih fazonskih komada i drugog spojnog materijala za pogonski tlak 16 bara, za montažu nadzemnog hidranata.
Raznošenje fazonskih komada duž rova. Montaža prirubnicom brtvenim gumenim prstenom ili klingeritom, uključivo sav brtveni materijal s vijcima, te izolacija spojeva bitumenskim premazom.
Fazonski komadi su od nodularnog ljeva i spajaju se sa PE-HD cijevima preko tipskih spojnica.
teleskopsko vreteno sa zaštitnom cijevi",3,kom.,,,,0,
503.030.00290,,- Lijevano željezni fazonski komad,"Nabava, doprema i montaža vodovodnih ljevano željeznih fazonskih komada i drugog spojnog materijala za pogonski tlak 16 bara, za montažu nadzemnog hidranata.
Raznošenje fazonskih komada duž rova. Montaža prirubnicom brtvenim gumenim prstenom ili klingeritom, uključivo sav brtveni materijal s vijcima, te izolacija spojeva bitumenskim premazom.
Fazonski komadi su od nodularnog ljeva i spajaju se sa PE-HD cijevima preko tipskih spojnica.
spojni komad sa prirubnicama FF NO100, l cca 200mm",3,kom.,,,,0,
503.030.00295,,- Lijevano željezni fazonski komad,"Nabava, doprema i montaža vodovodnih ljevano željeznih fazonskih komada i drugog spojnog materijala za pogonski tlak 16 bara, za montažu nadzemnog hidranata.
Raznošenje fazonskih komada duž rova. Montaža prirubnicom brtvenim gumenim prstenom ili klingeritom, uključivo sav brtveni materijal s vijcima, te izolacija spojeva bitumenskim premazom.
Fazonski komadi su od nodularnog ljeva i spajaju se sa PE-HD cijevima preko tipskih spojnica.
kugla za pražnjenje",3,kom.,,,,0,
503.030.00300,,- Lijevano željezni fazonski komad,"Nabava, doprema i montaža vodovodnih ljevano željeznih fazonskih komada i drugog spojnog materijala za pogonski tlak 16 bara, za montažu nadzemnog hidranata.
Raznošenje fazonskih komada duž rova. Montaža prirubnicom brtvenim gumenim prstenom ili klingeritom, uključivo sav brtveni materijal s vijcima, te izolacija spojeva bitumenskim premazom.
Fazonski komadi su od nodularnog ljeva i spajaju se sa PE-HD cijevima preko tipskih spojnica.
T komad 150/100",3,kom.,,,,0,
503.030.00305,,- Lijevano željezni fazonski komad,"Nabava, doprema i montaža vodovodnih ljevano željeznih fazonskih komada i drugog spojnog materijala za pogonski tlak 16 bara, za montažu nadzemnog hidranata.
Raznošenje fazonskih komada duž rova. Montaža prirubnicom brtvenim gumenim prstenom ili klingeritom, uključivo sav brtveni materijal s vijcima, te izolacija spojeva bitumenskim premazom.
Fazonski komadi su od nodularnog ljeva i spajaju se sa PE-HD cijevima preko tipskih spojnica.
spojnica za PEHD NO 100",3,kom.,,,,0,
503.030.00310,,- Zaun,"Nabava, doprema i montaža i lijevano željeznih fazonskih komada i drugih spojnog materijala za pogonski tlak 16 bara, za montažu na priključku, oknu vodomjera i hidrantima. Raznošenje fazonskih komada duž rova. Montaža prirubnicom brtvenim gumenim prstenom ili klingeritom, uključivo sav brtveni materijal s vijcima, te izolacija spojeva bitumenskim premazom. Stavkom obuhvaćeni kompletni monterski i građevinski radovi, te sav poreban materijal. Obračun se vrši po kompletno izvedenoj montaži fazonskih komada.

Zasun DN100",3,kom.,,,,0,
503.040,,Prljava voda cijevne mreže,,,,,0,,,
503.040.00100,,"Kanalizacijske cijevi, DN 32","Odvodne cijevi, DN 32
kao zvučno izolirani odvodni sustav kuće za odvodne sustave prema DIN EN 12056 i DIN
1986-100, unutar zgrada, s PP spojnom cijevi pojačanom mineralnim vlaknima od bezhalogene plastike, s oblikovanom utičnom spojnicom i gotovim brtvenim prstenom koji se postavlja na gradilištu.
Otporne na vruću vodu: do 97 °C,
razina zvuka prilikom instalacije (prema EN 14366):
=22 dB (A) za 4 l/s, s potvrdom o zvučnoj izolaciji
Zapaljivost: Razred B2, s općenitim odobrenjem od strane građevinskog nadzora,
kompatibilne s HT oblikovanim elementima bez uporabe dodatnih prijelaznih elemenata.
Dužina: sve dužine
uklj. oblikovane i spojne elemente,
sigurnosne obujmice i brtveni materijal uklj.
pričvršćenja za cijevi, s izolacijom protiv vibracija u tijelu, s prikladnim
tiplama koje su odobrene od strane građevinskog nadzora.
Referentni proizvod: REHAU / Raupiano Plus, DN 32
ili istovjetni proizvod,
ponuđeni proizvod/tip:
.......................................................
........................
(ispunjava ponuđač)
isporučiti i montirati",20,m,,,,0,
503.040.00105,,"Kanalizacijske cijevi, DN 40","Odvodne cijevi, DN 40
kao zvučno izolirani odvodni sustav kuće za odvodne sustave prema DIN EN 12056 i DIN
1986-100, unutar zgrada, s PP spojnom cijevi pojačanom mineralnim vlaknima od bezhalogene plastike, s oblikovanom utičnom spojnicom i gotovim brtvenim prstenom koji se postavlja na gradilištu.
Otporne na vruću vodu: do 97 °C,
razina zvuka prilikom instalacije (prema EN 14366):
=22 dB (A) za 4 l/s, s potvrdom o zvučnoj izolaciji
Zapaljivost: Razred B2, s općenitim odobrenjem od strane građevinskog nadzora,
kompatibilne s HT oblikovanim elementima bez uporabe dodatnih prijelaznih elemenata.
Dužina: sve dužine
uklj. oblikovane i spojne elemente,
sigurnosne obujmice i brtveni materijal uklj.
pričvršćenja za cijevi, s izolacijom protiv vibracija u tijelu, s prikladnim
tiplama koje su odobrene od strane građevinskog nadzora.
Referentni proizvod: REHAU / Raupiano Plus, DN 40
ili istovjetni proizvod,
ponuđeni proizvod/tip:
.......................................................
........................
(ispunjava ponuđač)
isporučiti i montirati",20,m,,,,0,
503.040.00110,,"Kanalizacijske cijevi, DN 50","Odvodne cijevi, DN 50
kao zvučno izolirani odvodni sustav kuće za odvodne sustave prema DIN EN 12056 i DIN
1986-100, unutar zgrada, s PP spojnom cijevi pojačanom mineralnim vlaknima od bezhalogene plastike, s oblikovanom utičnom spojnicom i gotovim brtvenim prstenom koji se postavlja na gradilištu.
Otporne na vruću vodu: do 97 °C,
razina zvuka prilikom instalacije (prema EN 14366):
=22 dB (A) za 4 l/s, s potvrdom o zvučnoj izolaciji
Zapaljivost: Razred B2, s općenitim odobrenjem od strane građevinskog nadzora,
kompatibilne s HT oblikovanim elementima bez uporabe dodatnih prijelaznih elemenata.
Dužina: sve dužine
uklj. oblikovane i spojne elemente,
sigurnosne obujmice i brtveni materijal uklj.
pričvršćenja za cijevi, s izolacijom protiv vibracija u tijelu, s prikladnim
tiplama koje su odobrene od strane građevinskog nadzora.
Referentni proizvod: REHAU / Raupiano Plus, DN 50
ili istovjetni proizvod,
ponuđeni proizvod/tip:
.......................................................
........................
(ispunjava ponuđač)
isporučiti i montirati",65,m,,,,0,
503.040.00115,,"Kanalizacijske cijevi, DN 75","Odvodne cijevi, DN 75
kao zvučno izolirani odvodni sustav kuće za odvodne sustave prema DIN EN 12056 i DIN
1986-100, unutar zgrada, s PP spojnom cijevi pojačanom mineralnim vlaknima od bezhalogene plastike, s oblikovanom utičnom spojnicom i gotovim brtvenim prstenom koji se postavlja na gradilištu.
Otporne na vruću vodu: do 97 °C,
razina zvuka prilikom instalacije (prema EN 14366):
=22 dB (A) za 4 l/s, s potvrdom o zvučnoj izolaciji
Zapaljivost: Razred B2, s općenitim odobrenjem od strane građevinskog nadzora,
kompatibilne s HT oblikovanim elementima bez uporabe dodatnih prijelaznih elemenata.
Dužina: sve dužine
uklj. oblikovane i spojne elemente,
sigurnosne obujmice i brtveni materijal uklj.
pričvršćenja za cijevi, s izolacijom protiv vibracija u tijelu, s prikladnim
tiplama koje su odobrene od strane građevinskog nadzora.
Referentni proizvod: REHAU / Raupiano Plus, DN 75
ili istovjetni proizvod,
ponuđeni proizvod/tip:
.......................................................
........................
(ispunjava ponuđač)
isporučiti i montirati",15,m,,,,0,
503.040.00120,,"Kanalizacijske cijevi, DN 110","Odvodne cijevi, DN 110
kao zvučno izolirani odvodni sustav kuće za odvodne sustave prema DIN EN 12056 i DIN
1986-100, unutar zgrada, s PP spojnom cijevi pojačanom mineralnim vlaknima od bezhalogene plastike, s oblikovanom utičnom spojnicom i gotovim brtvenim prstenom koji se postavlja na gradilištu.
Otporne na vruću vodu: do 97 °C,
razina zvuka prilikom instalacije (prema EN 14366):
=22 dB (A) za 4 l/s, s potvrdom o zvučnoj izolaciji
Zapaljivost: Razred B2, s općenitim odobrenjem od strane građevinskog nadzora,
kompatibilne s HT oblikovanim elementima bez uporabe dodatnih prijelaznih elemenata.
Dužina: sve dužine
uklj. oblikovane i spojne elemente,
sigurnosne obujmice i brtveni materijal uklj.
pričvršćenja za cijevi, s izolacijom protiv vibracija u tijelu, s prikladnim
tiplama koje su odobrene od strane građevinskog nadzora.
Referentni proizvod: REHAU / Raupiano Plus, DN 110
ili istovjetni proizvod,
ponuđeni proizvod/tip:
.......................................................
........................
(ispunjava ponuđač)
isporučiti i montirati",120,m,,,,0,
503.040.00125,,"- Podni odvod od lijevanog željeza, DN 100, s rešetkom","Nabava, doprema i montaža podnog slivnik od lijevanog željeza, izljev DN 100 vertiklani, s bijelim premazom na epoxy bazi, ispitanim prema
DIN EN 1253, Razred negorivosti materijala A1, nezapaljiv prema AbZ.Z-19.17-2144
s integriranom zvučnom izolacijom prema VDI 4100:2012, SST III = 22 dB(A),
Sa prirubnicom za uklještenje h.i. i otvorima za sekundarno dreniranje, zaštitnim poklopcem za vrijeme ugradnje i priključkom za uzemljenje, sa sifonom od plastike, u dva dijela s mogućnosti rastavljanja i čišćenja.
Gornji dio slivnika ,s okvirom od nehrđajućeg čelika 150 x 150 mm,
s mrežastom rešetkom od nehrđajućeg čelika dimenzije 142x142mm, bez mogućnosti zaključavanja Razred opterećenja L15, promjer izljeva 125 mm,sa tvornički spojenim platnom za spoj na plitke h.i. premaze.
Stavka uključuje i sito za nečistoće od nehrđajućeg čelika, materijal 1.4301
za promjer sita 180 mm, sa širinom proreza od 6 mm

Referentni proizvod: ACO PASSAVANT / Br. artikla.
5571.60.20
5128.10.55, 5141.97.22 i 7000.03.19
ili istovjetni proizvod,
ponuđeni proizvod/tip:
.......................................................
........................
(ispunjava ponuđač)",1,kom.,,,,0,
503.040.00130,,"- Podni odvod izrađen od nehrđajućeg čelika, DN 100, s rešetkom","Donji dio slivnika ACO INOX 218 donjeg izljevnog dijela industrijskog slivnika izrađenog prema HRN EN 1253, s izvadivim zaporom za miris (sifonom), promjera tijela 218 mm, visine 170 mm i vertiklanim odvodom DN 100. Promjer prirubnice za uklještenje hidroizolacije 418 mm. Sve izrađeno iz nehrđajućeg čelika AISI 304 sa gumenim brtvenim prstenom. Minimalni protok slivnika 6,2 l/Sek prema HRN EN 1253-1, Higijenski dizajn prema EN1672, EN ISO 14159 i EHEDG dokument strana 8,13 i 44
ACO INOX 218 dosjeda za rešetku 268x268 mm industrijskog slivnika, izrađenog iz nehrđajućeg čelika AISI 304 prema HRN EN 1253. Okvir dimenzija 300x300 mm, ukupne visine 104 mm sa Extended rubom za prihvat plitke hidroizolacije ispod keramike. Promjer izljeva Ø200 za spoj na donji dio ACO INOX 218 industrijskog slivnika.
ACO INOX 218 protuklizne prečkaste rešetke 268x268 mm za industrijske slivnike, izrađene iz nehrđajućeg čelika AISI 304 prema HRN EN 1253. Visina rešetke 25 mm. Rešetka izvedena prema EHEDG higijenskim standardima sa zaobljenim rubovima i punim uzdužnim varom na svim prečkama. Zaštitna obrada materijala pikopasiviziranjem radi otpornosti na koroziju. Rešetka nosivosti M125 prema HRN EN 1253-1
ACO INOX 218 sito za nečistoće iz nehrđajućeg čelika AISI 304 prema HRN EN 1253. Promjer sita 222 mm, visina 50 mm, za vertiklani izljev.

Referentni proizvod: ACO PASSAVANT
Br. artikla 408065, 408243, 408037
i 416908
ili istovjetni proizvod,
ponuđeni proizvod/tip:
.......................................................
........................
(ispunjava ponuđač)",7,kom.,,,,0,
503.040.00135,,"- Podni odvod od lijevanog željeza, DN 100 s kantom","Donji dio ACO INOX industrijskog slivnika TIP 142 , izrađenog prema EN 1253 iz nehrđajućeg čelika 1.4301, sa vertikalnim izljevom DN100, sa izvadivim higijenskim zaporom za miris (sifonom), promjera tijela 142 mm, sa prirubnicom za uklještenje hidroizolacije promjera 344 mm. Sve izrađeno iz nehrđajućeg čelika AISI 304 sa gumenim brtvenim prstenom. Minimalni protok slivnika 1,6 l/Sek prema HRN EN 1253-1, Higijenski dizajn prema EN1672, EN ISO 14159 i EHEDG dokument strana 8,13 i 44

ACO Hygienic 142 dosjeda za rešetku 168x168 mm industrijskog slivnika, izrađenog iz nehrđajućeg čelika AISI 304 prema HRN EN 1253. Okvir dimenzija 200x200 mm, ukupne visine 99 mm. Promjer izljeva Ø125 za spoj na donji dio ACO INOX 142 industrijskog slivnika.
Dosjed higijenskog dizajna izrađen tehnologijom dubokog vučenja sa svim kutevima u radijusu radi lakšeg čišćenja i održavanja, prema EHEDG i HACCP standardima.

ACO INOX 142 protuklizne mrežaste rešetke 168x168 mm za industrijske slivnike, izrađene iz elektropoliranog nehrđajućeg čelika AISI 304 prema HRN EN 1253. Visina rešetke 25 mm. Nosivost L15.

ACO INOX 142 sito za nečistoće iz nehrđajućeg čelika AISI 304 prema HRN EN 1253. Promjer sita 142mm, visina 45 mm, za vertiklani izljev.

Referentni proizvod: ACO PASSAVANT
Br. artikla 414718, 414832, 408090
i 416900
ili istovjetni proizvod,
ponuđeni proizvod/tip:
.......................................................
........................
(ispunjava ponuđač)",6,kom.,,,,0,
503.040.00140,,- Podni slivnik od nehrđajućeg čelika 800x800,"Donji dio slivnika ACO INOX 218 donjeg izljevnog dijela industrijskog slivnika izrađenog prema HRN EN 1253, s izvadivim zaporom za miris (sifonom), promjera tijela 218 mm, visine 170 mm i vertiklanim odvodom DN 100. Promjer prirubnice za uklještenje hidroizolacije 418 mm. Sve izrađeno iz nehrđajućeg čelika AISI 304 sa gumenim brtvenim prstenom. Minimalni protok slivnika 6,2 l/Sek prema HRN EN 1253-1, Higijenski dizajn prema EN1672, EN ISO 14159 i EHEDG dokument strana 8,13 i 44
ACO kanala za odvodnju kuhinje u higijenskoj izvedbi dimenzije 800x830mm. Dubine na izljevu 80mm. Tijelo kanala iz nehrđajućeg čelika AISI 304 dodatno zaštićen postupkom piko-pasivizacije. Svi spojevi izrađeni sa radijusom većim od 3 mm prema higijenskom dizajnu HRN EN 14159 te EHEDG standardima za prehrambenu industriju, radi lakšeg čišćenja i održavanja. Tijelo izvedeno sa padom prema sredini i izljevom Ø 200 mm za spoj na podni slivnik 218..
ACO INOX 218 protuklizne mrežaste rešetke 768x398 mm za industrijske slivnike, izrađene iz elektropoliranog nehrđajućeg čelika AISI 304 prema HRN EN 1253. Visina rešetke 30 mm. Nosivost L15. Razred protukliznosti R11

ACO INOX 218 sito za nečistoće iz nehrđajućeg čelika AISI 304 prema HRN EN 1253. Promjer sita 222 mm, visina 50 mm, za vertiklani izljev.

Referentni proizvod: ACO PASSAVANT
Br. artikla 408065, 416672, 416878
i 416908
ili istovjetni proizvod,
ponuđeni proizvod/tip:
.......................................................
........................
(ispunjava ponuđač)",1,kom.,,,,0,
503.040.00145,,Spajanje sudopera koje isporučuje kupac,"Priključak isporučenog kombiniranog korita odnosno dvostrukog korita na mrežu otpadne vode, uključujući sve potrebne materijale, uključujući izradu otvora za mješalicu slavine.",2,kom.,,,,0,
503.040.00150,,Priključak na pećnicu u pekarnici,"Priključak pećnice u pekarnici na mrežu otpadne vode, s HT cijevi DN 50 (3 x 1,00 m)
kao slobodni izljev preko podnog odvoda uključujući lukove (6 komada), uključujući sve potrebne sitne dijelove i dijelove za pričvršćivanje.",3,kom.,,,,0,
503.050,,Mreža cijevi za kišnicu,,,,,0,,,
503.050.00100,,- Podtlačni sustava odvodnje oborinskih krovnih voda,"Dobava i montaža podtlačnog sustava odvodnje oborinskih krovnih voda kao: ACO JET. Hidraulički proračun prema HRN EN 12056-3 i DIN 1986-100/VDI 3806), vodolovna grla prema (HRN EN 1253-1:2003-09 i HRN EN 1253-2: 2004-03),
Sve prema izvedbenim shemama, uputama i nadzoru proizvođača. Sva dokumentacija mora biti prema važećoj zakonskoj regulativi RH
Rješenje proizvođača oznake ACO.
Podtlačni sustav sastoji se od:
- ACO JET uljevni element s horizontalnim priključkom DN 70 izveden od inoxa AISI 304, univerzalnom prirubnicom za spoj na TPO, PVC ili bitumensku hidroizolacijsku foliju, zaštitnom košarom i izolacijskim elementom, zajedno sa izolacijskim tijelom protiv kondenzacije;
- ACO grijač 230V/25W sa termostatom;
- ACO GMX PIPE prema DIN-EN 1123 cjevovod sa svim potrebnim fazonskim komadima i spojnim priborom; specifikacijom proizvođača obuhvaćeno tm trase od DN70 i DN100 klasa negorivosti materijala A1, pocinčani čelik, spajanje na utični kolčak, u ponudi su i dodatne obujmice na spojevima.
- dobave kompletne tehničke i atestne dokumentacije za ACO JET podtlačni sistem odvodnje krovnih oborinskih voda.
Obračun se vrši po kompletu ACO JET podtlačni sistem odvodnje krovnih oborinskih voda.",1,komplet,,,,0,
503.060,,Izolacije linijske mreže,,,,,0,,,
503.060.00100,,"Toplinska izolacija DN 12, topla voda","Toplinska izolacija na cjevovodima za toplu pitku vodu,
Izolacija od fizički umrežene polietilenske pjene sa zatvorenom strukturom, pojačana dodatnom folijom od mrežne tkanine otporne na trganje, s čvorovima na mjestima križanja, za sve materijale cijevi, za postavljenje u izbočeni zid i zidne proreze najvažnija svojstva proizvoda:
lambda vrijednost 0,036 W/(m*K) na 40 °C
robusna površina, otporna na trganje
CE oznaka prema EN 14313 za cjelokupno
europsko tržište
Razred materijala: B2
Razred materijala prema DIN EN 13501-1: EL
Toplinska vodljivost: l40°C = 0,036 W/(m×K)
Difuzijska otpornost na vodenu paru: m ³ 5200
Temperaturna otpornost (trajno): od 80 °C do
+100 °C
Isporučena dužina: 2 m / zatvoreno crijevo
debljina izolacijskog sloja: 11 mm
Vanjski promjer cijevi: da = 15 mm (DN 12)
Referentni proizvod: Missel / VS 10-15
Br. artikla 104-1015
ili istovjetni proizvod,
ponuđeni proizvod/tip:
.......................................................
........................
(ispunjava ponuđač)",10,m,,,,0,
503.060.00105,,"Toplinska izolacija DN 15, topla voda","Toplinska izolacija na cjevovodima za toplu pitku vodu,
Izolacija od fizički umrežene polietilenske pjene sa zatvorenom strukturom, pojačana
dodatnom folijom od mrežne tkanine otporne na trganje, s čvorovima na mjestima križanja, za sve materijale cijevi, za postavljenje u izbočeni zid i zidne proreze najvažnija svojstva proizvoda:
lambda vrijednost 0,036 W/(m*K) na 40 °C
CE oznaka prema EN 14313 za cjelokupno
europsko tržište
Razred materijala: B2
Razred materijala prema DIN EN 13501-1: EL
Toplinska vodljivost: l40°C = 0,036 W/(m×K)
Difuzijska otpornost na vodenu paru: m ³ 5200
Temperaturna otpornost (trajno): od 80 °C do
+100 °C
Isporučena dužina: 2 m / zatvoreno crijevo
debljina izolacijskog sloja: 11 mm
Vanjski promjer cijevi: da = 18 mm (DN 15)
Referentni proizvod: Missel / VS 10-18
Br. artikla 104-1018
ili istovjetni proizvod,
ponuđeni proizvod/tip:
.......................................................
........................
(ispunjava ponuđač)",95,m,,,,0,
503.060.00110,,"Toplinska izolacija DN 20, topla voda","Toplinska izolacija na cjevovodima za toplu pitku vodu,
Izolacija od fizički umrežene polietilenske pjene sa zatvorenom strukturom, pojačana dodatnom folijom od mrežne tkanine otporne na trganje, s čvorovima na mjestima križanja, za sve materijale cijevi, za postavljenje u izbočeni zid i zidne proreze najvažnija svojstva proizvoda:
lambda vrijednost 0,036 W/(m*K) na 40 °C
CE oznaka prema EN 14313 za cjelokupno
europsko tržište
Razred materijala: B2
Razred materijala prema DIN EN 13501-1: EL
Toplinska vodljivost: l40°C = 0,036 W/(m×K)
Difuzijska otpornost na vodenu paru: m ³ 5200
Temperaturna otpornost (trajno): od 80 °C do
+100 °C
Isporučena dužina: 2 m / zatvoreno crijevo
debljina izolacijskog sloja: 11 mm
Vanjski promjer cijevi: da = 22 mm (DN 20)
Referentni proizvod: Missel / VS 10-22
Br. artikla 104-1022
ili istovjetni proizvod,
ponuđeni proizvod/tip:
.......................................................
........................
(ispunjava ponuđač)",55,m,,,,0,
503.060.00115,,"Toplinska izolacija DN 25, topla voda","Toplinska izolacija na cjevovodima za toplu pitku vodu,
Izolacija od fizički umrežene polietilenske pjene sa zatvorenom strukturom, pojačana dodatnom folijom od mrežne tkanine otporne na trganje, s čvorovima na mjestima križanja, za sve materijale cijevi, za postavljenje u izbočeni zid i zidne proreze najvažnija svojstva proizvoda:
lambda vrijednost 0,036 W/(m*K) na 40 °C
CE oznaka prema EN 14313 za cjelokupno
europsko tržište
Razred materijala: B2
Razred materijala prema DIN EN 13501-1: EL
Toplinska vodljivost: l40°C = 0,036 W/(m×K)
Difuzijska otpornost na vodenu paru: m ³ 5200
Temperaturna otpornost (trajno): od 80 °C do
+100 °C
Isporučena dužina: 2 m / zatvoreno crijevo
debljina izolacijskog sloja: 11 mm
Vanjski promjer cijevi: da = 28 mm (DN 25)
Referentni proizvod: Missel / VS 15-28
Br. artikla 104-1528
ili istovjetni proizvod,
ponuđeni proizvod/tip:
.......................................................
........................
(ispunjava ponuđač)",40,m,,,,0,
503.060.00120,,"Toplinska izolacija DN 12, hladna voda","Toplinska izolacija na cjevovodima za toplu pitku vodu,
Izolacija od fizički umrežene polietilenske pjene sa zatvorenom strukturom, pojačana dodatnom folijom od mrežne tkanine otporne na trganje, s čvorovima na mjestima križanja, za sve materijale cijevi, za postavljenje u izbočeni zid i zidne proreze najvažnija svojstva proizvoda:
Lambda vrijednost 0,033 W/(m*K) na 10 °C
CE oznaka prema EN 14313 za cjelokupno
europsko tržište
Razred materijala: B2
Razred materijala prema DIN EN 13501-1: EL
Toplinska vodljivost: l10°C = 0,033 W/(m×K)
Difuzijska otpornost na vodenu paru: m ³ 5200
Temperaturna otpornost (trajno): od 80 °C do
+100 °C
Isporučena dužina: 2m
debljina izolacijskog sloja: 9 mm
Vanjski promjer cijevi: da = 15 mm (DN 12)
Referentni proizvod: Missel / VS 9-15
Br. artikla 104-0915
ili istovjetni proizvod,
ponuđeni proizvod/tip:
.......................................................
........................
(ispunjava ponuđač)",10,m,,,,0,
503.060.00125,,"Toplinska izolacija DN 15, hladna voda","Toplinska izolacija na cjevovodima za toplu pitku vodu,
Izolacija od fizički umrežene polietilenske pjene sa zatvorenom strukturom, pojačana dodatnom folijom od mrežne tkanine otporne na trganje, s čvorovima na mjestima križanja, za sve materijale cijevi, za postavljenje u izbočeni zid i zidne proreze najvažnija svojstva proizvoda:
Lambda vrijednost 0,033 W/(m*K) na 10 °C
CE oznaka prema EN 14313 za cjelokupno
europsko tržište
Razred materijala: B2
Razred materijala prema DIN EN 13501-1: EL
Toplinska vodljivost: l10°C = 0,033 W/(m×K)
Difuzijska otpornost na vodenu paru: m ³ 5200
Temperaturna otpornost (trajno): od 80 °C do
+100 °C
Isporučena dužina: 2m
debljina izolacijskog sloja: 9 mm
Vanjski promjer cijevi: da = 18 mm (DN 15)
Referentni proizvod: Missel / VS 9-18
Br. artikla 104-0918
ili istovjetni proizvod,
ponuđeni proizvod/tip:
.......................................................
........................
(ispunjava ponuđač)",90,m,,,,0,
503.060.00130,,"Toplinska izolacija DN 20, hladna voda","Toplinska izolacija na cjevovodima za toplu pitku vodu,
Izolacija od fizički umrežene polietilenske pjene sa zatvorenom strukturom, pojačana dodatnom folijom od mrežne tkanine otporne na trganje, s čvorovima na mjestima križanja, za sve materijale cijevi, za postavljenje u izbočeni zid i zidne proreze najvažnija svojstva proizvoda:
Lambda vrijednost 0,033 W/(m*K) na 10 °C
CE oznaka prema EN 14313 za cjelokupno
europsko tržište
Razred materijala: B2
Razred materijala prema DIN EN 13501-1: EL
Toplinska vodljivost: l10°C = 0,033 W/(m×K)
Difuzijska otpornost na vodenu paru: m ³ 5200
Temperaturna otpornost (trajno): od 80 °C do
+100 °C
Isporučena dužina: 2m
debljina izolacijskog sloja: 9 mm
Vanjski promjer cijevi: da = 22 mm (DN 20)
Referentni proizvod: Missel / VS 9-22
Br. artikla 104-0922
ili istovjetni proizvod,
ponuđeni proizvod/tip:
.......................................................
........................
(ispunjava ponuđač)",210,m,,,,0,
503.060.00135,,"Toplinska izolacija DN 25, hladna voda","Toplinska izolacija na cjevovodima za hladnu pitku vodu,
Izolacija od fizički
umrežene polietilenske pjene sa zatvorenom strukturom, pojačana
dodatnom folijom od mrežne tkanine otporne na trganje,
s čvorovima na mjestima križanja, za sve materijale cijevi,
za postavljenje u izbočeni zid i zidne proreze
najvažnija svojstva proizvoda:
Lambda vrijednost 0,033 W/(m*K) na 10 °C
CE oznaka prema EN 14313 za cjelokupno
europsko tržište
Razred materijala: B2
Razred materijala prema DIN EN 13501-1: EL
Toplinska vodljivost: l10°C = 0,033 W/(m×K)
Difuzijska otpornost na vodenu paru: m ³ 5200
Temperaturna otpornost (trajno): od 80 °C do
+100 °C
Isporučena dužina: 2m
debljina izolacijskog sloja: 9 mm
Vanjski promjer cijevi: da = 28 mm (DN 25)
Referentni proizvod: Missel / VS 9-28
Br. artikla 104-0928
ili istovjetni proizvod,
ponuđeni proizvod/tip:
.......................................................
........................
(ispunjava ponuđač)",25,m,,,,0,
503.060.00140,,Toplinska izolacija 35 mm mineralnih vlakana,"Toplinska izolacija na cjevovodima,
temperatura medija '+ 10 °C do + 70 °C',
okolišna temperatura '+ 20 °C',
izolacija od nezapaljivih materijala
Razred materijala A,
u zgradama,
visina cijevi iznad tla ‘do ........ m',
vanjski promjer cijevi do 35,0 mm,
cijev od 'nehrđajućeg čelika
uključujući sve dodatke (lukove, spojnice, grane,
nastavke, itd.)'.
Izolacija se sastoji od:

Strunjača od mineralnih vlakana,
toplinske vodljivosti '
.......................................................
...............
(ispunjava ponuđač)',
s prevlakom od aluminijske folije,
zavezati trakom,
uzdužne i okrugle niti zalijepiti trakom,
širina 'prema potrebi',
Proizvod '
.......................................................
............
(ispunjava ponuđač)',
Teško zapaljivo ljepilo,
Izolacijski sloj 'otporan na difuziju',
Izolacijski sloj debljine 30 mm.",130,m,,,,0,
503.060.00145,,Toplinska izolacija 42 mm mineralna vlakna,"Toplinska izolacija na cjevovodima,
temperatura medija '+ 10 °C do + 70 °C',
okolišna temperatura '+ 20 °C',
izolacija od nezapaljivih materijala
Razred materijala A,
u zgradama,
visina cijevi iznad tla ‘do ........ m',
vanjski promjer cijevi do 42,0 mm,
cijev od 'nehrđajućeg čelika
uključujući sve dodatke (lukove, spojnice, grane,
nastavke, itd.)'.
Izolacija se sastoji od:

Strunjača od mineralnih vlakana,
toplinske vodljivosti '
.......................................................
...............
(ispunjava ponuđač)',
s prevlakom od aluminijske folije,
zavezati trakom,
uzdužne i okrugle niti zalijepiti trakom,
širina 'prema potrebi',
Proizvod '
.......................................................
............
(ispunjava ponuđač)',
Teško zapaljivo ljepilo,
Izolacijski sloj 'otporan na difuziju',
Izolacijski sloj debljine 30 mm.",62,m,,,,0,
503.070,,Građevinski radovi (proboj zida / bušenje jezgre),,,,,0,,,
503.080,,Ostale usluge,,,,,0,,,
503.090,,Prijem / puštanje u rad,,,,,0,,,
503.090.00100,,Upute za rad i održavanje,"Tehnička dokumentacija
Svi primopredajni i revizijski dokumenti se elektroničkim putem
(bez papira) u odgovarajućem formatu trebaju
predati, odnosno skenirani poslati (npr. primopredajni izvještaji).
Revizijski planovi se kao plot datoteke i DWG datoteke
trebaju predati sukladno Kauflandovoj CAD smjernici.
Kod važnih dokumenata kao što su službene primopredaje,
primopredaje protupožarnih sustava kao i potvrde službenika
ili instituta za ispitivanja, s originalnim potpisima,
signaturama ili pečatima, Kauflandu se treba predati jedan
dodatni primjerak u papirnatom obliku
.

Svi dokumenti,
potvrde i planovi u papirnatom obliku, trebaju se predati u DIN
A4 fasciklama koje se označene brojčanom oznakom
u skladu sa zadanom strukturom.
Dokumenti koji se trebaju objaviti na oglasnoj ploči kao i knjige ispitivanja
za tehnička postrojenja, koja su predmet opetovane provjere i
koja moraju biti dostupna u zgradi,
također se u papirnatom obliku trebaju
predati Kauflandu.

Za predaju primopredajnih i revizijskih dokumenata
smije se koristiti isključivo elektronički sustav ""cFolders""
. Odgovarajući primopredajni izvještaji ili
potvrde s potpisima, signaturama ili
pečatima trebaju se skenirati i također elektronički predati
pomoću ""cFolders“ sučelja.

Arhitekt odnosno planer koji je odgovoran za nadzor gradilišta
provjerene i predane
primopredajne i revizijske
dokumente u odgovarajućem formatu i
sljedećoj strukturi postavlja
na ""cFolders“ platformu.
Potrebna struktura datoteka može se iščitati iz aktualne
KaBa-e.

Gotove sheme postrojenja u ispravnoj veličini
(minimalno A3), laminirane, postaviti na prikladno mjesto
na centrali.

Potrebna je dodatna obuka osoblja
nakon ca. 2 do 3 mjeseca.",1,psch,,,,0,
503.090.00105,,Ispiranje gore navedenih odvoda otpadnih voda,"Ispiranje gore navedenih odvodnih cijevi i
cijevi za masnu vodu
(u nekoliko dijelova) uključujući
ispitivanje nepropusnosti i protokol.",1,psch,,,,0,
503.090.00110,,Isperite izbočene cijevi za kišnicu,"Ispiranje gore navedenih cijevi za kišnicu
(u nekoliko dijelova)
uključujući ispitivanje nepropusnosti i protokol.",1,psch,,,,0,
503.090.00115,,Uspostavite električnu vezu,"Stručna izrada električnih
priključaka za sve cirkulacijske crpke,
sustave za podizanje, dodatna grijanja, spremnike tople vode,
protočne bojlere, upravljačke jedinice pisoara, bezdodirne
miješalice itd.
kao i stručno puštanje u rad u
dogovoru s električarom na terenu.",1,psch,,,,0,
503.090.00120,,- Ispitivanje tlakom,"Tlačno ispitivanje cijevne mreže nakon montaže cjevovoda na ispitni tlak od 15 bara prema propisima DIN-a 4279. Ispitivanje provesti prema uputstvima nadležnog distributera vode i tehničkim uvjetima ovog projekta. Ispitivanje se vrši uz prisustvo nadzornog inženjera. O tlačnom ispitivanju voditi zapisnik sa potpisom vršioca ispitivanja, nadzornog inženjera i odgovornih osoba. Rezultat tlačnog ispitivanja obvezno evidentirati u građevinski dnevnik. U stavku je uključena dobava pumpe i mjernog uređaja kao i ostalog potrebnog pribora za provedbu tlačne probe.",1,kom.,,,,0,
503.090.00125,,Dezinficirati i isprati,"Dezinfekcija i naknadno ispiranje cjevovoda za pitku vodu, prema DIN 1988 i DVGW W 291, vodom, puštanje u rad po pojedinim odsjecima, za sve i u nekoliko dijelova,
DN cijevi = sve dimenzije = paušalno.",1,psch,,,,0,
503.090.00130,,- Ispitivanje kanala na vodonepropusnost i funkcionalnost,"Provjera ispravnosti gotovog kanala i ispitivanje kanala i revizijskih okana na vodonepropusnost prema HRN EN 1610:2015 i drugim važećim propisima, uz ishođenje atesta za tehnički pregled i primopredaju s izradom izvješća o ispitivanju.
Ispitivanje se vrši na djelomično zatrpanom kanalu - spojevi moraju biti slobodni i vidljivi. Ispitivanje vrši osoba (laboratorij) ovlaštena prema normi HRN EN ISO/IEC 17025:2007.
Stavka uključuje sav upotrijebljeni materijal, opremu i rad ovlaštene osobe.
Obračun po m' ispitanog izvedenog kanala s oknima.",1,komplet,,,,0,
503.090.00135,,"- Mehaničko čišćenje kanala, revizijskih okana i priključaka","Mehaničko čišćenje kanala, revizijskih okana i priključaka prije ispitivanja vodonepropusnosti i kao priprema za CCTV inspekciju. Ispiranje prethodi snimanju TV kamerom i ispitivanju kanala na vodonepropusnost i funkcionalnost. U cijenu uključena potrebna količina vode potreban za ispiranje kanala.
Obračun po m' ispranog kanala s oknima.",1,komplet,,,,0,
503.090.00140,,- Snimanje izvedenog stanja,"CCTV inspekcija (optički pregled) kanala s izradom pripadajućeg izvještaja prema protokolu snimanja te zapisa na CD-u (DVD) kao dokaz o ispravno izvedenom kanalu i revizijskim oknima. CCTV inpekcija se provodi sukladno normi Uvjeti za sustave odvodnje izvan zgrada – 2. dio: Sustav kodiranja optičkog nadzora HRN EN 13508-2/AC.
Obračun po m' snimljenog kanala.",1,komplet,,,,0,
503.090.00145,,- Ispitivanje vodonepropusnosti separatora,"Ispitivanje vodo nepropusnosti separatora
Ispitivanje separatora na vodo nepropusnost prema HRN EN 1508. Ispitivanje treba provesti organizacije s važećom akreditacijom za provođenje ispitivanja prema navedenoj normi uz obaveznu prisutnost nadzornog inženjera tokom ispitivanja. O dobivenim rezultatima ispitivanja izdaje se Izvještaj kojeg treba predočiti kod tehničkog prijema.",1,komplet,,,,0,
503.090.00150,,- Pribavljanje izjave o izvršenoj tlačnoj probi,Pregled i ispitivanje ispravnosti stabilnog sustava za gašenje požara - vanjske i unutarnje hidrantske mreže od strane neovisne i ovlaštene tvrtka s valjanim certifikatskim rješenjem za obavljanje ove djelatnosti. Nakon provedenog ispitivanja izdaje se Zapisnik s Uvjerenjem o pregledu ispravnosti sustava,1,komplet,,,,0,
503.090.00155,,- Pribavljanje izjave o kvaliteti vode,Nakon dezinfekcije i drugog ispiranja uzeti uzorke za ispitivanje kod Zavoda za javno zdravstvo uz izdavanje uvjerenja (ili druge ovlaštene ustanove prema Pravilniku o zdravstvenoj ispravnosti vode za piće (NN 182/04)). Obračun po kompletu pribavljene izjave o kvaliteti vode od strabe Zavoda za javno zdravstvo.,1,komplet,,,,0,
503.090.00160,,Puštanje u rad i probne vožnje svih građevinskih usluga,"Puštanje u rad i testiranje u prisutnosti svih odjeljaka za TGA,
ustupanje stručne radne snage kod puštanja u rad,
ispitivanja i testiranja rada svih sustava tehnike zgrade:
- Cjelokupni elektrotehnički sustav jake i slabe struje s
vatrodojavnom centralom,
protuprovalnom centralom itd.
- Cijelokupna MSR tehnika
- RLT, rashladni, sanitarni sustavi i sustavi grijanja
- Sprinkleri (za gašenje požara),
- Protupožarni sustavi odnosno tehnika (odimljavanje)

- Testiranje za sve hitne slučajeve i slučajeve požara,
- Testiranje radnih stanja TGA odjeljaka
Kauflandov standard prema KaBa-i,
- „Vožnja u koloni“ prema smjernicama ponašanja u slučaju požara,

uključujući protokoliranje rezultata,
analizu i uklanjanje svih nedostataka
u suradnji sa svim odjeljcima.",1,psch,,,,0,
503.090.00165,,Dobivanje mikrobiološkog izvješća,"Sakupljanje mikrobioloških procjena
kod odgovorne zdravstvene institucije za
postrojenje pitke vode, 1 x prije početka gradnje,
1 x međuprocjena nakon određenog napretka u gradnji
i 1 x prije krajnje primopredaje.",1,St,,,,0,
503.090.00170,,"Ispitivanje sigurnosti i funkcionalnosti,","Sigurnosna i funkcijska ispitivanja,
puštanje u rad, primopredaja i obučavanje
uz protokoliranje navedenog dodatnog grijanja za cijevi
uključujući obučavanje osoblja za rukovanje
uklj. potvrdu.",1,psch,,,,0,
503.100,,održavanje,,,,,0,,,
504,,Sustavi za gašenje požara,,,,,0,,,
504.010,,ZTV,,,,,0,,,
504.020,,Upravljanje prskalicama / pumpe,,,,,0,,,
504.030,,Cijevna mreža (mokro područje),,,,,0,,,
504.030.00500,,Cjevovod DN 50,"Cjevovod za vodu za gašenje
kao „mokri vod“ DIN 14 461 dio 1
od zavarene čelične cijevi s premazom u prahu
RAL 9010 odnosno prema najnovijem stanju KaBa-e,
DIN 2440',
DN (xxx)
spojeno spojnicom
u odgovarajućoj boji,
postaviti u zgradama,
uključ. oblikovane i spojne elemente, sredstva za zavarivanje ili
lemljenje i brtvljenje.
Čvrste točke, sustavi za pričvršćivanje teških cijevi s
obujmicama, konstrukcije vodilica i nosive konstrukcije obračunavaju se zasebno.
Pričvrsnice za cijevi s certificiranim tiplama uključ.
vanjske cijevi za provođenje kroz zid i strop,
zbog zaštite od buke popuniti negorivim materijalima,
sa završnim rozetama.
Visina montaže iznad ograde/poda između 3,5 i 5 m.",210,m1,,,,0,
504.030.00505,,Cjevovod DN 80,"Cjevovod za vodu za gašenje
kao „mokri vod“ DIN 14 461 dio 1
od zavarene čelične cijevi s premazom u prahu
RAL 9010 odnosno prema najnovijem stanju KaBa-e,
DIN 2440',
DN (xxx)
spojeno spojnicom
u odgovarajućoj boji,
postaviti u zgradama,
uključ. oblikovane i spojne elemente, sredstva za zavarivanje ili
lemljenje i brtvljenje.
Čvrste točke, sustavi za pričvršćivanje teških cijevi s
obujmicama, konstrukcije vodilica i nosive konstrukcije obračunavaju se zasebno.
Pričvrsnice za cijevi s certificiranim tiplama uključ.
vanjske cijevi za provođenje kroz zid i strop,
zbog zaštite od buke popuniti negorivim materijalima,
sa završnim rozetama.
Visina montaže iznad ograde/poda između 3,5 i 5 m.",120,m1,,,,0,
504.040,,Mreža cjevovoda (suho područje),,,,,0,,,
504.050,,Zidni hidrantni sustav,,,,,0,,,
504.050.00100,,FSG kombinacija zidnih hidranata,"FSG kombinacija zidnih hidranata
Model 510 CM SO
za pomoć laicima i za opskrbu vodom za gašenje požara za
vatrogasce, s pretincem za aparat za
gašenje požara ispod pretinca za zidni
hidrant, s ugradbenom napravom za ručni detektor požara iznad pretinca za
zidni hidrant.

Unutarnja oprema sastoji se od:
1 vijčanog spoja DN 50 DIN 14461.5-4
1 priključnog ventila za crijevo DN 50 DIN 14461.3 s
C čvrstim spojem od mjedi
1 koluta za crijevo kroz koji se provodi voda montiranog
na kliznik s mogućnosti izvlačenja
, lakiranog RAL 3001, sa spojnim crijevom sa spojem
C52/DN 25 pod kutom, od mjedi
1 x 30 m tlačnog crijeva postojanog oblika DN 25
sukladno PrEN 694 predispitanog
1 čeličnog crijeva EN 671-1 DN 25 s poprečnim presjekom otvora
6 mm, s namotanim crijevom, sva 4
priključka utisnuta, pod tlakom 1,6 MPa.
1 ormara, model 510 CM SO, u posebnoj izvedbi
Uski hidrant
Nadžbukni ormar vrste konstrukcije C š/v/d: 390x1500x700
od čeličnog lima, obrađenih bridova i zavaren
s vratima utisnutima u okvir,
otvaranje pod 180°
s vijčanim spojevima pričvršćenim okovima visine 60,
s mogućnosti promjene strane otvaranja vrata,
ugradbeni kutnik za ručni detektor požara, sa zaštitom za kabel,
s mogućnosti podešavanja dubine i mogućnosti demontaže,
otvor za vrata 134x134 iznad
pretinca za hidrant u zidu
Pretinac za aparat za gašenje požara visine 250, zapečaćen
Zatvarač: upuštena preklopna drška, od metala,
s mogućnosti plombe
Svi čelični dijelovi lakirani prema GUV 07 § 11 RAL 3001
s držačem za prskalicu
Podkonstrukcija s kontinuiranim U profilom visine oko 100
s otvorom za priključak za vodu sa stražnje strane, na sredini kroz
strop.
1 uređaj za gašenje prahom prema EN 3, 12 kg, razred protupožarne zaštite ABC

Oznaka: Samoljepljiva folija
1 piktogram ""zidni hidrant"" 200x200 sukladno VBG 125
1 piktogram ""aparat za gašenje požara"" 200x200 sukladno VBG 125
1 korisnički priručnik DIN A5, Rotrand
1 upute za instalaciju 194.1-4

Ili istovjetni proizvod prema nacionalnim propisima
Proizvod/tip:
.......................................................
.......................
(ispunjava ponuđač)",5,kom,,,,0,
504.050.00200,,FSG kombinacija zidnih hidranata,"FSG kombinacija zidnih hidranata
Model 162 CM K SO
prema DIN EN 671-1/2.96 i DIN 14461.1/4.96
za pomoć laicima i za opskrbu vodom za gašenje požara za
vatrogasce, s pretincem za aparat za gašenje požara ispod pretinca za zidni
hidrant.

Unutarnja oprema (kompatibilna s EN 671-1 s certifikatom nadležnog
državnog ispitnog tijela) sastoji se od:
1 vijčanog spoja DN 50 DIN 14461.5-4
1 priključnog ventila za crijevo DN 50 DIN 14461.3 s
C čvrstim spojem od mjedi
1 koluta za crijevo kroz koji se provodi voda s rotacijskim krakom
, lakiranog RAL 3001
, i spojnog crijeva sa spojem C52/DN 25
pod kutom, od mjeda
1 x 30 m tlačnog crijeva postojanog oblika DN 25
sukladno PrEN 694 predispitanog
1 čeličnog crijeva EN 671-1 DN 25 s poprečnim presjekom otvora
6 mm, s namotanim crijevom, sva 4
priključka utisnuta, pod tlakom 1,6 MPa.
1 ormara, model 162 M
Nadžbukni ormar vrste konstrukcije C š/v/d: 740x1240x250
od čeličnog lima, obrađenih bridova i zavaren
Nadžbukna izvedba s dvjema vratima, otvaranje pod 180°
s vijčanim spojevima pričvršćenim okovima visine 60,
s mogućnosti promjene strane otvaranja vrata,
pretinac za aparat za gašenje požara visine 250, zapečaćen
Zatvarač: upuštena preklopna drška, od metala,
s mogućnosti plombe
Nehrđajući čelik s držačem rotacijskog kraka, s
držačem za prskalicu.
Otvor za priključak za vodu sukladno DIN s gornje strane
Podkonstrukcija s kontinuiranim U profilom visine oko 380
1 uređaj za gašenje prahom prema EN 3, 12 kg, razred protupožarne zaštite ABC

Oznaka: Samoljepljiva folija
1 piktogram ""zidni hidrant"" 200x200 sukladno VBG 125
1 piktogram ""aparat za gašenje požara"" 200x200 sukladno VBG 125
1 korisnički priručnik DIN A5, Rotrand
1 upute za instalaciju 194.1-4

Ili istovjetni proizvod prema nacionalnim propisima
Proizvod/tip:
.......................................................
.......................
(ispunjava ponuđač)",12,kom,,,,0,
504.050.00500,,Cjevovod DN 80,"Cjevovod za vodu za gašenje
kao „mokri vod“ DIN 14 461 dio 1
od zavarene čelične cijevi s premazom u prahu
RAL 9010 odnosno prema najnovijem stanju KaBa-e,
DIN 2440',
DN (xxx)
spojeno spojnicom
u odgovarajućoj boji,
postaviti u zgradama,
uključ. oblikovane i spojne elemente, sredstva za zavarivanje ili
lemljenje i brtvljenje.
Čvrste točke, sustavi za pričvršćivanje teških cijevi s
obujmicama, konstrukcije vodilica i nosive konstrukcije obračunavaju se zasebno.
Pričvrsnice za cijevi s certificiranim tiplama uključ.
vanjske cijevi za provođenje kroz zid i strop,
zbog zaštite od buke popuniti negorivim materijalima,
sa završnim rozetama.
Visina montaže iznad ograde/poda između 3,5 i 5 m.",120,m1,,,,0,
504.050.00505,,Cjevovod DN 50,"Cjevovod za vodu za gašenje
kao „mokri vod“ DIN 14 461 dio 1
od zavarene čelične cijevi s premazom u prahu
RAL 9010 odnosno prema najnovijem stanju KaBa-e,
DIN 2440',
DN (xxx)
spojeno spojnicom
u odgovarajućoj boji,
postaviti u zgradama,
uključ. oblikovane i spojne elemente, sredstva za zavarivanje ili
lemljenje i brtvljenje.
Čvrste točke, sustavi za pričvršćivanje teških cijevi s
obujmicama, konstrukcije vodilica i nosive konstrukcije obračunavaju se zasebno.
Pričvrsnice za cijevi s certificiranim tiplama uključ.
vanjske cijevi za provođenje kroz zid i strop,
zbog zaštite od buke popuniti negorivim materijalima,
sa završnim rozetama.
Visina montaže iznad ograde/poda između 3,5 i 5 m.",155,m1,,,,0,
504.060,,Građevinski radovi (proboj zida / bušenje jezgre),,,,,0,,,
504.070,,Druge usluge,,,,,0,,,
504.080,,Prijem / puštanje u rad,,,,,0,,,
504.090,,održavanje,,,,,0,,,
505,,MSR tehnologija,,,,,0,,,
505.010,,ZTV,,,,,0,,,
505.020,,ISP 1 KKV + grijanje,,,,,0,,,
505.030,,ISP 2 Centralni ventilacijski i pomoćni sustavi,,,,,0,,,
505.040,,Kontrola tržišta i izvještavanje o greškama,,,,,0,,,
505.050,,"BACnet, M-Bus veza i L-Box",,,,,0,,,
505.060,,Ostale usluge,,,,,0,,,
505.070,,održavanje,,,,,0,,,
506,,Zaštita od groma / uzemljenje temelja,,,,,0,,,
506.010,,ZTV,,,,,0,,,
506.020,,Vanjska zaštita od munje,,,,,0,,,
506.030,,Temeljne elektrode za uzemljenje i kabeli za uzemljenje,,,,,0,,,
506.040,,Duboka zemljana šipka,,,,,0,,,
506.050,,Ostale usluge,,,,,0,,,
506.060,,Prijem / puštanje u rad,,,,,0,,,
507,,napajanje,,,,,0,,,
507.010,,Opskrba zgrada,,,,,0,,,
507.020,,Stanična zgrada,,,,,0,,,
507.030,,Srednjonaponski / rasklopni uređaji,,,,,0,,,
507.040,,Srednji napon / mjerenje,,,,,0,,,
507.050,,Transformator i NN postrojenja,,,,,0,,,
507.060,,Dvostruki pod,,,,,0,,,
507.070,,Sustav napajanja u nuždi,,,,,0,,,
507.080,,Ostale usluge / dokazi,,,,,0,,,
507.090,,Prihvatni / funkcionalni testovi,,,,,0,,,
508,,Visokonaponski sustavi,,,,,0,,,
508.010,,ZTV,,,,,0,,,
508.020,,Distribucije,,,,,0,,,
508.030,,Zaštita od prenapona,,,,,0,,,
508.040,,Prikupljanje podataka o energiji,,,,,0,,,
508.050,,Sustav kompenzacije,,,,,0,,,
508.060,,Sustavi polaganja kabela / vodova,,,,,0,,,
508.070,,kablovi i žice,,,,,0,,,
508.090,,Instalacijski uređaji,,,,,0,,,
508.100,,MSR kabliranje (mreža i sustavi polaganja),,,,,0,,,
508.105,,Rasvjeta Zumtobel,,,,,0,,,
508.106,,Rasvjeta Oktalite,,,,,0,,,
508.107,,Rasvjeta Signify,,,,,0,,,
508.150,,"Osvjetljenje parkirališta,  dostavno dvorište,  reklame",,,,,0,,,
508.160,,Osvjetljenje  parkirališta,,,,,0,,,
508.170,,Osvjetljenje nadgrađene razine parkirališta,,,,,0,,,
508.180,,Sigurnosna rasvjeta,,,,,0,,,
508.190,,"Proboji zidova, bušenje jezgre, vatrogasne barijere",,,,,0,,,
508.200,,"Priključci uređaja, tržišne veze (ELMA)",,,,,0,,,
508.210,,Ostale usluge,,,,,0,,,
508.220,,Prijem / puštanje u rad,,,,,0,,,
508.230,,održavanje,,,,,0,,,
509,,Sustavi telekomunikacija i informacijske tehnologije,,,,,0,,,
509.010,,IT i telefonska mreža,,,,,0,,,
509.020,,Antenski sustav kabelske mreže,,,,,0,,,
509.030,,Mreža video nadzora,,,,,0,,,
509.040,,Mreža alarmnog sustava za upad,,,,,0,,,
509.050,,Glasovni alarmni sustav,,,,,0,,,
509.060,,Protupožarni sustav,,,,,0,,,
509.070,,BOS radio,,,,,0,,,
509.080,,Građevinski radovi (proboj zida / bušenje jezgre),,,,,0,,,
700,,Otvoreni prostori,,,,,0,,,
701,,Vanjske površine,,,,,0,,,
701.000,,Prethodne napomene,,,,,0,,,
,,ZTV - Dodatni tehnički uvjeti ugovora,"1.) Dodatni ugovoreni tehnički uvjeti dio su troškovnika te u slučaju ugovaranja postaju dio ugovora. Izvođač radova se dakle obavezuje na sve usluge radove i primjene koje proizlaze iz ovih uvjeta te su one uračunate u cijenu, ukoliko nisu zasebno ponuđene.

2.) Cijene stavki se prikazuju kao neto iznos u državnoj valuti. Važeći zakonski propisani porez na dodanu vrijednost obračunava se zasebno.

3.) U slučaju proturječnosti dodatnih ugovorenih tehničkih uvjeta vrijede prvenstveno podaci iz troškovnika. U slučaju proturječnosti između troškovnika i tehničke dokumentacije koja se predaje prilikom natječaja, vrijedi tehnička dokumentacija.

4.) Prije početka davanja ponude, ponuditelj je dužan pažljivo pročitati kompletan tekst općih uvjeta uz troškovnik, općih i posebnih uvjeta uz svaku grupu radova, tekst samog troškovnika i ostale dijelove tehničke dokumentacije. Ako opis bilo koje stavke u troškovniku dovodi do sumnje o načinu izvedbe ili upotrebu gradiva zahtijevane kvalitete, treba prije predaje ponude zatražiti pojašnjenje od ovlaštene osobe Investitora. Naknadno pozivanje na manjkavost ili nepoznavanje projektno-tehničke dokumentacije ili opisa u troškovniku neće se uzeti u obzir, niti smatrati razlogom za produženje roka izvedbe, a niti će se priznati bilo kakva razlika u cijeni s tog naslova.

5.) Tehnička dokumentacija koja se predaje prilikom natječaja informativnog je karaktera, a ponuđač je dužan u svom trošku izvršiti kontrolu projektno tehničke dokumentacije u smislu točnosti, tehničke ispravnosti, izvedivosti i međusobne usklađenosti. Sve eventualne primjedbe ponuditelj/izvoditelj dužan je pravovremeno uz ponudu, a u svakom slučaju prije izvedbe u pisanom obliku dostaviti Nadzoru i Naručitelju

6.) Ponuditelj je dužan provesti i kontrolu lokacije na licu mjesta prije davanja ponude. Jedinične cijene za pojedine vrste radova sadrže i sve one posredne troškove koji nisu iskazani u troškovniku, ali su neminovni za izvršenje radova predviđenih projektom.

7.) Organizacija gradilišta uračunata je u cijenu, ukoliko nije ponuđena kao zasebna stavka.

8.) Dizalice za podizanje, skele, strojevi, alati, pomoćna sredstva i konstrukcije uzeti su u obzir te su uračunati u jediničnu cijenu.

9.) Skele za radove na fasadi i radove na krovu predmet su ovog natječaja. Ponuditelj smije koristiti postojeće skele uz poštivanje sigurnosnih uvjeta i na vlastitu odgovornost. Preinake na skelama nisu dozvoljene te se one moraju predati u ispravnom stanju u kojem su i preuzete.

10.) Kompletnu režiju gradilišta usigurava i rješava ponuditelj/izvođač i i uključena je u jediničnu cijenu.

11.) Ponuditelj je obvezan redovno prikupljati i ,pravilno skladištiti i odvoziti na ovlašteni deponij sve otpadne materijale, ostatke, krhotine, građevinski otpad, ambalaže, obični otpad i slično o vlastitom trošku. Kod odlaganja otpada potrebno je pridržavati se svih javnopravnih uputa i propisa.

12.) Onečišćenja koja uslijed radova nastaju na susjednim terenima, zgradama, putovima, cestama, trgovima i slično, izvođač radova treba svakodnevno čistiti.

13.) Izvođač preuzima odgovornost za osiguravanje, skladištenje i spremanje vlastite građevinske opreme, strojeva, uređaja, alata i slično. Jednako vrijedi i za građevinske materijale, elemente i za ugradnju određenih uređaja i objekata sve do primopredaje obavljenih građevinskih radova.

14.) Prilikom izvođenja radova, izvoditelj treba zaštititi sve susjedne plohe, dijelove konstrukcije i prethodno izvedene radove na prikladan način a u skladu sa pravilima zaštite na radu, tako da ne dođe do oštećenja istih. Troškove zaštite treba izvoditelj ukalkulirati u ponudbenu cijenu izvođenja radova. Ukoliko ipak dođe do oštećenja prethodno izvedenih radova za koje je odgovoran izvoditelj ili njegov kooperant, dužan je iste o svom trošku dovesti u stanje prije oštećenja ili naručiti iste radove kod drugog izvoditelja na svoj teret.

15.) Sve potrebne mjere prema javnopravnim uputama i propisima za sigurnost i zaštitu zdravlja trebaju se uzeti u obzir te ih se treba pridržavati prilikom izvođenja radova.

16.) Prilikom davanja ponude i izvođenja radova treba se uzeti u obzir, uračunati i pridržavati se
- svih državnih i javnopravnih zakona, smjernica i propisa
- svih odgovarajućih tehničkih standarda, pravila i smjernica
- općeprihvaćenih pravila tehnike
- uputa, propisa i napomena proizvođača za ugradnju i obradu
- Kauflandovih građevinskih opisa, ugovorenih uvjeta i ostalih Kauflandovih dokumenata i planova.

17.) Stavke troškovnika obuhvačaju konačno dovršenje radova definiranih po količini i kvaliteti, onosno podrazumijevaju se kao gotove, potpune i funkcionirajuće, uklj. sve potrebne male dijelove i sredstva za pričvršćivanje, pomoćne materijale i sredstva, podkonstrukcije itd., kao i sve dodatne i posebne usluge - čak i kada one nisu detaljno opisane.

18.) Ako su treće stranke uključene u izvođenje predradnji, izvođač radova ih treba provjeravati. U slučaju nepravilnosti ili prigovora pravovremeno treba informirati naručitelja, tako da može tehnički i organizacijski dovršiti poslove.

19.) Obavezno se treba pridržavati svih Kauflandovih proizvodnih uputa, osim ako postoje opravdani razlozi za odstupanje (npr. dostupnost). U tom slučaju izvođač treba ponuditi istovjetni proizvod ili sustav te potvrditi istovjetnost. O njoj odlučuje naručitelj.

20.) Sustavi se izvode isključivo pomoću komponenata koje su predviđene od strane proizvođača sustava.

21.) Svi materijali, građevinski elementi i uređaji koji neposredno utječu na izgled i funkcionalnost prije ugradnje se trebaju provjeriti. Ugrađuju se tek nakon što naručitelj ili ovlaštena osoba odobri ugradnju na gradilištu. O vrsti i obliku uzorka odlučuje naručitelj.

22.) Ako nije drukčije propisano, izmjene postojećih projektnih rješenja od strane ponuditelja/izvođača a koje utječu na mehaničku stabilnost, ponuditelj/izvođač je dužan u svom trošku ishoditi sve suglasnosti, dozvole i sl.
Projekt izvedenog stanja ukalkulirati u jedničnu cijenu te dostaviti Kauflandu u pisanom i digitalnom obliku.

23.) Svi radovi na objektu te primjenjeni sistemi gradnje moraju biti izvedeni prema pravilu struke, odnosnu u granicama dopuštenih tolerancija.

24.) Ukoliko je ugovoreni termin izvršenja objekta uključen i zimski odnosno ljetni period, to se neće posebno izvođaču priznavati na ime naknade za rad pri niskoj temperaturi, zaštita konstrukcija od hladnoće i vrućine, te atmosferskih nepogoda, sve mora biti uključeno u jediničnu cijenu. Za vrijeme zime objekat se mora zaštititi. Svi eventualni smrznuti dijelovi moraju se ukloniti i izvesti ponovo bez bilo kakve naplate. Ukoliko je temperatura niža od temperature pri kojoj je dozvoljen dotični rad, a Investitor ipak traži da se radi, Izvođač si ima pravo zaračunati naknadu po normi 6,006 ali u tom slučaju Izvođač snosi punu odgovornost za ispravnost i kvalitetu rada. To isto vrijedi i za zaštitu radova tokom ljeta od prebrzog sušenja uslijed visoke temperature.

25.) U jediničnu cijenu rada izvođač treba obuhvatiti i slijedeće radove, koji se neće zasebno platiti kao naknadni rad, čak i ako nisu izričito navedenei u troškovniku:
- sve vrste transporta građevinskih materijala, elemenata, uređaja, objekata itd. do mjesta ugradnje
- potrebne i uobičajene pripreme i predobrade tla
- sve vrste bušenja, zavarivanja, lijepljenja, malih dijelova, sredstava za pričvršćivanje, međupoložaja, izolacije, brtvljenja, folija, spojeva itd. koje su potrebne za priključak, montažu i pričvršćivanje građevinskih dijelova i elemenata
- stručna priprema i priključak na sve okolne dijelove, ugradbene i nadgradne elemente i propuste
- sve izrade kutova, spojnih površina i elemenata, završnih elemenata, slobodnih krajeva itd.
- sve podloge za montažu, priključak i pričvršćivanje kao što su beton, zidani elementi, čelik, aluminij, limovi, gips karton, itd.
- potrebne spojne, kose i okrugle rezove te ostatke rezanja
- Izrada otvora i proreza za instalacije i ugradbene elemente drugih izvođača
- interno povezivanje kablovima i priključak objekata, dovod prema električnim trošilima na gradilištu od strane elektro izvođača",,,,,,,
,,Ograničenje usluga za vanjske sadržaje,"U sljedećim pozicijama potrebno je uzeti u obzir i uračunati sljedeće usluge, čak i ako nisu izričito navedene:
- Zaštitu postojećih stabala i grmlja
- lokalizaciju i po potrebi osiguravanje postojećih vodova u radnom području izvođača
- Transporte i skladištenja radnog materijala izvođača, npr. za stvaranje slobodnog prostora za druge radove
- Ručne radove ukoliko nije moguće koristiti strojeve",,,,,,,
701.010,,Rubnjaci,,,,,0,,,
701.010.00100,,- Skošeni betonski rubnjak dim. 15x25 cm,"Izvedba kolničkih rubnjaka 15/25cm. Visine 8 cm iznad asfalta. Postavljaju se na prostoru parkirališta osobnih automobila. Rubnjaci su od betona C40/50 prema EN 1340:2003 (E), spadaju u 3. razred visoke otpornosti na klimatske uvjete, habanje i visoke su čvrstoće.Klasifikacija DTI: Otpornost na vremenske uvjete (otpornost na smrzavanje i sol za odmrzavanje) klasa 3 (D),otpornost na progibanje klasa 2 (T), otpornost na trljanje klasa 4 (I)
Ova stavka obuhvaća:
- dobavu gotovih zakošenih betonskih rubnjaka C 40/50, te razvoz rubnjaka po gradilištu,
- pripremu podloge, čišćenje, otkop ili nasipavanje sa nabijanjem kod podloge od kamena,
- izrada i ugradbnja betona C 12/15 podloge i zaloge, 0,15m3/m1
- polaganje rubnjaka u beton po pravcu i niveleti sa razmakom (spojnicom) do 1 cm,
- svi prijevozi i prijenosti betona i pomoćnog materijala,
- zalijevanje spojnica cementnim mortom omjera 1:4,
- njega betona,
- ispitivanje kvalitete rubnjaka sa pribavljanjem atesta
Izvedba radova, obračun radova i kontrola kvalitete prema OTU 3-04.7.1.
Obračunato po ml ugrađenog rubnjaka uzdignuto i upušteno do potpune pogonske gotovosti.",521,m,,,,0,
701.010.00105,,"- doplata za betonske rubnjake 15/25cm, unutarnji kut","Doplata za gore navedeni betonski rubnjak za izradu unutarnjih ili vanjskih kutova pomoću gotovih radijalnih rubnjaka.

Radijus: 0,5 m",24,kom,,,,0,
701.010.00110,,- Skošeni betonski rubnjak dim. 15x30 cm,"Izvedba kolničkih rubnjaka 15/30cm. Visine 15cm iznad asfalta. Postavljaju se na prostoru gospodarskog dvorišta. Rubnjaci su od betona C40/50 prema EN 1340:2003 (E), spadaju u 3. razred visoke otpornosti na klimatske uvjete, habanje i visoke su čvrstoće.Klasifikacija DTI: Otpornost na vremenske uvjete (otpornost na smrzavanje i sol za odmrzavanje) klasa 3 (D),otpornost na progibanje klasa 2 (T), otpornost na trljanje klasa 4 (I)
Ova stavka obuhvaća:
- dobavu gotovih zakošenih betonskih rubnjaka C 40/50, te razvoz rubnjaka po gradilištu,
- pripremu podloge, čišćenje, otkop ili nasipavanje sa nabijanjem kod podloge od kamena,
- izrada i ugradbnja betona C 12/15 podloge i zaloge, 0,15m3/m1
- polaganje rubnjaka u beton po pravcu i niveleti sa razmakom (spojnicom) do 1 cm,
- svi prijevozi i prijenosti betona i pomoćnog materijala,
- zalijevanje spojnica cementnim mortom omjera 1:4,
- njega betona,
- ispitivanje kvalitete rubnjaka sa pribavljanjem atesta
Izvedba radova, obračun radova i kontrola kvalitete prema OTU 3-04.7.1.
Obračunato po ml ugrađenog rubnjaka uzdignuto i upušteno do potpune pogonske gotovosti.",107.59,m,,,,0,
701.010.00115,,- ravni parkovni betonski rubnjak dim. 8x20 cm,"Izvedba parkovnog rubnjaka 8/20cm. Rubnjaci su od betona C40/50 prema EN 1340:2003 (E), spadaju u 3. razred visoke otpornosti na klimatske uvjete, habanje i visoke su čvrstoće.Klasifikacija DTI: Otpornost na vremenske uvjete (otpornost na smrzavanje i sol za odmrzavanje) klasa 3 (D),otpornost na progibanje klasa 2 (T), otpornost na trljanje klasa 4 (I)
Ova stavka obuhvaća:
- dobavu gotovih ravnih parkovnih betonskih rubnjaka C 40/50, te razvoz rubnjaka po gradilištu,
- pripremu podloge, čišćenje, otkop ili nasipavanje sa nabijanjem kod podloge od kamena,
- izrada i ugradbnja betona C 12/15 podloge i zaloge, 0,15m3/m1
- polaganje rubnjaka u beton po pravcu i niveleti sa razmakom (spojnicom) do 1 cm,
- svi prijevozi i prijenosti betona i pomoćnog materijala,
- zalijevanje spojnica cementnim mortom omjera 1:4,
- njega betona,
- ispitivanje kvalitete rubnjaka sa pribavljanjem atesta
Izvedba radova, obračun radova i kontrola kvalitete prema OTU 3-04.7.1.
Obračunato po ml ugrađenog rubnjaka uzdignuto i upušteno do potpune pogonske gotovosti.",543,m,,,,0,
701.010.00120,,- Odvodni rubnjaci,"Nabava, prijevoz i ugradnja rubnjaka s integriranim odvodnim kanalom od polimerbetona otpornog na smrzavanje i soli (tip kao ACO Kerbdrain ili jednakovrijedan), uključena izrada, planiranje i zbijanje podloge, nabava podložnog materijala, svi prijevozi i prijenosi, privremeno skladištenje, razvoz i postavljanje predgotovljenih elemenata, obrada sljubnica, postavljanje i demontaža potrebne oplate, rad na ugradnji i njezi betona. Stavkom je obuhvaćen sav rad, oprema i materijal potreban za potpuno dovršenje stavke. Obračun je po m1.",18.4,m,,,,0,
701.010.00125,,- Odvodni rubnjaci - sabirnik,"Nabava, prijevoz i ugradnja tipskog sabirnika iz rubnjaka s integriranim odvodnim kanalom od polimerbetona otpornog na smrzavanje i soli (tip kao ACO Kerbdrain ili jednakovrijedan), prema detaljima u projektu. Stavkom je obuhvaćen sav rad, oprema i materijal potreban za potpuno dovršenje stavke. Obračun je po komadu.",2,kom,,,,0,
701.020,,Montažni potporni zid,,,,,0,,,
701.030,,Vanjske stepenice,,,,,0,,,
701.040,,Kanali i slivnici,,,,,0,,,
701.040.00100,,x..EW1..x - cestovni betonski slivnik,"Izrada vodonepropusnih montažnih betonskih predgotovljenih elemenata slivnika od betonskih cijevi promjera 50 cm ukupne dubine 1,8 - 2,2m (od kote rešetke do kote dna slivnika). Beton C 30/37.Oko slivničke cijevi treba izvesti oblogu od nepropusnog betona St. 3-04.5 OTU, HRN U.N1.050, U.E3.050. Betonske cijevi moraju biti atestiranje, a njihovu upotrebu odobrava nadzorni inženjer. U cijenu koštanja obračunat je sav potreban materijal i radna snaga. Obračunato po komadu kompletno izvedenog vodolovnog grla sa priključkom, do potpune pogonske gotovosti. Klasično vodolovno grlo s rešetkom, perforiranom pocinčanom kantom za otpatke i taložnicom, promjera priključne cijevi Φ 160 (200)mm. 2 slivnika od 27, se izvode bez taložnice kao mini slivnik, prema projektu.
U cijenu ulazi: a) iskop rova za priključak vodolovnih grla na kanalizacijsku mrežu, sa ravnim odsijecanjem stranica rova, razupiranje rova i fino niveliranje dna rova na visinu,
b) iskop za vodolovna grla,
c) zatrpavanje kanalskog jarka i oko vodolovnih grla cementom stabilizacijom uz nabijanje,
d) odvoz materijala nakon iskopa, uključivo utovar, prijevoz, istovar, razastiranje i ugradnja na deponiji na udaljenosti do 10 km
e) izrada priključaka
f) probijanje zidova betonskih okana za priključak cijevi DN 160. Na mjestima gdje se priključne cijevi slivnika priključuju na kanalsku cijev upotrijebiti fazne komade UNO-45/160(200) u smjeru tečenja
g) izrada betonske ploče dna vodolovnih grla iz nabijenog betona C 16/20 sa aditivima za vodnepropusnost,
f) izvedba gotovih rupa prema projektu za priključak cijevi DN 160. Na mjestima gdje se priključne cijevi slivnika priključuju na kanalsku cijev upotrijebiti fazne komade UNO-45/160(200) u smjeru tečenja
g) izrada betonske ploče dna vodolovnih grla iz nabijenog betona C 16/20 sa aditivima za vodnepropusnost,
h) dobava, doprema i ugradba gotovih betonskih cijevi dužine 3,00 m, Φ 50 cm za vodolovna grla ugrađenih na smježi beton ploče dna,
i) izrada jednostrane oplate oko betonske cijevi Φ 50 cm, izrada betonske obloge oko slivničke cijevi od betona C 16/20 sa aditivima za neprospusnost
j) izrada, doprema i ugradnja armirano-betonske ploče (okvira) od C 16/20, debljine 8 cm",27,kom,,,,0,
701.040.00105,,- linijska rešetka cestovne oborinske odvodnje,"Nabava materijala i izrada linijskih rešetki kod dostavnog doka. Tijelo kanala iz polimer betona. Kanal se polaže na armiranu betonsku podlogu C25/30 prema detalju iz projekta. Kanal spajati preko sabirnika na reviziona okna. Obračun po m1 kompletno izvedenih linijskih rešetki do potpune pogonske gotovosti. Kanal spajati preko sabirnog elementa na oborinsku kanalizaciju. Revizioni element na suprotnoj strani.

Nazivna širina: prema projektu
Nagib žlijeba: min. 0,5%
Poklopac: Rešetka od lijevanog željeza, s vijčanim spojevima
Priključci za cijevi: do DN 160]
Razred opterećenja: 400kN",15.44,m,,,,0,
701.040.00110,,x..EW2..x - betonska kanalica,"Izvedba betonskih kanalica 30/10, 3 cm dubine. Ova stavka obuhvaća:
- dobavu gotovih betonskih kanalica C 40/50, te razvoz kanalica po gradilištu,
- pripremu podloge, čišćenje, otkop ili nasipavanje sa nabijanjem kod podloge od kamena,
- izrada i ugradbnja betona C 12/15 podloge i zaloge,
- polaganje kanalica u beton po pravcu i niveleti sa razmakom (spojnicom) do 1 cm,
- svi prijevozi i prijenosti betona i pomoćnog materijala,
- zalijevanje spojnica cementnim mortom omjera 1:4,
- njega betona,
- ispitivanje kvalitete kanalica sa pribavljanjem atesta.
Izvedba radova, obračun radova i kontrola kvalitete prema OTU 3-04.7.1.
Obračunato po ml ugrađene kanalice do potpune pogonske gotovosti.",17.16,m,,,,0,
701.050,,Opločenje,,,,,0,,,
701.050.00100,,- opločenje 6 cm,"Popločani sloj od betonskih opločnika prema DIN EN 1338, otporan na smrzavanje i sol, isporučiti, postaviti na jednakoj visini u sloju oštrog pijeska Ø4-8mm debljine 3-5 cm, ispuniti pijeskom dok se ne popune sve fuge, otresti, po potrebi ponovo obraditi pijeskom i nakon toga ukloniti prekomjerni pijesak, uklj. prilagođene rezove.

Boja: siva
Površina: s oštrim rubovima ili mikro kosinom
Dimenzije kamena: 20/20 x 6 cm ili 10/20 x 6 cm
Tlačna otpornost: min. 60 N/mm2
Način polaganja: Na pola dužine
Dozvoljena visinska odstupanja: +/- 2 cm od zadane vrijednosti i +/-1 cm na ispitnoj dionici od 4 m",310.78,m2,,,,0,
701.050.00105,,"x..FB10..x - ulazni prostor za popločavanje, opločenje debjine 6cm, teflonski premaz","Popločani sloj od betonskih opločnika prema DIN EN 1338, otporan na smrzavanje i sol, isporučiti, postaviti na jednakoj visini na u sloju oštrog pijeska Ø4-8mm debljine 3-5 cm, ispuniti pijeskom dok se ne popune sve fuge, otresti, po potrebi ponovo obraditi pijeskom i nakon toga ukloniti prekomjerni pijesak, uklj. prilagođene rezove.

Boja: antracit
Površina: s oštrim rubovima ili mikro kosinama, plastični teflon premaz
Dimenzije kamena: 16/24 x 8 cm
Tlačna otpornost: min. 60 N/mm2
Način polaganja: 1/3 spoj
Dozvoljena visinska odstupanja: +/- 2 cm od zadane vrijednosti i +/-1 cm na ispitnoj dionici od 4 m
Referentni proizvodi: sukladno Kauflandovom opisu gradilišta",81.43,m2,,,,0,
701.060,,Asfaltna površina,,,,,0,,,
701.060.00100,,x..FH1..x - asfaltni kolni prilazi za automobile,"Izvedba kolnika parkirališta osobnih vozila ukupne debljine 12cm. Kolnička konstrukcija sastoji se od:
AC 32 base, BIT 50/70 AG6 M2, debljine d=8cm
AC 11 surf, BIT 50/70 AG4 M3, debljine d=4cm.
Ova stavka obuhvaća:
- dobavu i dopremu asfaltne mješavine
- čišćenje i prskanje podloge za AC 32 base i AC 11 surf
- razastiranje, valjanje i njega AC 32 base i AC 11 surf
Obuhvaćen je sav materijal, rad i alat na izradi sloja kao i sva potrebna tekuća i kontrolna ispitivanja s izradom atesta za dokaz kvalitete ugrađenog sloja. Izrada radova, obračun radova i kontrola kvalitete prema Razradi tehničkih svojstava i zahtjeva za građevne proizvode za proizvodnju asfaltnih mješavina i za asfaltne slojeve kolnika HC,lipanj 2015. i prilozima ovog projekta.
Izvedbi habajućeg sloja može se prići nakon ispitanog i po nadzornom inženjeru preuzetom donjem nosivom sloju.
Obračunato po m2 ugrađenog sloja, sve do potpune pogonske gotovosti.",5673.66,m2,,,,0,
701.060.00105,,x..FH1..x - asfaltni kolni prilazi za automobile,"Izvedba kolnika parkirališta osobnih vozila ukupne debljine 12cm. Kolnička konstrukcija sastoji se od:
AC 32 base, BIT 50/70 AG6 M2, debljine d=8cm
AC 11 surf, BIT 50/70 AG4 M3, debljine d=4cm.
Ova stavka obuhvaća:
- dobavu i dopremu asfaltne mješavine
- čišćenje i prskanje podloge za AC 32 base i AC 11 surf
- razastiranje, valjanje i njega AC 32 base i AC 11 surf
Obuhvaćen je sav materijal, rad i alat na izradi sloja kao i sva potrebna tekuća i kontrolna ispitivanja s izradom atesta za dokaz kvalitete ugrađenog sloja. Izrada radova, obračun radova i kontrola kvalitete prema Razradi tehničkih svojstava i zahtjeva za građevne proizvode za proizvodnju asfaltnih mješavina i za asfaltne slojeve kolnika HC,lipanj 2015. i prilozima ovog projekta.
Izvedbi habajućeg sloja može se prići nakon ispitanog i po nadzornom inženjeru preuzetom donjem nosivom sloju.
Obračunato po m2 ugrađenog sloja, sve do potpune pogonske gotovosti.",78,m2,,,,0,
701.060.00110,,- asfaltne pješačke staze,"Izvedba asfaltnih pješačkih staza ukupne debljine 9cm. Asfaltna konstrukcija sastoji se od:
AC 16 base, BIT 50/70 AG6 M2, debljine d=6cm
AC 8 surf, BIT 50/70 AG4 M3, debljine d=3cm.
Ova stavka obuhvaća:
- dobavu i dopremu asfaltne mješavine
- čišćenje i prskanje podloge za AC 16 base i AC 8 surf
- razastiranje, valjanje i njega AC 16 base i AC 8 surf
Obuhvaćen je sav materijal, rad i alat na izradi sloja kao i sva potrebna tekuća i kontrolna ispitivanja s izradom atesta za dokaz kvalitete ugrađenog sloja. Izrada radova, obračun radova i kontrola kvalitete prema Razradi tehničkih svojstava i zahtjeva za građevne proizvode za proizvodnju asfaltnih mješavina i za asfaltne slojeve kolnika HC,lipanj 2015. i prilozima ovog projekta.
Izvedbi habajućeg sloja može se prići nakon ispitanog i po nadzornom inženjeru preuzetom donjem nosivom sloju.
Obračunato po m2 ugrađenog sloja, sve do potpune pogonske gotovosti.",114.8,m2,,,,0,
701.070,,Ostali,,,,,0,,,
702,,Zelene površine,,,,,0,,,
702.000,,Prethodne napomene,,,,,0,,,
,,ZTV - Dodatni tehnički uvjeti ugovora,"1.) Dodatni ugovoreni tehnički uvjeti dio su troškovnika te u slučaju ugovaranja postaju dio ugovora. Izvođač radova se dakle obavezuje na sve radove i primjene koje proizlaze iz ovih uvjeta te su one uračunate u cijenu, ukoliko nisu zasebno ponuđene.

2.) Cijene stavki se prikazuju kao neto iznos u državnoj valuti. Važeći zakonski propisani porez na dodanu vrijednost obračunava se zasebno.

3.) U slučaju proturječnosti dodatnih ugovorenih tehničkih uvjeta vrijede prvenstveno podaci iz troškovnika. U slučaju proturječnosti između troškovnika i tehničke dokumentacije koja se predaje prilikom natječaja, vrijedi tehnička dokumentacija.

4.) Prije početka davanja ponude, ponuditelj je dužan pažljivo pročitati kompletan tekst općih uvjeta uz troškovnik, općih i posebnih uvjeta uz svaku grupu radova, tekst samog troškovnika i ostale dijelove tehničke dokumentacije. Ako opis bilo koje stavke u troškovniku dovodi do sumnje o načinu izvedbe ili upotrebu gradiva zahtijevane kvalitete, treba prije predaje ponude zatražiti pojašnjenje od ovlaštene osobe Investitora. Naknadno pozivanje na manjkavost ili nepoznavanje projektno-tehničke dokumentacije ili opisa u troškovniku neće se uzeti u obzir, niti smatrati razlogom za produženje roka izvedbe, a niti će se priznati bilo kakva razlika u cijeni s tog naslova.

5.) Tehnička dokumentacija koja se predaje prilikom natječaja informativnog je karaktera, a ponuđač je dužan u svom trošku izvršiti kontrolu projektno tehničke dokumentacije u smislu točnosti, tehničke ispravnosti, izvedivosti i međusobne usklađenosti. Sve eventualne primjedbe ponuditelj/izvoditelj dužan je pravovremeno uz ponudu, a u svakom slučaju prije izvedbe u pisanom obliku dostaviti Nadzoru i Naručitelju

6.) Ponuditelj je dužan provesti i kontrolu lokacije na licu mjesta prije davanja ponude. Jedinične cijene za pojedine vrste radova sadrže i sve one posredne troškove koji nisu iskazani u troškovniku, ali su neminovni za izvršenje radova predviđenih projektom.

7.) Organizacija gradilišta uračunata je u cijenu, ukoliko nije ponuđena kao zasebna stavka.

8.) Dizalice za podizanje, skele, strojevi, alati, pomoćna sredstva i konstrukcije uzeti su u obzir te su uračunati u jediničnu cijenu.

9.) Skele za radove na fasadi i radove na krovu predmet su ovog natječaja. Ponuditelj smije koristiti postojeće skele uz poštivanje sigurnosnih uvjeta i na vlastitu odgovornost. Preinake na skelama nisu dozvoljene te se one moraju predati u ispravnom stanju u kojem su i preuzete.

10.) Kompletnu režiju gradilišta usigurava i rješava ponuditelj/izvođač i i uključena je u jediničnu cijenu.

11.) Ponuditelj je obvezan redovno prikupljati i ,pravilno skladištiti i odvoziti na ovlašteni deponij sve otpadne materijale, ostatke, krhotine, građevinski otpad, ambalaže, obični otpad i slično o vlastitom trošku. Kod odlaganja otpada potrebno je pridržavati se svih javnopravnih uputa i propisa.

12.) Onečišćenja koja uslijed radova nastaju na susjednim terenima, zgradama, putovima, cestama, trgovima i slično, izvođač radova treba svakodnevno čistiti.

13.) Izvođač preuzima odgovornost za osiguravanje, skladištenje i spremanje vlastite građevinske opreme, strojeva, uređaja, alata i slično. Jednako vrijedi i za građevinske materijale, elemente i za ugradnju određenih uređaja i objekata sve do primopredaje obavljenih građevinskih radova.

14.) Prilikom izvođenja radova, izvoditelj treba zaštititi sve susjedne plohe, dijelove konstrukcije i prethodno izvedene radove na prikladan način a u skladu sa pravilima zaštite na radu, tako da ne dođe do oštećenja istih. Troškove zaštite treba izvoditelj ukalkulirati u ponudbenu cijenu izvođenja radova. Ukoliko ipak dođe do oštećenja prethodno izvedenih radova za koje je odgovoran izvoditelj ili njegov kooperant, dužan je iste o svom trošku dovesti u stanje prije oštećenja ili naručiti iste radove kod drugog izvoditelja na svoj teret.

15.) Sve potrebne mjere prema javnopravnim uputama i propisima za sigurnost i zaštitu zdravlja trebaju se uzeti u obzir te ih se treba pridržavati prilikom izvođenja radova.

16.) Prilikom davanja ponude i izvođenja radova treba se uzeti u obzir, uračunati i pridržavati se
- svih državnih i javnopravnih zakona, smjernica i propisa
- svih odgovarajućih tehničkih standarda, pravila i smjernica
- općeprihvaćenih pravila tehnike
- uputa, propisa i napomena proizvođača za ugradnju i obradu
- Kauflandovih građevinskih opisa, ugovorenih uvjeta i ostalih Kauflandovih dokumenata i planova.

17.) Stavke troškovnika obuhvačaju konačno dovršenje radova definiranih po količini i kvaliteti, onosno podrazumijevaju se kao gotove, potpune i funkcionirajuće, uklj. sve potrebne male dijelove i sredstva za pričvršćivanje, pomoćne materijale i sredstva, podkonstrukcije itd., kao i sve dodatne i posebne usluge - čak i kada one nisu detaljno opisane.

18.) Ako su treće stranke uključene u izvođenje predradnji, izvođač radova ih treba provjeravati. U slučaju nepravilnosti ili prigovora pravovremeno treba informirati naručitelja, tako da može tehnički i organizacijski dovršiti poslove.

19.) Obavezno se treba pridržavati svih Kauflandovih proizvodnih uputa, osim ako postoje opravdani razlozi za odstupanje (npr. dostupnost). U tom slučaju izvođač treba ponuditi istovjetni proizvod ili sustav te potvrditi istovjetnost. O njoj odlučuje naručitelj.

20.) Sustavi se izvode isključivo pomoću komponenata koje su predviđene od strane proizvođača sustava.

21.) Svi materijali, građevinski elementi i uređaji koji neposredno utječu na izgled i funkcionalnost prije ugradnje se trebaju provjeriti. Ugrađuju se tek nakon što naručitelj ili ovlaštena osoba odobri ugradnju na gradilištu. O vrsti i obliku uzorka odlučuje naručitelj.

22.) Ako nije drukčije propisano, izmjene postojećih projektnih rješenja od strane ponuditelja/izvođača a koje utječu na mehaničku stabilnost, ponuditelj/izvođač je dužan u svom trošku ishoditi sve suglasnosti, dozvole i sl.
Projekt izvedenog stanja ukalkulirati u jedničnu cijenu te dostaviti Kauflandu u pisanom i digitalnom obliku.

23.) Svi radovi na objektu te primjenjeni sistemi gradnje moraju biti izvedeni prema pravilu struke, odnosnu u granicama dopuštenih tolerancija.

24.) Ukoliko je ugovoreni termin izvršenja objekta uključen i zimski odnosno ljetni period, to se neće posebno izvođaču priznavati na ime naknade za rad pri niskoj temperaturi, zaštita konstrukcija od hladnoće i vrućine, te atmosferskih nepogoda, sve mora biti uključeno u jediničnu cijenu. Za vrijeme zime objekat se mora zaštititi. Svi eventualni smrznuti dijelovi moraju se ukloniti i izvesti ponovo bez bilo kakve naplate. Ukoliko je temperatura niža od temperature pri kojoj je dozvoljen dotični rad, a Investitor ipak traži da se radi, Izvođač si ima pravo zaračunati naknadu po normi 6,006 ali u tom slučaju Izvođač snosi punu odgovornost za ispravnost i kvalitetu rada. To isto vrijedi i za zaštitu radova tokom ljeta od prebrzog sušenja uslijed visoke temperature.

25.) U jediničnu cijenu rada izvođač treba obuhvatiti i slijedeće radove, koji se neće zasebno platiti kao naknadni rad, čak i ako nisu izričito navedenei u troškovniku:
- sve vrste transporta građevinskih materijala, elemenata, uređaja, objekata itd. do mjesta ugradnje
- potrebne i uobičajene pripreme i predobrade tla
- sve vrste bušenja, zavarivanja, lijepljenja, malih dijelova, sredstava za pričvršćivanje, međupoložaja, izolacije, brtvljenja, folija, spojeva itd. koje su potrebne za priključak, montažu i pričvršćivanje građevinskih dijelova i elemenata
- stručna priprema i priključak na sve okolne dijelove, ugradbene i nadgradne elemente i propuste
- sve izrade kutova, spojnih površina i elemenata, završnih elemenata, slobodnih krajeva itd.
- sve podloge za montažu, priključak i pričvršćivanje kao što su beton, zidani elementi, čelik, aluminij, limovi, gips karton, itd.
- potrebne spojne, kose i okrugle rezove te ostatke rezanja
- Izrada otvora i proreza za instalacije i ugradbene elemente drugih izvođača
- interno povezivanje kablovima i priključak objekata, dovod prema električnim trošilima na gradilištu od strane elektro izvođača",,,,,,,
,,Ograničenje usluga za ozelenjavanje,"U sljedećim pozicijama potrebno je uzeti u obzir i uračunati sljedeće usluge, čak i ako nisu izričito navedene:
- Zaštitu postojećih stabala i grmlja
- lokalizaciju i po potrebi osiguravanje postojećih vodova u radnom području izvođača
- Transporte i skladištenja radnog materijala izvođača, npr. za stvaranje slobodnog prostora za druge radove
- Ručne radove ukoliko nije moguće koristiti strojeve
- Poravnavanje neravnih mjesta
- Pravilan priključak na susjedne elemente
- Navodnjavanje biljaka nakon sadnje",,,,,,,
702.010,,Gornji sloj tla,,,,,0,,,
702.010.00100,,"x..PF1, PF2, PF3..x - stvoriti finu podlogu, površinu sadnje","Nabava materijala - humusa i izrada obloge pokosa nasipa i drugih zelenih površina te gnojenje, OTU 2-15.1.
Površine obraditi motokultivatorom; pokupiti i odstraniti kamenje preko 5 cm promjera, korov, štetnike, teško razgradive dijelove biljaka. Rabiti i sredstava za poboljšanje i gnojenje tla: dijelove biljaka. Šumski humus dobre kvalitete, cca. 2-3 cm debljine odgovara 2-3 m3 / 100 m2 organsko-mineralna gnojiva, čista hranjiva količina NPK 10/10/15, cca. 100-150 g/m2 sukladno uputama proizvođača. Obračunato po m2 obrađenih zelenih površina.

Debljina sloja: 0.15 m",2888,m2,,,,0,
702.010.00105,,"- Travnata rešetka pojačane nosivosti, od plastike","- Travnata rešetka pojačane nosivosti prema projektu. U zasebnim stavkama troškovnika obrađeni: Mehanički zbijeni nosivi sloj, humusiranje i sijanje trave. Stavka uključuje: nabavu, dobavu i ugradbu travnate rešetke debljine 4 cm, uključujući podložni sloj pijeska debljine 3cm prema projektu. U stavku ulaze svi troškovi nabave materijala i ugradnje , prijevoz, oprema i sve ostalo što je potrebno za izvođenje radova sukladno projektu.",517,m2,,,,0,
702.010.00110,,- Betonska travnata rešetka,"- Betonske travnate rešetke debljine 10cm . Stavka obuhvaća dobavu i ugradnju betonskih travnatih rešetki debljine 10cm  tipa kao SEMMELROCK ili slično, od C30/37. Uključujući podložni sloj pijeska debljine 4cm.
Mehanički zbijeni nosivi sloj, humusiranje i sijanje trave obrađeno u zasebnim stavkama. U stavku ulaze svi troškovi nabave materijala i ugradnje betonske travnate rešetke, prijevoz, oprema i sve ostalo što je potrebno za izvođenje radova sukladno projektu.",100,m2,,,,0,
702.020,,biljni pokrov,,,,,0,,,
702.030,,Živica i osamljena stabla,,,,,0,,,
702.040,,Drveće,,,,,0,,,
702.050,,Ukrasno bilje,,,,,0,,,
702.060,,Rad na travnjaku,,,,,0,,,
702.060.00100,,"x..PF1..x - sjetva travnjaka, uređenih travnjaka","Sijanje trave, mediteranski tip 1kg/20m2 njegovanje i prve dvije košnje, sve prema OTU 2-15.1. Obuhvaća sve navedeno, nabavu i ugradnju do pune pogonske gotovosti.
Obračunato po m2 obrađenih zelenih površina.",2888,m2,,,,0,
702.070,,Ostali,,,,,0,,,
702.080,,održavanje,,,,,0,,,
703,,Oprema,,,,,0,,,
703.000,,Prethodne napomene,,,,,0,,,
703.010,,Sustavi ograde,,,,,0,,,
703.020,,Sustavi vrata,,,,,0,,,
703.030,,Nadstrešnice,,,,,0,,,
703.040,,Ostali,,,,,0,,,
704,,Reklame,,,,,0,,,
704.000,,Prethodne napomene,,,,,0,,,
,,ZTV - Dodatni tehnički uvjeti ugovora,"1.) Dodatni ugovoreni tehnički uvjeti dio su troškovnika te u slučaju ugovaranja postaju dio ugovora. Izvođač radova se dakle obavezuje na sve radove i primjene koje proizlaze iz ovih uvjeta te su one uračunate u cijenu, ukoliko nisu zasebno ponuđene.

2.) Cijene stavki se prikazuju kao neto iznos u državnoj valuti. Važeći zakonski propisani porez na dodanu vrijednost obračunava se zasebno.

3.) U slučaju proturječnosti dodatnih ugovorenih tehničkih uvjeta vrijede prvenstveno podaci iz troškovnika. U slučaju proturječnosti između troškovnika i tehničke dokumentacije koja se predaje prilikom natječaja, vrijedi tehnička dokumentacija.

4.) Prije početka davanja ponude, ponuditelj je dužan pažljivo pročitati kompletan tekst općih uvjeta uz troškovnik, općih i posebnih uvjeta uz svaku grupu radova, tekst samog troškovnika i ostale dijelove tehničke dokumentacije. Ako opis bilo koje stavke u troškovniku dovodi do sumnje o načinu izvedbe ili upotrebu gradiva zahtijevane kvalitete, treba prije predaje ponude zatražiti pojašnjenje od ovlaštene osobe Investitora. Naknadno pozivanje na manjkavost ili nepoznavanje projektno-tehničke dokumentacije ili opisa u troškovniku neće se uzeti u obzir, niti smatrati razlogom za produženje roka izvedbe, a niti će se priznati bilo kakva razlika u cijeni s tog naslova.

5.) Tehnička dokumentacija koja se predaje prilikom natječaja informativnog je karaktera, a ponuđač je dužan u svom trošku izvršiti kontrolu projektno tehničke dokumentacije u smislu točnosti, tehničke ispravnosti, izvedivosti i međusobne usklađenosti. Sve eventualne primjedbe ponuditelj/izvoditelj dužan je pravovremeno uz ponudu, a u svakom slučaju prije izvedbe u pisanom obliku dostaviti Nadzoru i Naručitelju

6.) Ponuditelj je dužan provesti i kontrolu lokacije na licu mjesta prije davanja ponude. Jedinične cijene za pojedine vrste radova sadrže i sve one posredne troškove koji nisu iskazani u troškovniku, ali su neminovni za izvršenje radova predviđenih projektom.

7.) Organizacija gradilišta uračunata je u cijenu, ukoliko nije ponuđena kao zasebna stavka.

8.) Dizalice za podizanje, skele, strojevi, alati, pomoćna sredstva i konstrukcije uzeti su u obzir te su uračunati u jediničnu cijenu.

9.) Skele za radove na fasadi i radove na krovu predmet su ovog natječaja. Ponuditelj smije koristiti postojeće skele uz poštivanje sigurnosnih uvjeta i na vlastitu odgovornost. Preinake na skelama nisu dozvoljene te se one moraju predati u ispravnom stanju u kojem su i preuzete.

10.) Kompletnu režiju gradilišta usigurava i rješava ponuditelj/izvođač i i uključena je u jediničnu cijenu.

11.) Ponuditelj je obvezan redovno prikupljati i ,pravilno skladištiti i odvoziti na ovlašteni deponij sve otpadne materijale, ostatke, krhotine, građevinski otpad, ambalaže, obični otpad i slično o vlastitom trošku. Kod odlaganja otpada potrebno je pridržavati se svih javnopravnih uputa i propisa.

12.) Onečišćenja koja uslijed radova nastaju na susjednim terenima, zgradama, putovima, cestama, trgovima i slično, izvođač radova treba svakodnevno čistiti.

13.) Izvođač preuzima odgovornost za osiguravanje, skladištenje i spremanje vlastite građevinske opreme, strojeva, uređaja, alata i slično. Jednako vrijedi i za građevinske materijale, elemente i za ugradnju određenih uređaja i objekata sve do primopredaje obavljenih građevinskih radova.

14.) Prilikom izvođenja radova, izvoditelj treba zaštititi sve susjedne plohe, dijelove konstrukcije i prethodno izvedene radove na prikladan način a u skladu sa pravilima zaštite na radu, tako da ne dođe do oštećenja istih. Troškove zaštite treba izvoditelj ukalkulirati u ponudbenu cijenu izvođenja radova. Ukoliko ipak dođe do oštećenja prethodno izvedenih radova za koje je odgovoran izvoditelj ili njegov kooperant, dužan je iste o svom trošku dovesti u stanje prije oštećenja ili naručiti iste radove kod drugog izvoditelja na svoj teret.

15.) Sve potrebne mjere prema javnopravnim uputama i propisima za sigurnost i zaštitu zdravlja trebaju se uzeti u obzir te ih se treba pridržavati prilikom izvođenja radova.

16.) Prilikom davanja ponude i izvođenja radova treba se uzeti u obzir, uračunati i pridržavati se
- svih državnih i javnopravnih zakona, smjernica i propisa
- svih odgovarajućih tehničkih standarda, pravila i smjernica
- općeprihvaćenih pravila tehnike
- uputa, propisa i napomena proizvođača za ugradnju i obradu
- Kauflandovih građevinskih opisa, ugovorenih uvjeta i ostalih Kauflandovih dokumenata i planova.

17.) Stavke troškovnika obuhvačaju konačno dovršenje radova definiranih po količini i kvaliteti, onosno podrazumijevaju se kao gotove, potpune i funkcionirajuće, uklj. sve potrebne male dijelove i sredstva za pričvršćivanje, pomoćne materijale i sredstva, podkonstrukcije itd., kao i sve dodatne i posebne usluge - čak i kada one nisu detaljno opisane.

18.) Ako su treće stranke uključene u izvođenje predradnji, izvođač radova ih treba provjeravati. U slučaju nepravilnosti ili prigovora pravovremeno treba informirati naručitelja, tako da može tehnički i organizacijski dovršiti poslove.

19.) Obavezno se treba pridržavati svih Kauflandovih proizvodnih uputa, osim ako postoje opravdani razlozi za odstupanje (npr. dostupnost). U tom slučaju izvođač treba ponuditi istovjetni proizvod ili sustav te potvrditi istovjetnost. O njoj odlučuje naručitelj.

20.) Sustavi se izvode isključivo pomoću komponenata koje su predviđene od strane proizvođača sustava.

21.) Svi materijali, građevinski elementi i uređaji koji neposredno utječu na izgled i funkcionalnost prije ugradnje se trebaju provjeriti. Ugrađuju se tek nakon što naručitelj ili ovlaštena osoba odobri ugradnju na gradilištu. O vrsti i obliku uzorka odlučuje naručitelj.

22.) Ako nije drukčije propisano, izmjene postojećih projektnih rješenja od strane ponuditelja/izvođača a koje utječu na mehaničku stabilnost, ponuditelj/izvođač je dužan u svom trošku ishoditi sve suglasnosti, dozvole i sl.
Projekt izvedenog stanja ukalkulirati u jedničnu cijenu te dostaviti Kauflandu u pisanom i digitalnom obliku.

23.) Svi radovi na objektu te primjenjeni sistemi gradnje moraju biti izvedeni prema pravilu struke, odnosnu u granicama dopuštenih tolerancija.

24.) Ukoliko je ugovoreni termin izvršenja objekta uključen i zimski odnosno ljetni period, to se neće posebno izvođaču priznavati na ime naknade za rad pri niskoj temperaturi, zaštita konstrukcija od hladnoće i vrućine, te atmosferskih nepogoda, sve mora biti uključeno u jediničnu cijenu. Za vrijeme zime objekat se mora zaštititi. Svi eventualni smrznuti dijelovi moraju se ukloniti i izvesti ponovo bez bilo kakve naplate. Ukoliko je temperatura niža od temperature pri kojoj je dozvoljen dotični rad, a Investitor ipak traži da se radi, Izvođač si ima pravo zaračunati naknadu po normi 6,006 ali u tom slučaju Izvođač snosi punu odgovornost za ispravnost i kvalitetu rada. To isto vrijedi i za zaštitu radova tokom ljeta od prebrzog sušenja uslijed visoke temperature.

25.) U jediničnu cijenu rada izvođač treba obuhvatiti i slijedeće radove, koji se neće zasebno platiti kao naknadni rad, čak i ako nisu izričito navedenei u troškovniku:
- sve vrste transporta građevinskih materijala, elemenata, uređaja, objekata itd. do mjesta ugradnje
- potrebne i uobičajene pripreme i predobrade tla
- sve vrste bušenja, zavarivanja, lijepljenja, malih dijelova, sredstava za pričvršćivanje, međupoložaja, izolacije, brtvljenja, folija, spojeva itd. koje su potrebne za priključak, montažu i pričvršćivanje građevinskih dijelova i elemenata
- stručna priprema i priključak na sve okolne dijelove, ugradbene i nadgradne elemente i propuste
- sve izrade kutova, spojnih površina i elemenata, završnih elemenata, slobodnih krajeva itd.
- sve podloge za montažu, priključak i pričvršćivanje kao što su beton, zidani elementi, čelik, aluminij, limovi, gips karton, itd.
- potrebne spojne, kose i okrugle rezove te ostatke rezanja
- Izrada otvora i proreza za instalacije i ugradbene elemente drugih izvođača
- interno povezivanje kablovima i priključak objekata, dovod prema električnim trošilima na gradilištu od strane elektro izvođača",,,,,,,
,,"Opseg usluga, sustavi za oglašavanje","U sljedećim pozicijama potrebno je uzeti u obzir i uračunati sljedeće usluge, čak i ako nisu izričito navedene:
- Mjerenje i niveliranje usluga od zadanih mjernih točaka odnosno osi
- obojane limove i pravokutne dijelove za priključke, krajeve i prijelaze
- eventualna oštećenja na površini i / ili slojevima pravilno ukloniti
- potrebne podkonstrukcije i pojačanja
- sva sredstva za pričvršćivanje su trajno zaštićena od korozije
- Gotove zavarene šavove spremne za lakiranje
- Izoliranje kontaktnih površina kod moguće kontaktne korozije
- trajno elastične brtve na svim spojnim fugama prema graničnim elementima, uklj. ispunu fuga",,,,,,,
704.010,,Fasadne reklame,,,,,0,,,
704.010.00100,,"x..WA1..x - Kaufland fasadni logotip 40 / 4,0 m","Kaufland reklamni element kao fasadni logotip, dimenzija 4.000/4.000/250 mm, na sljedeći način izraditi, isporučiti, montirati i spojiti:

Reklamna konstrukcija sa svjetlećim ormarićem s translucentnim zategnutim platnom. Zavareni, aluminijski cijevni okvir od više dijelova šupljih profila 50/50/3 mm odnosno prema statičkim zahtjevima. Prednja strana s obuhvatnim aluminijskim profilom za platno.

Poleđina od aluminijskog lima, debljine 3 mm. Poleđina spojena na cijevni okvir, boja unutarnje strane čisto bijela - RAL 9010, vidljiva vanjska strana, boja sivo-bijela RAL 9002.

Bočne stjenke od aluminijskog lima, debljine 3 mm, boja čisto bijela RAL 9010. Bočni dijelovi se mogu skinuti, tako da se može pristupiti platnu i LED modulima za održavanje.

Reklamna površina: navučeno PVC platno s pozadinskim osvjetljenjem, B1, 660 g/m2. Logotip i natpis Kaufland zalijepljen pomoću snažne folije ""ORACAL 8500 prozirne, crvene br.16“ ili ""AVERY prozirne, crvene br. 4506"". Platno se drži na mjestu pomoću podesivih kopči, razmak između kopči ca. 100 mm.

Rasvjeta: Homogeno osvjetljenje reklamnog elementa s unutarnjim LED/3-strukim LED modulima, 0,5 - 1,1 W po LED/LED modulu. Boja svjetla LED lampica u spektru od 6.300 - maksimalno 7.100 Kelvina. Gustoća svjetlosti na vanjskoj strani na bijelim površinama platna 100 cd/m2.

Priključak LED/LED modula na upravljačke uređaje (transformatori, 12 V, klasa zaštite IP68), u potrebnoj količini. Upravljački uređaji i LED/LED moduli prikladni za temperaturno područje +60°C do -24°C. Raspored upravljačkih uređaja s unutarnje strane, u donjem dijelu svjetlećeg elementa. Utičnica za priključak na struju s unutarnje strane.",2,kom,,,,0,
704.010.00105,,x..UW1..x - potkonstrukcija logotipa fasade Kaufland,"POZ 701
Podkonstrukciju za Kauflandov fasadni logotip od profilnog čelika, čelične cijevi ili čelični puni profili u različitim pojedinačnim dužinama i presjecima, uklj. gornje ploče, prirubnice, bušene rupe, zavarene spojeve, sredstva za pričvršćivanje i spajanje izraditi, sistemske elemente kao što su sidra, zatezne brave, itd., izraditi, isporučiti i montirati.

Logotip se postavlja na dvije pozicije na krovu (stavka uključuje obje konstrukcije, a iskaz kilaže je ukupan za obje konstrukcije).

Građevinski čelik: S235 prema EN 10025
Površina: pocinčana, vidljivi dijelovi u boji lakirani bojom od umjetne smole

Boje: sukladno Kauflandovoj paleti boja",1800,kg,,,,0,
704.020,,Reklamni panoi,,,,,0,,,
704.020.00100,,"x..UW7..x - Podkonstrukcija za reklamne plakate velike površine, 5.000 x 3.500 mm","Podkonstrukciju za velike reklamne plakate u okviru, dimenzija 5.000 / 3.500 mm izraditi, isporučiti i montirati na sljedeći način:

Čelična konstrukcija okvira od šupljih profila, ca. 50/50 mm, vruće pocinčana i premazana u RAL boji po odabiru Kauflanda, s rupama za pričvršćenje, veliki reklamni plakat ca. 10 mm.

Pričvršćenje konstrukcije okvira pomoću navojnih šipki, spoj pomoću tipli i vijaka M16 u nosivoj posudi betonskog sendvič zida, broj i razmak prema statičkim zahtjevima.

Montaža isporučenih velikih reklamnih plakata s okvirom i platnom s natpisom pomoću vijčanih spojeva na gore navedenu podkonstrukciju.",5,kom,,,,0,
704.030,,Reklamni totem,,,,,0,,,
704.030.00100,,x..WA2..x - Kauflandova stela,"Kaufland reklamni element kao totem, dimenzije 2,0/6,0 m, dimenzije svjetleće kutije 1,75/1,75 m, na sljedeći način izraditi, isporučiti, montirati i spojiti:

Cijevni okvir od aluminija ili procinčanog čelika prema statičkom proračunu, s podnim pločama za pričvršćenje na temelj.

Obloge okvirne konstrukcije od limenih segmenata u redovnoj raspodjeli. Segmenti od aluminijskog lima ili aluminijskih dibond ploča, debljine 3 mm, s vodoravnim preklapanjem, rubovi u području svjetleće kutije reklamnog elementa pod 90 stupnjeva. Boja / premaz prema podacima Kauflanda u RAL 7011, željezno siva. Limeni segmenti moraju biti zamjenjivi. Pričvršćenje se izvodi sa strane u području koje nije vidljivo s prednje strane, pomoću vijaka za zaštitu od krađe.

Sjenilo u području postolja, visine ca. 200 mm. Boja postolja RAL 7011, željezno siva

Natpis limenih segmenata izvodi se prema Kauflandovim podacima: Invertirani natpis na čeličnim tablama, izrađen laserom, natpis s bijelom 3 mm jezgrom od akrilnog stakla. Natpisi su opremljeni pozadinskim LED osvjetljenjem. Ikone su također osvijetljene LED lampicama te su izrađene od bijele 3mm jezgre od akrilnog stakla, s prikladnom ljepljivom folijom u boji.

Natpis se izvodi u fontu ""Kaufland bold"".

Svjetleća kutija sa zavarenim aluminijskim cijevnim okvirima, od više dijelova šupljih profila 40/40/3 mm odnosno prema statičkim zahtjevima. Svjetleća kutija pričvršćuje se na stup.

Obostrane reklamne površine: navučeno PVC platno s pozadinskim osvjetljenjem, B1, 660 g/m2. Kaufland-logotip i natpis Kaufland zalijepljen pomoću snažne folije ""ORACAL 8500 prozirne, crvene br.16“ ili ""AVERY prozirne, crvene br. 4506"". Platno se drži na mjestu pomoću podesivih kopči, razmak između kopči ca. 100 mm.

Bočni dijelovi se mogu skinuti, tako da se može pristupiti transformatoru i LED modulima za održavanje. Boja limenih bočnih dijelova, RAL 9010 čisto bijela.

Rasvjeta: Homogeno obostrano osvjetljenje reklamnog elementa s unutarnjim LED/3-strukim LED modulima, 0,5 - 1,1 W po LED/LED modulu. Boja svjetla LED lampica u spektru od 6.300 - maksimalno 7.100 Kelvina. Gustoća svjetlosti na vanjskoj strani na bijelim površinama platna 100 cd/m2.

Priključak LED/LED modula na upravljačke uređaje (transformatori, 12 V, klasa zaštite IP68), u potrebnoj količini. Upravljački uređaji i LED/LED moduli prikladni za temperaturno područje +60°C do -24°C. Raspored upravljačkih uređaja s unutarnje strane, u donjem dijelu svjetlećeg elementa. Utičnica za priključak na struju s unutarnje strane.

Temelj od armiranog betona (obrađen u zasebnim stavkama). Potrebne ugradbene dijelove za pričvršćenje stupa na temelj trebaju se predati odjeljku odgovornom za radove s betonom i armiranim betonom.",1,kom,,,,0,
704.040,,Reklamni piloni,,,,,0,,,
704.040.00100,,"x..WA6..x - pilon Kaufland, visina 16 m","POZ 601
Kaufland reklamni element kao pilon, visine 16 m, dimenzije svjetleće kutije 4/4 m, na sljedeći način izraditi, isporučiti, montirati i spojiti:

Svjetleća kutija u tehničkoj i konstrukcijskoj izvedbi kao Kauflandov fasadni logotip (WA1), 3 komada po pilonu, pričvršćene na donju konstrukciju.

Pilon stup od čeličnih cijevnih profila dimenzije [ Ø 711/10] mm, vruće pocinčan i lakiran s premazom i bojom od umjetne smole, RAL 7016 - boja antracita, otporna protiv ultraljubičastog zračenja, uklj. revizijske otvore sa zaključavanjem za elektro instalacije, pričvršćen na betonski temelj.

Podkonstrukcija za pričvršćenje svjetlećih kutija na pilon stup od čeličnih cijevnih profila, vruće pocinčana ukupne težine [ 6.000 ] kg.

Temelj od armiranog betona obrađen u zasebnoj stavci. Potrebne ugradbene dijelove za pričvršćenje pilona na temelj trebaju se predati odjeljku odgovornom za radove s betonom i armiranim betonom.",1,kom,,,,0,
704.050,,Ostali,,,,,0,,,
705,,Znakovi / oznake,,,,,0,,,
705.000,,Prethodne napomene,,,,,0,,,
,,ZTV - Dodatni tehnički uvjeti ugovora,"1.) Dodatni ugovoreni tehnički uvjeti dio su troškovnika te u slučaju ugovaranja postaju dio ugovora. Izvođač radova se dakle obavezuje na sve radove i primjene koje proizlaze iz ovih uvjeta te su one uračunate u cijenu, ukoliko nisu zasebno ponuđene.

2.) Cijene stavki se prikazuju kao neto iznos u državnoj valuti. Važeći zakonski propisani porez na dodanu vrijednost obračunava se zasebno.

3.) U slučaju proturječnosti dodatnih ugovorenih tehničkih uvjeta vrijede prvenstveno podaci iz troškovnika. U slučaju proturječnosti između troškovnika i tehničke dokumentacije koja se predaje prilikom natječaja, vrijedi tehnička dokumentacija.

4.) Prije početka davanja ponude, ponuditelj je dužan pažljivo pročitati kompletan tekst općih uvjeta uz troškovnik, općih i posebnih uvjeta uz svaku grupu radova, tekst samog troškovnika i ostale dijelove tehničke dokumentacije. Ako opis bilo koje stavke u troškovniku dovodi do sumnje o načinu izvedbe ili upotrebu gradiva zahtijevane kvalitete, treba prije predaje ponude zatražiti pojašnjenje od ovlaštene osobe Investitora. Naknadno pozivanje na manjkavost ili nepoznavanje projektno-tehničke dokumentacije ili opisa u troškovniku neće se uzeti u obzir, niti smatrati razlogom za produženje roka izvedbe, a niti će se priznati bilo kakva razlika u cijeni s tog naslova.

5.) Tehnička dokumentacija koja se predaje prilikom natječaja informativnog je karaktera, a ponuđač je dužan u svom trošku izvršiti kontrolu projektno tehničke dokumentacije u smislu točnosti, tehničke ispravnosti, izvedivosti i međusobne usklađenosti. Sve eventualne primjedbe ponuditelj/izvoditelj dužan je pravovremeno uz ponudu, a u svakom slučaju prije izvedbe u pisanom obliku dostaviti Nadzoru i Naručitelju

6.) Ponuditelj je dužan provesti i kontrolu lokacije na licu mjesta prije davanja ponude. Jedinične cijene za pojedine vrste radova sadrže i sve one posredne troškove koji nisu iskazani u troškovniku, ali su neminovni za izvršenje radova predviđenih projektom.

7.) Organizacija gradilišta uračunata je u cijenu, ukoliko nije ponuđena kao zasebna stavka.

8.) Dizalice za podizanje, skele, strojevi, alati, pomoćna sredstva i konstrukcije uzeti su u obzir te su uračunati u jediničnu cijenu.

9.) Skele za radove na fasadi i radove na krovu predmet su ovog natječaja. Ponuditelj smije koristiti postojeće skele uz poštivanje sigurnosnih uvjeta i na vlastitu odgovornost. Preinake na skelama nisu dozvoljene te se one moraju predati u ispravnom stanju u kojem su i preuzete.

10.) Kompletnu režiju gradilišta usigurava i rješava ponuditelj/izvođač i i uključena je u jediničnu cijenu.

11.) Ponuditelj je obvezan redovno prikupljati i ,pravilno skladištiti i odvoziti na ovlašteni deponij sve otpadne materijale, ostatke, krhotine, građevinski otpad, ambalaže, obični otpad i slično o vlastitom trošku. Kod odlaganja otpada potrebno je pridržavati se svih javnopravnih uputa i propisa.

12.) Onečišćenja koja uslijed radova nastaju na susjednim terenima, zgradama, putovima, cestama, trgovima i slično, izvođač radova treba svakodnevno čistiti.

13.) Izvođač preuzima odgovornost za osiguravanje, skladištenje i spremanje vlastite građevinske opreme, strojeva, uređaja, alata i slično. Jednako vrijedi i za građevinske materijale, elemente i za ugradnju određenih uređaja i objekata sve do primopredaje obavljenih građevinskih radova.

14.) Prilikom izvođenja radova, izvoditelj treba zaštititi sve susjedne plohe, dijelove konstrukcije i prethodno izvedene radove na prikladan način a u skladu sa pravilima zaštite na radu, tako da ne dođe do oštećenja istih. Troškove zaštite treba izvoditelj ukalkulirati u ponudbenu cijenu izvođenja radova. Ukoliko ipak dođe do oštećenja prethodno izvedenih radova za koje je odgovoran izvoditelj ili njegov kooperant, dužan je iste o svom trošku dovesti u stanje prije oštećenja ili naručiti iste radove kod drugog izvoditelja na svoj teret.

15.) Sve potrebne mjere prema javnopravnim uputama i propisima za sigurnost i zaštitu zdravlja trebaju se uzeti u obzir te ih se treba pridržavati prilikom izvođenja radova.

16.) Prilikom davanja ponude i izvođenja radova treba se uzeti u obzir, uračunati i pridržavati se
- svih državnih i javnopravnih zakona, smjernica i propisa
- svih odgovarajućih tehničkih standarda, pravila i smjernica
- općeprihvaćenih pravila tehnike
- uputa, propisa i napomena proizvođača za ugradnju i obradu
- Kauflandovih građevinskih opisa, ugovorenih uvjeta i ostalih Kauflandovih dokumenata i planova.

17.) Stavke troškovnika obuhvačaju konačno dovršenje radova definiranih po količini i kvaliteti, onosno podrazumijevaju se kao gotove, potpune i funkcionirajuće, uklj. sve potrebne male dijelove i sredstva za pričvršćivanje, pomoćne materijale i sredstva, podkonstrukcije itd., kao i sve dodatne i posebne usluge - čak i kada one nisu detaljno opisane.

18.) Ako su treće stranke uključene u izvođenje predradnji, izvođač radova ih treba provjeravati. U slučaju nepravilnosti ili prigovora pravovremeno treba informirati naručitelja, tako da može tehnički i organizacijski dovršiti poslove.

19.) Obavezno se treba pridržavati svih Kauflandovih proizvodnih uputa, osim ako postoje opravdani razlozi za odstupanje (npr. dostupnost). U tom slučaju izvođač treba ponuditi istovjetni proizvod ili sustav te potvrditi istovjetnost. O njoj odlučuje naručitelj.

20.) Sustavi se izvode isključivo pomoću komponenata koje su predviđene od strane proizvođača sustava.

21.) Svi materijali, građevinski elementi i uređaji koji neposredno utječu na izgled i funkcionalnost prije ugradnje se trebaju provjeriti. Ugrađuju se tek nakon što naručitelj ili ovlaštena osoba odobri ugradnju na gradilištu. O vrsti i obliku uzorka odlučuje naručitelj.

22.) Ako nije drukčije propisano, izmjene postojećih projektnih rješenja od strane ponuditelja/izvođača a koje utječu na mehaničku stabilnost, ponuditelj/izvođač je dužan u svom trošku ishoditi sve suglasnosti, dozvole i sl.
Projekt izvedenog stanja ukalkulirati u jedničnu cijenu te dostaviti Kauflandu u pisanom i digitalnom obliku.

23.) Svi radovi na objektu te primjenjeni sistemi gradnje moraju biti izvedeni prema pravilu struke, odnosnu u granicama dopuštenih tolerancija.

24.) Ukoliko je ugovoreni termin izvršenja objekta uključen i zimski odnosno ljetni period, to se neće posebno izvođaču priznavati na ime naknade za rad pri niskoj temperaturi, zaštita konstrukcija od hladnoće i vrućine, te atmosferskih nepogoda, sve mora biti uključeno u jediničnu cijenu. Za vrijeme zime objekat se mora zaštititi. Svi eventualni smrznuti dijelovi moraju se ukloniti i izvesti ponovo bez bilo kakve naplate. Ukoliko je temperatura niža od temperature pri kojoj je dozvoljen dotični rad, a Investitor ipak traži da se radi, Izvođač si ima pravo zaračunati naknadu po normi 6,006 ali u tom slučaju Izvođač snosi punu odgovornost za ispravnost i kvalitetu rada. To isto vrijedi i za zaštitu radova tokom ljeta od prebrzog sušenja uslijed visoke temperature.

25.) U jediničnu cijenu rada izvođač treba obuhvatiti i slijedeće radove, koji se neće zasebno platiti kao naknadni rad, čak i ako nisu izričito navedenei u troškovniku:
- sve vrste transporta građevinskih materijala, elemenata, uređaja, objekata itd. do mjesta ugradnje
- potrebne i uobičajene pripreme i predobrade tla
- sve vrste bušenja, zavarivanja, lijepljenja, malih dijelova, sredstava za pričvršćivanje, međupoložaja, izolacije, brtvljenja, folija, spojeva itd. koje su potrebne za priključak, montažu i pričvršćivanje građevinskih dijelova i elemenata
- stručna priprema i priključak na sve okolne dijelove, ugradbene i nadgradne elemente i propuste
- sve izrade kutova, spojnih površina i elemenata, završnih elemenata, slobodnih krajeva itd.
- sve podloge za montažu, priključak i pričvršćivanje kao što su beton, zidani elementi, čelik, aluminij, limovi, gips karton, itd.
- potrebne spojne, kose i okrugle rezove te ostatke rezanja
- Izrada otvora i proreza za instalacije i ugradbene elemente drugih izvođača
- interno povezivanje kablovima i priključak objekata, dovod prema električnim trošilima na gradilištu od strane elektro izvođača",,,,,,,
,,"Opseg usluga, znakovi/oznake","U sljedećim pozicijama potrebno je uzeti u obzir i uračunati sljedeće usluge, čak i ako nisu izričito navedene:
- Mjerenje i niveliranje usluga od zadanih mjernih točaka odnosno osi
- zaštita površina koja se ne premazuju bojanjem
- korištenje usisnih uređaja kod radova brušenja
- sve potrebne spojne ploče, varovi, mali dijelovi i ostali pričvrsni elementi koji su potrebni za spajanje i pričvršćenje čeličnih elemenata
- svi spojni elementi su pocinčani
- kontrola kvalitete zaštite od korozije čeličnih elemenata provodi se prema OTU.
- izvedba radova, obračun radova i kontrola kvalitete prema OTU 9-01.
- obračunato po komadu potpuno završenog prometnog znaka do potpune pogonske gotovosti",,,,,,,
705.010,,Vertikalna signalizacija,,,,,0,,,
705.010.00100,,"- Prometni znakovi izričitih naredbi i znakovi opasnosti, postava na stupu - 1 znak na stupu","Dobava i postava prometnih znakova izričitih naredbi i znakova opasnosti, različitog sadržaja i dimenzija u reflektirajučoj tehnici za postavu na terenu, u svemu prema projeku prometne opreme i Pravilniku o prometnim znakovima, opremi i signalizaciji na cestama. Prometni znakovi rade se od aluminijskog lima, uokvireno, na koji se stavlja reflektirajuća folija “High Intesity”, a pričvršćuje se na stup pomoću obujmice i dva zavrtnja. Stupovi prometnih znakova postavljaju se u betonske temelje kvalitete C 25/30, vel. 40x40x60 cm ili se pričvršćuju za krunu AB zida. Visina stupa do donjeg ruba znaka je 2,10 m.
Postavljanje prometnih znakova obračunava se po komadu postavljenog znaka zajedno sa stupom i temeljem. U cijenu ulazi izrada i bojenje znakova i stupova, lijepljenje folije, iskop i betoniranje temelja, učvršćenje znakova i stupova, prijevoz znakova i drugog materijala te drugi poslovi vezani uz postavljanje prometnih znakova.",11,kpl,,,,0,
705.010.00105,,"- Prometni znakovi obavijesti, postava na stupu - 1 znak na stupu","Dobava i postava prometnih znakova obavijesti različitog sadržaja i dimenzija u reflektirajučoj tehnici za postavu na terenu, u svemu prema projeku prometne opreme i Pravilniku o prometnim znakovima, opremi i signalizaciji na cestama. Prometni znakovi rade se od aluminijskog lima, uokvireno, na koji se stavlja reflektirajuća folija “High Intesity”, a pričvršćuje se na stup pomoću obujmice i dva zavrtnja. Stupovi prometnih znakova postavljaju se u betonske temelje kvalitete C 25/30, vel. 40x40x60 cm ili se pričvršćuju za krunu AB zida. Visina stupa do donjeg ruba znaka je 2,10 m.
Postavljanje prometnih znakova obračunava se po komadu postavljenog znaka zajedno sa stupom i temeljem. U cijenu ulazi izrada i bojenje znakova i stupova, lijepljenje folije, iskop i betoniranje temelja, učvršćenje znakova i stupova, prijevoz znakova i drugog materijala te drugi poslovi vezani uz postavljanje prometnih znakova.",6,kpl,,,,0,
705.010.00110,,"- Prometni znakovi obavijesti, postava na stupu - 2 znaka na stupu","Dobava i postava prometnih znakova obavijesti različitog sadržaja i dimenzija u reflektirajučoj tehnici za postavu na terenu, u svemu prema projeku prometne opreme i Pravilniku o prometnim znakovima, opremi i signalizaciji na cestama. Prometni znakovi rade se od aluminijskog lima, uokvireno, na koji se stavlja reflektirajuća folija “High Intesity”, a pričvršćuje se na stup pomoću obujmice i dva zavrtnja. Stupovi prometnih znakova postavljaju se u betonske temelje kvalitete C 25/30, vel. 40x40x60 cm ili se pričvršćuju za krunu AB zida. Visina stupa do donjeg ruba znaka je 2,10 m.
Postavljanje prometnih znakova obračunava se po komadu postavljenog znaka zajedno sa stupom i temeljem. U cijenu ulazi izrada i bojenje znakova i stupova, lijepljenje folije, iskop i betoniranje temelja, učvršćenje znakova i stupova, prijevoz znakova i drugog materijala te drugi poslovi vezani uz postavljanje prometnih znakova.",3,kpl,,,,0,
705.010.00115,,"- Prometni znakovi, dopunske table","Dobava i postava prometnih dopunskih tabli različitog sadržaja i dimenzija u reflektirajučoj tehnici za postavu na terenu, u svemu prema projeku prometne opreme i Pravilniku o prometnim znakovima, opremi i signalizaciji na cestama. Dopunske table rade se od aluminijskog lima, uokvireno, na koji se stavlja reflektirajuća folija “High Intesity”, a pričvršćuje se na stup pomoću obujmice i dva zavrtnja.",5,kom,,,,0,
705.020,,Horizontalna signalizacija,,,,,0,,,
705.020.00100,,"- označavanje područja hladnom plastikom, puna crta","Izrada horizontalne signalizacije hladnom plastikom klase V, debljina sloja 2mm, boja bijela, položena oznaka. Prije izrade potrebno odraditi čišćenje i iskolčenje površina za označavanje. Pokrovne fuge zaštititi prikladnim ljepljivim trakama, tako da ih se ne premazuje previše. Izrada označavanja sa ravnim rubovim korištenjem šablona. Ovaj rad obuhvaća postavljanje oznaka za regulaciju prometa na kolniku, a izvodi se prema projektu prometne opreme, Pravilniku o prometnim znakovima, opremi i signalizaciji na cestama i OTU. Izvođač je dužan prije početka radov na izradi horizontalne signalizacije dostaviti nadzornom inženjeru na uvid prethodna ispitivanja (ateste) o pogodnosti materijala za ove radove. Izrada radova, obračun radova i kontrola kvalitete prema OTU t. 9-02.

Izvedba: H01 - puna crta d=12cm
Podloga: asfalt",629.21,m,,,,0,
705.020.00105,,"- označavanje područja hladnom plastikom, isprekidana crta","Usluga prema gornjem opisu, ali izvedba oznake H03 - isprekidanea crta d=12cm, dužine punog/praznog polja 1m",473,m,,,,0,
705.020.00110,,"- označavanje područja hladnom plastikom, isprekidana crta zaustavljanja, pješački prijelazi, šrafure, trokuti","Usluga prema gornjem opisu, ali izvedba oznake H15 - isprekidanea crta zaustavljanja d=30cm, pješački prijelazi, šrafure, trokuti, sve prema projektu",122,m2,,,,0,
705.020.00115,,"- označavanje područja hladnom plastikom, strelice","Usluga prema gornjem opisu, ali izvedba oznake H22, H23, H24, H29, H30 - strelice dužine 1,6m",24,kom,,,,0,
705.020.00120,,"- označavanje područja hladnom plastikom, parkiralište za osobe s invaliditetom","Usluga prema gornjem opisu, ali izvedba oznake H57-1 - obilježavanje mjesta za parkiranje osoba s invaliditetom",9,kom,,,,0,
705.020.00125,,"- označavanje područja hladnom plastikom, piktogram osobe s invaliditetom","Usluga prema gornjem opisu, ali izvedba piktograma osobe s invaliditetom dim 80/80cm.",9,kom,,,,0,
705.020.00130,,"- označavanje područja hladnom plastikom, piktogram e-punionica","Usluga prema gornjem opisu, ali izvedba piktograma stanice za punjenje električnog vozila dim 80/80cm.",2,kom,,,,0,
705.030,,Ostali,,,,,0,,,
,,,,,,,,,,
,,,,,,,,,,
,,,,,,,,,,
,,,,,,,,,,
,,,,,,,,,,
,,,,,,,,,,
,,,,,,,,,,
,,,,,,,,,,
,,,,,,,,,,
,,,,,,,,,,
,,,,,,,,,,
,,,,,,,,,,
,,,,,,,,,,
,,,,,,,,,,
,,,,,,,,,,
,,,,,,,,,,
,,,,,,,,,,
,,,,,,,,,,
,,,,,,,,,,
,,,,,,,,,,
,,,,,,,,,,
,,,,,,,,,,
,,,,,,,,,,
,,,,,,,,,,
,,,,,,,,,,
,,,,,,,,,,
,,,,,,,,,,
,,,,,,,,,,
,,,,,,,,,,
,,,,,,,,,,
,,,,,,,,,,
,,,,,,,,,,
,,,,,,,,,,
,,,,,,,,,,
,,,,,,,,,,
,,,,,,,,,,
,,,,,,,,,,
,,,,,,,,,,
,,,,,,,,,,
,,,,,,,,,,
,,,,,,,,,,
,,,,,,,,,,
,,,,,,,,,,
,,,,,,,,,,
,,,,,,,,,,
,,,,,,,,,,
,,,,,,,,,,
,,,,,,,,,,
,,,,,,,,,,
,,,,,,,,,,
,,,,,,,,,,
,,,,,,,,,,
,,,,,,,,,,
,,,,,,,,,,
,,,,,,,,,,
,,,,,,,,,,
,,,,,,,,,,
,,Napomene:,,,,,,,,
-,,"Obračun radova ""ključ u ruke"" za ponuđene stavke troškovnika",,,,,,,,
-,,U cijene nije uključen PDV. Vrši se prijenos porezne obveze.,,,,,,,,
-,,U cijene nisu uključeni troškovi gradilišta i iste osigurava Naručitelj bez naplate.,,,,,,,,
,,,,,,,IZO-ING d.o.o.,,,
,,,,,,,Mario Štefičar d.i.g.,,,
